gsis_id,otc_id,player,position,team,year_signed,years,fine_contratto,value,apy,guaranteed,apy_cap_pct,cap_hit_stagione,cap_pct_stagione,dead_money_taglio,risparmio_taglio
00-0033873,5594,Patrick Mahomes,QB,Chiefs,2026,7.0,2032.0,448.0,64.0,95.55,0.212,34.653888,0.115,217.42578,-182.771892
00-0026498,1060,Matt Stafford,QB,Rams,2026,1.0,2026.0,55.0,55.0,90.0,0.183,48.266668,0.154,131.866668,-83.6
00-0034855,6886,Baker Mayfield,QB,Buccaneers,2026,3.0,2028.0,165.0,55.0,70.0,0.183,34.015,0.107,129.125,-95.11
00-0039108,10827,Will Anderson Jr.,ED,Texans,2026,3.0,2028.0,150.0,50.0,100.063749,0.166,13.19733,0.043,105.716079,-92.518749
00-0035710,7797,Daniel Jones,QB,Colts,2026,2.0,2027.0,88.0,44.0,49.49,0.146,19.18,0.063,49.49,-30.310000000000002
00-0038543,10844,Jaxon Smith-Njigba,WR,Seahawks,2026,4.0,2029.0,168.6,42.15,69.130996,0.14,10.371329,0.033,71.002325,-60.630995999999996
00-0031565,3936,Danielle Hunter,ED,Texans,2026,1.0,2026.0,40.1,40.1,39.6,0.133,16.14,0.052000000000000005,90.8,-74.66
00-0038386,10833,Jalen Carter,IDL,Eagles,2026,4.0,2029.0,152.0,38.0,40.85057,0.126,9.209761,0.028999999999999998,44.065331,-34.85557
00-0035718,7794,Quinnen Williams,IDL,Cowboys,2026,3.0,2028.0,105.9,35.3,63.35,0.11699999999999999,8.552353,0.026000000000000002,63.35,-54.797647
00-0035643,7810,Jeffery Simmons,IDL,Titans,2026,3.0,2028.0,105.828,35.276,60.2,0.11699999999999999,22.060843,0.064,70.221686,-48.16084300000001
00-0037238,10053,Drake London,WR,Falcons,2026,4.0,2029.0,141.054,35.2635,52.871,0.11699999999999999,7.9962,0.026000000000000002,53.121,-45.1248
00-0039064,10846,Zay Flowers,WR,Ravens,2026,4.0,2029.0,140.0,35.0,54.0,0.11599999999999999,7.91808,0.025,55.80208,-47.884
00-0039147,10841,Christian Gonzalez,CB,Patriots,2026,4.0,2029.0,135.0,33.75,53.928482,0.11199999999999999,11.405458,0.032,56.044458,-44.638999999999996
00-0039169,10829,Devon Witherspoon,CB,Seahawks,2026,4.0,2029.0,132.0,33.0,59.005702,0.11,15.337639,0.049,60.348937,-45.011298
00-0034856,6889,Denzel Ward,CB,Browns,2026,2.0,2027.0,62.2,31.1,39.8,0.10300000000000001,19.048412,0.055999999999999994,71.9562,-52.907788
00-0037239,10056,Chris Olave,WR,Saints,2026,4.0,2029.0,124.0,31.0,52.653,0.10300000000000001,9.573,0.03,52.653,-43.08
00-0037191,10066,Trent McDuffie,CB,Rams,2026,4.0,2029.0,124.0,31.0,50.0,0.10300000000000001,10.8,0.034,50.0,-39.2
00-0032380,4726,Laremy Tunsil,LT,Commanders,2026,2.0,2027.0,60.2,30.1,52.665,0.1,11.905,0.036000000000000004,74.555,-62.650000000000006
00-0036554,9553,Nico Collins,WR,Texans,2026,2.0,2027.0,60.0,30.0,57.0,0.1,14.939529,0.048,75.364,-60.424471000000004
00-0034773,6897,Vita Vea,IDL,Buccaneers,2026,1.0,2026.0,30.0,30.0,46.0,0.1,10.834462,0.034,52.478462,-41.644
00-0031933,3854,Leonard Williams,IDL,Seahawks,2026,3.0,2028.0,90.0,30.0,54.0,0.1,22.03625,0.07,59.73875,-37.7025
00-0036224,8830,Jonathan Greenard,ED,Eagles,2026,2.0,2027.0,60.0,30.0,50.0,0.1,6.278,0.02,50.0,-43.722
00-0036934,9482,Jaelan Phillips,ED,Panthers,2026,4.0,2029.0,120.0,30.0,60.0,0.1,9.99,0.032,60.0,-50.01
00-0038932,10834,Darnell Wright,RT,Bears,2026,4.0,2029.0,116.0,29.0,42.181309,0.096,10.486122,0.034,42.777813,-32.291691
00-0037664,10098,Alec Pierce,WR,Colts,2026,4.0,2029.0,114.0,28.5,60.0,0.095,9.2,0.03,60.0,-50.8
00-0035683,7808,Dexter Lawrence,IDL,Bengals,2026,1.0,2026.0,28.0,28.0,10.0,0.09300000000000001,15.333333,0.048,10.0,5.333333
00-0033935,5689,Trey Hendrickson,ED,Ravens,2026,4.0,2029.0,112.0,28.0,60.0,0.09300000000000001,15.0,0.048,60.0,-45.0
00-0037235,10046,Travon Walker,ED,Jaguars,2026,4.0,2029.0,110.0,27.5,50.0,0.091,6.783765,0.022000000000000002,50.657,-43.873234999999994
00-0037247,10097,George Pickens,WR,Cowboys,2026,1.0,2026.0,27.298,27.298,27.298,0.091,27.298,0.08199999999999999,27.298,0.0
00-0037825,10070,Tyler Linderbaum,C,Raiders,2026,3.0,2028.0,81.0,27.0,60.0,0.09,14.0,0.045,53.0,-39.0
00-0037821,10054,Charles Cross,LT,Seahawks,2026,4.0,2029.0,104.4,26.1,43.06,0.087,10.88,0.035,28.06,-17.18
00-0037073,10058,Jordan Davis,IDL,Eagles,2026,3.0,2028.0,78.0,26.0,38.938,0.086,5.072,0.016,38.938,-33.866
00-0034790,6902,Derwin James,S,Chargers,2026,3.0,2028.0,75.6,25.2,41.0,0.084,24.606495,0.081,51.106495,-26.500000000000004
00-0038559,10918,Michael Wilson,WR,Cardinals,2026,3.0,2028.0,75.0,25.0,35.0,0.083,6.205811,0.019,35.220811,-29.014999999999997
00-0027857,1466,Trent Williams,LT,49ers,2026,2.0,2027.0,50.0,25.0,37.0,0.083,20.012845,0.059000000000000004,82.57079,-62.557945000000004
00-0039034,10835,Peter Skoronski,LG,Titans,2026,4.0,2029.0,100.0,25.0,40.712274,0.083,13.226967,0.039,43.539241,-30.312273999999995
00-0038577,10956,Nick Herbig,LB,Steelers,2026,4.0,2029.0,100.0,25.0,21.0,0.083,5.427431,0.017,21.168231,-15.740799999999998
00-0034158,6947,Brian O'Neill,RT,Vikings,2026,4.0,2029.0,96.0,24.0,43.38,0.08,14.643892,0.047,47.083892,-32.44
00-0036940,9495,Odafe Oweh,ED,Commanders,2026,4.0,2029.0,96.0,24.0,50.6,0.08,9.2,0.027999999999999997,50.6,-41.400000000000006
00-0039048,10862,Matthew Bergeron,LG,Falcons,2026,4.0,2029.0,94.0,23.5,28.924,0.078,5.033251,0.017,29.806451,-24.7732
00-0038124,10079,Christian Watson,WR,Packers,2026,4.0,2029.0,92.0,23.0,31.0,0.076,10.519297,0.033,35.853664,-25.334367
00-0038128,10131,Malik Willis,QB,Dolphins,2026,3.0,2028.0,67.5,22.5,45.0,0.075,5.672,0.018000000000000002,45.0,-39.328
00-0023459,1085,Aaron Rodgers,QB,Steelers,2026,1.0,2026.0,22.5,22.5,22.0,0.075,22.5,0.07,22.0,0.5
00-0039139,10836,Jahmyr Gibbs,RB,Lions,2026,3.0,2028.0,67.5,22.5,37.726429,0.075,8.677999,0.027000000000000003,40.220999,-31.543
00-0035234,7814,Tytus Howard,RT,Browns,2026,2.0,2027.0,45.0,22.5,34.5,0.075,5.981176,0.018000000000000002,34.5,-28.518824000000002
00-0038542,10832,Bijan Robinson,RB,Falcons,2026,3.0,2028.0,66.75,22.25,37.567348,0.07400000000000001,10.03681,0.033,41.05981,-31.023
00-0036223,8781,Jonathan Taylor,RB,Colts,2026,2.0,2027.0,44.0,22.0,23.0,0.073,16.187,0.053,25.562,-9.375
00-0034805,7020,John Franklin-Myers,ED,Titans,2026,3.0,2028.0,63.0,21.0,42.0,0.07,14.958,0.044000000000000004,42.0,-27.042
00-0039018,10842,Jack Campbell,LB,Lions,2026,4.0,2029.0,81.0,20.25,23.007549,0.067,4.794239,0.015,24.934275,-20.140036
00-0031388,2952,Aaron Donald,IDL,Rams,2026,1.0,2026.0,20.0,20.0,10.0,0.066,5.826,0.019,32.405,-26.579
00-0038133,10085,Boye Mafe,ED,Bengals,2026,3.0,2028.0,60.0,20.0,19.0,0.066,17.0,0.054000000000000006,15.0,2.0
00-0039070,10877,Gervon Dexter,IDL,Falcons,2026,4.0,2029.0,78.0,19.5,21.32656,0.065,1.591872,0.005,0.0,1.591872
00-0038121,10094,Alontae Taylor,CB,Titans,2026,3.0,2028.0,58.0,19.333333,42.0,0.064,14.0,0.040999999999999995,42.0,-28.0
00-0038548,10883,O'Cyrus Torrence,RG,Bills,2026,4.0,2029.0,76.4,19.1,25.755,0.063,3.364087,0.011000000000000001,26.136087,-22.772
00-0038996,10902,Tucker Kraft,TE,Packers,2026,4.0,2029.0,75.0,18.75,26.5,0.062,6.830897,0.022000000000000002,26.756897,-19.926
00-0037075,10073,Devonte Wyatt,IDL,Packers,2026,3.0,2028.0,54.9,18.3,22.223,0.061,8.438,0.027000000000000003,20.0,-11.562
00-0027969,1585,Cameron Heyward,IDL,Steelers,2026,1.0,2026.0,18.0,18.0,16.25,0.06,13.675,0.043,21.15,-7.474999999999998
00-0039110,10873,Keeanu Benton,IDL,Steelers,2026,4.0,2029.0,72.0,18.0,14.0,0.06,4.299295,0.013000000000000001,14.583295,-10.283999999999999
00-0031040,2944,Khalil Mack,ED,Chargers,2026,1.0,2026.0,18.0,18.0,18.0,0.06,18.0,0.059000000000000004,18.0,0.0
00-0035166,8212,Azeez Al-Shaair,LB,Texans,2026,3.0,2028.0,54.0,18.0,38.75,0.06,8.786588,0.027999999999999997,51.614,-42.827411999999995
00-0036970,9468,Kyle Pitts,TE,Falcons,2026,3.0,2028.0,53.0,17.666667,36.0,0.059000000000000004,4.622,0.015,36.0,-31.378
00-0034837,6911,Calvin Ridley,WR,Titans,2026,2.0,2027.0,35.25,17.625,12.49,0.059000000000000004,15.2,0.044000000000000004,22.49,-7.289999999999999
00-0036252,8774,"Michael Pittman, Jr.",WR,Steelers,2026,2.0,2027.0,35.0,17.5,24.0,0.057999999999999996,8.866666,0.027999999999999997,24.0,-15.133334
00-0038117,10088,Wan'Dale Robinson,WR,Titans,2026,4.0,2029.0,70.0,17.5,38.0,0.057999999999999996,11.27,0.033,38.0,-26.73
00-0036171,9293,Aaron Brewer,C,Dolphins,2026,3.0,2028.0,52.5,17.5,21.325,0.057999999999999996,5.642,0.018000000000000002,34.165,-28.523
00-0037545,10704,Rashid Shaheed,WR,Seahawks,2026,3.0,2028.0,51.0,17.0,23.0,0.055999999999999994,7.0,0.022000000000000002,23.0,-16.0
00-0037816,10177,Romeo Doubs,WR,Patriots,2026,4.0,2029.0,68.0,17.0,35.0,0.055999999999999994,8.6,0.024,35.0,-26.4
00-0037195,10288,Jaylen Watson,CB,Rams,2026,3.0,2028.0,51.0,17.0,26.5,0.055999999999999994,6.946666,0.022000000000000002,26.5,-19.553334
00-0039146,10874,Jayden Reed,WR,Packers,2026,3.0,2028.0,50.25,16.75,20.0,0.055999999999999994,6.784793,0.022000000000000002,20.555596,-13.770803
00-0037818,10062,Zion Johnson,LG,Browns,2026,3.0,2028.0,49.5,16.5,32.39,0.055,5.145,0.015,32.39,-27.245
00-0036409,8767,Jordyn Brooks,LB,Dolphins,2026,3.0,2028.0,48.05,16.016667,26.5,0.053,6.214166,0.02,34.773667,-28.559501000000004
00-0039040,10908,Devon Achane,RB,Dolphins,2026,4.0,2029.0,64.0,16.0,17.378,0.053,3.154627,0.01,22.238627,-19.084
00-0034752,6968,Orlando Brown Jr.,LT,Bengals,2026,2.0,2027.0,32.0,16.0,14.0,0.053,19.291666,0.061,21.775,-2.4833339999999993
00-0034967,7803,Rashan Gary,ED,Cowboys,2026,2.0,2027.0,32.0,16.0,16.0,0.053,5.7,0.017,16.3,-10.600000000000001
00-0036479,9485,Kwity Paye,ED,Raiders,2026,3.0,2028.0,48.0,16.0,25.738,0.053,9.422666,0.03,25.738,-16.315334
00-0033119,4804,Jacoby Brissett,QB,Cardinals,2026,1.0,2026.0,15.5,15.5,15.5,0.051,10.365,0.032,25.89,-15.525
00-0039145,10867,Joe Tippmann,RG,Jets,2026,4.0,2029.0,62.0,15.5,21.424,0.051,3.793928,0.012,22.193928,-18.4
00-0035668,7960,David Edwards,LG,Saints,2026,4.0,2029.0,61.0,15.25,30.0,0.051,6.3,0.02,30.0,-23.7
00-0039066,10859,Michael Mayer,TE,Raiders,2026,3.0,2028.0,45.0,15.0,22.5,0.05,5.825889,0.019,23.703389,-17.8775
00-0037244,10072,Devin Lloyd,LB,Panthers,2026,3.0,2028.0,45.0,15.0,25.0,0.05,6.773333,0.022000000000000002,25.0,-18.226667
00-0037758,10126,Cordale Flott,CB,Titans,2026,3.0,2028.0,45.0,15.0,32.0,0.05,10.743333,0.031,32.0,-21.256667
00-0036282,8784,Grant Delpit,S,Browns,2026,3.0,2028.0,45.0,15.0,26.47,0.05,9.053,0.027000000000000003,39.43,-30.377
00-0038120,10081,Breece Hall,RB,Jets,2026,3.0,2028.0,43.5,14.5,29.0,0.048,11.48,0.036000000000000004,29.0,-17.52
00-0034832,6890,Bradley Chubb,ED,Bills,2026,3.0,2028.0,43.5,14.5,21.75,0.048,6.5,0.022000000000000002,21.75,-15.25
00-0038134,10086,Kenneth Walker III,RB,Chiefs,2026,3.0,2028.0,43.05,14.35,28.7,0.048,5.683333,0.019,28.7,-23.016666999999998
00-0041562,13145,Fernando Mendoza,QB,Raiders,2026,4.0,2029.0,57.270598,14.31765,57.270598,0.048,,,0.0,
00-0031408,2946,Mike Evans,WR,49ers,2026,3.0,2028.0,42.5,14.166667,14.3,0.047,4.25,0.012,14.3,-10.05
00-0036979,9478,Alijah Vera-Tucker,RG,Patriots,2026,3.0,2028.0,42.0,14.0,21.0,0.046,4.783333,0.013999999999999999,21.0,-16.216667
00-0039047,10861,Derick Hall,ED,Seahawks,2026,3.0,2028.0,42.0,14.0,15.27,0.046,6.247382,0.02,16.177382,-9.930000000000001
00-0041026,13146,David Bailey,ED,Jets,2026,4.0,2029.0,54.674726,13.668682,54.674726,0.045,,,0.0,
00-0037074,10067,Quay Walker,LB,Raiders,2026,3.0,2028.0,40.5,13.5,28.0,0.045,4.838666,0.015,34.035,-29.196333999999997
00-0037193,10107,Bryan Cook,S,Bengals,2026,3.0,2028.0,40.25,13.416667,14.0,0.045,10.666666,0.034,14.0,-3.3333340000000007
00-0037838,10184,Isaiah Likely,TE,Giants,2026,3.0,2028.0,40.0,13.333333,20.5,0.044000000000000004,6.087254,0.02,20.5,-14.412746
00-0038136,10154,Coby Bryant,S,Bears,2026,3.0,2028.0,40.0,13.333333,25.75,0.044000000000000004,5.96,0.019,25.75,-19.79
00-0034789,6896,Minkah Fitzpatrick,S,Jets,2026,3.0,2028.0,40.0,13.333333,20.5,0.044000000000000004,7.411765,0.023,20.0,-12.588235000000001
00-0041027,13147,Jeremiyah Love,RB,Cardinals,2026,4.0,2029.0,53.022816,13.255704,53.022816,0.044000000000000004,,,0.0,
00-0035679,7881,Connor McGovern,C,Bills,2026,4.0,2029.0,52.4,13.1,26.2,0.043,5.25,0.017,26.2,-20.95
00-0033290,5745,Jermaine Eluemunor,RT,Giants,2026,3.0,2028.0,39.0,13.0,25.45,0.043,5.923529,0.02,25.45,-19.526471
00-0041438,13148,Carnell Tate,WR,Titans,2026,4.0,2029.0,51.134912,12.783728,51.134912,0.042,,,0.0,
00-0034383,7022,Dalton Schultz,TE,Texans,2026,1.0,2026.0,12.6,12.6,17.6,0.042,9.549,0.031,27.896,-18.347
00-0038131,10104,Ed Ingram,RG,Texans,2026,3.0,2028.0,37.5,12.5,20.0,0.042,4.617647,0.015,20.0,-15.382353
00-0033523,5601,Jonathan Allen,IDL,Bengals,2026,2.0,2027.0,25.0,12.5,10.5,0.042,9.75,0.031,10.5,-0.75
00-0035699,7885,Jamel Dean,CB,Steelers,2026,3.0,2028.0,36.75,12.25,13.5,0.040999999999999995,5.5,0.017,13.5,-8.0
00-0029606,1779,Harrison Smith,S,Vikings,2026,1.0,2026.0,12.25,12.25,6.95,0.040999999999999995,3.395882,0.011000000000000001,10.479412,-7.08353
00-0035678,7862,Dre'Mont Jones,ED,Patriots,2026,3.0,2028.0,36.5,12.166667,23.28,0.04,7.546666,0.021,23.28,-15.733334000000001
00-0037615,10128,Nakobe Dean,LB,Raiders,2026,3.0,2028.0,36.03,12.01,20.0,0.04,7.966666,0.025,20.0,-12.033334
00-0036973,9489,Travis Etienne,RB,Saints,2026,4.0,2029.0,48.0,12.0,24.0,0.04,5.0,0.016,24.0,-19.0
00-0030506,2216,Travis Kelce,TE,Chiefs,2026,1.0,2026.0,12.0,12.0,12.0,0.04,4.896666,0.016,10.655,-5.758334
00-0038935,10885,Brenton Strange,TE,Jaguars,2026,3.0,2028.0,36.0,12.0,17.0,0.04,3.329639,0.011000000000000001,17.361698,-14.032059
00-0035526,7835,Elgton Jenkins,LG,Browns,2026,2.0,2027.0,24.0,12.0,15.0,0.04,3.769412,0.011000000000000001,15.1,-11.330587999999999
00-0034673,6901,Tremaine Edmunds,LB,Giants,2026,3.0,2028.0,36.0,12.0,23.7,0.04,5.560784,0.019,23.7,-18.139215999999998
00-0037079,10198,Tariq Woolen,CB,Eagles,2026,1.0,2026.0,12.0,12.0,12.0,0.04,3.408,0.011000000000000001,10.74,-7.332000000000001
00-0036349,8956,Kamren Curl,S,Rams,2026,3.0,2028.0,36.0,12.0,18.75,0.04,7.416666,0.024,20.25,-12.833334
00-0041509,13149,Arvell Reese,ED,Giants,2026,4.0,2029.0,47.831062,11.957766,47.831062,0.04,,,0.0,
00-0037291,10236,Jalen Nailor,WR,Raiders,2026,3.0,2028.0,35.03,11.676667,18.0,0.039,4.582,0.015,18.0,-13.418
00-0033109,4802,Javon Hargrave,IDL,Packers,2026,2.0,2027.0,23.0,11.5,10.5,0.038,7.705882,0.025,10.5,-2.794118
00-0036902,9533,Joseph Ossai,ED,Jets,2026,3.0,2028.0,34.5,11.5,22.49,0.038,5.455,0.017,22.49,-17.034999999999997
00-0039491,12030,Jalen Coker,WR,Panthers,2026,3.0,2028.0,34.0,11.333333,12.5,0.038,3.48625,0.011000000000000001,12.5,-9.01375
00-0029604,1443,Kirk Cousins,QB,Raiders,2026,1.0,2026.0,11.3,11.3,11.3,0.038,1.3,0.004,11.3,-10.0
00-0036275,8775,D'Andre Swift,RB,Bears,2026,3.0,2028.0,33.75,11.25,19.19,0.037000000000000005,5.803334,0.019,21.023334,-15.219999999999999
00-0036989,9543,Malcolm Koonce,ED,Raiders,2026,1.0,2026.0,11.01,11.01,10.5,0.037000000000000005,11.01,0.035,10.5,0.5099999999999998
00-0036246,8932,"Jon Runyan, Jr.",LG,Giants,2026,2.0,2027.0,22.0,11.0,19.25,0.037000000000000005,6.965,0.023,21.75,-14.785
00-0037076,10137,Sean Rhyan,C,Packers,2026,3.0,2028.0,33.0,11.0,11.0,0.037000000000000005,6.666666,0.021,11.0,-4.333334
00-0036036,9345,Terence Steele,RT,Cowboys,2026,3.0,2028.0,33.0,11.0,10.5,0.037000000000000005,8.725,0.026000000000000002,31.375,-22.65
00-0036286,8760,K'Lavon Chaisson,ED,Commanders,2026,1.0,2026.0,11.0,11.0,10.3,0.037000000000000005,11.47,0.035,10.3,1.17
00-0029607,984,Demario Davis,LB,Jets,2026,2.0,2027.0,22.0,11.0,15.0,0.037000000000000005,5.0,0.015,15.0,-10.0
00-0035316,8035,Kaden Elliss,LB,Saints,2026,3.0,2028.0,33.0,11.0,23.0,0.037000000000000005,5.3,0.017,23.0,-17.7
00-0035705,8610,Jalen Thompson,S,Cowboys,2026,3.0,2028.0,33.0,11.0,22.0,0.037000000000000005,4.622353,0.013999999999999999,22.0,-17.377647
00-0037313,10267,Montaric Brown,CB,Jaguars,2026,3.0,2028.0,31.8,10.6,20.65,0.035,3.926471,0.013000000000000001,20.65,-16.723529
00-0038558,10917,Darnell Washington,TE,Steelers,2026,4.0,2029.0,42.0,10.5,11.25,0.035,3.473438,0.011000000000000001,11.473438,-8.0
00-0032954,4792,Isaac Seumalo,LG,Cardinals,2026,3.0,2028.0,31.5,10.5,15.0,0.035,6.853333,0.021,15.0,-8.146667
00-0033051,4833,David Onyemata,IDL,Jets,2026,1.0,2026.0,10.5,10.5,9.65,0.035,4.5,0.013999999999999999,9.65,-5.15
00-0041543,13150,Mansoor Delane,CB,Chiefs,2026,4.0,2029.0,41.931362,10.482841,41.931362,0.035,,,0.0,
00-0038393,10983,Dontayvion Wicks,WR,Eagles,2026,1.0,2026.0,10.25,10.25,9.0,0.034,2.316,0.006999999999999999,9.0,-6.684
00-0035229,7799,T.J. Hockenson,TE,Vikings,2026,1.0,2026.0,10.25,10.25,10.15,0.034,15.605,0.05,22.615,-7.009999999999998
00-0038129,10151,Cade Otton,TE,Buccaneers,2026,3.0,2028.0,30.0,10.0,20.0,0.033,4.143333,0.013000000000000001,20.0,-15.856667
00-0036369,8849,John Simpson,LG,Ravens,2026,3.0,2028.0,30.0,10.0,17.5,0.033,5.0,0.016,17.5,-12.5
00-0036376,8886,Tyler Biadasz,C,Chargers,2026,3.0,2028.0,30.0,10.0,15.0,0.033,4.25,0.013999999999999999,15.0,-10.75
00-0036198,8922,Michael Onwenu,RG,Patriots,2026,1.0,2026.0,10.0,10.0,8.95,0.033,17.5,0.05,16.45,1.0500000000000007
00-0035258,7909,Hjalte Froholdt,RG,Cardinals,2026,2.0,2027.0,20.0,10.0,13.5,0.033,7.938334,0.024,15.333334,-7.3950000000000005
00-0034836,6922,Braden Smith,RT,Texans,2026,2.0,2027.0,20.0,10.0,13.5,0.033,5.007353,0.016,13.5,-8.492647
00-0036181,9303,Teair Tart,IDL,Chargers,2026,3.0,2028.0,30.0,10.0,15.0,0.033,6.02,0.02,15.0,-8.98
00-0032889,4759,A'Shawn Robinson,IDL,Buccaneers,2026,1.0,2026.0,10.0,10.0,9.15,0.033,10.0,0.032,9.15,0.8499999999999996
00-0035525,7801,Devin Bush,LB,Bears,2026,3.0,2028.0,30.0,10.0,21.0,0.033,5.666666,0.018000000000000002,21.0,-15.333334
00-0036901,9493,Eric Stokes,CB,Raiders,2026,3.0,2028.0,30.0,10.0,20.0,0.033,6.68,0.021,20.0,-13.32
00-0041028,13151,Sonny Styles,LB,Commanders,2026,4.0,2029.0,37.211592,9.302898,37.211592,0.031,,,0.0,
00-0034431,7120,Zaire Franklin,LB,Packers,2026,2.0,2027.0,18.01,9.005,3.75,0.03,7.13,0.023,3.75,3.38
00-0037809,10188,Chigoziem Okonkwo,TE,Commanders,2026,3.0,2028.0,27.0,9.0,16.7,0.03,5.333333,0.016,16.7,-11.366667
00-0034163,7071,Jacob Martin,ED,Titans,2026,1.0,2026.0,9.0,9.0,4.5,0.03,3.5,0.01,4.5,-1.0
00-0037083,10224,Kingsley Enagbare,ED,Jets,2026,1.0,2026.0,9.0,9.0,8.49,0.03,5.0,0.015,8.49,-3.49
00-0032759,4725,Sheldon Rankins,IDL,Texans,2026,2.0,2027.0,17.0,8.5,12.0,0.027999999999999997,3.4,0.011000000000000001,12.0,-8.6
00-0033914,5662,Alex Anzalone,LB,Buccaneers,2026,2.0,2027.0,17.0,8.5,12.0,0.027999999999999997,9.0,0.027999999999999997,12.0,-3.0
00-0037297,10244,Cade Mays,C,Lions,2026,3.0,2028.0,25.0,8.333333,14.0,0.027999999999999997,2.771,0.009000000000000001,14.0,-11.229
00-0035685,7864,David Montgomery,RB,Texans,2026,2.0,2027.0,16.5,8.25,1.0,0.027000000000000003,3.3,0.011000000000000001,10.0,-6.7
00-0037819,10148,Leo Chenal,LB,Commanders,2026,3.0,2028.0,24.75,8.25,12.4,0.027000000000000003,4.326666,0.013000000000000001,12.4,-8.073334
00-0037130,10500,Reed Blankenship,S,Texans,2026,3.0,2028.0,24.75,8.25,16.5,0.027000000000000003,4.166666,0.013000000000000001,16.5,-12.333334
00-0041029,13152,Jordyn Tyson,WR,Saints,2026,4.0,2029.0,32.491822,8.122956,32.491822,0.027000000000000003,,,0.0,
00-0038046,10173,Charlie Kolar,TE,Chargers,2026,3.0,2028.0,24.3,8.1,17.0,0.027000000000000003,4.333333,0.013999999999999999,17.0,-12.666667
00-0041030,13153,Spencer Fano,LT,Browns,2026,4.0,2029.0,32.255828,8.063957,32.255828,0.027000000000000003,,,0.0,
00-0036997,9499,Javonte Williams,RB,Cowboys,2026,3.0,2028.0,24.0,8.0,16.0,0.027000000000000003,3.891176,0.012,16.0,-12.108824
00-0036158,8795,J.K. Dobbins,RB,Broncos,2026,2.0,2027.0,16.0,8.0,0.0,0.027000000000000003,6.0,0.02,8.0,-2.0
00-0031588,3994,Stefon Diggs,WR,Commanders,2026,1.0,2026.0,8.0,8.0,7.15,0.027000000000000003,8.0,0.024,7.15,0.8499999999999996
00-0036259,8957,Jauan Jennings,WR,Vikings,2026,1.0,2026.0,8.0,8.0,6.13,0.027000000000000003,9.53,0.03,6.13,3.3999999999999995
00-0033090,4748,Hunter Henry,TE,Patriots,2026,2.0,2027.0,16.0,8.0,14.5,0.027000000000000003,13.6,0.039,17.0,-3.4000000000000004
00-0034399,7051,Wyatt Teller,LG,Texans,2026,2.0,2027.0,16.0,8.0,8.5,0.027000000000000003,3.569853,0.012,8.5,-4.930147
00-0037255,10135,Dylan Parham,LG,Jets,2026,2.0,2027.0,16.0,8.0,7.49,0.027000000000000003,3.97,0.012,7.49,-3.52
00-0034397,7048,Tim Settle,IDL,Commanders,2026,3.0,2028.0,24.0,8.0,7.3,0.027000000000000003,3.9,0.012,7.3,-3.4
00-0034825,6972,Arden Key,ED,Colts,2026,2.0,2027.0,16.0,8.0,11.0,0.027000000000000003,6.75,0.022000000000000002,11.0,-4.25
00-0038599,10991,Henry To'oTo'o,LB,Texans,2026,2.0,2027.0,16.0,8.0,12.424,0.027000000000000003,3.485245,0.011000000000000001,12.485245,-9.0
00-0037137,10312,Josh Jobe,CB,Seahawks,2026,3.0,2028.0,24.0,8.0,9.5,0.027000000000000003,4.803333,0.015,9.5,-4.696667
00-0036996,9490,Greg Newsome II,CB,Giants,2026,1.0,2026.0,8.0,8.0,3.0,0.027000000000000003,8.0,0.027000000000000003,3.0,5.0
00-0036380,8926,Alohi Gilman,S,Chiefs,2026,3.0,2028.0,24.0,8.0,15.0,0.027000000000000003,3.5,0.012,15.0,-11.5
00-0041505,13154,Francis Mauigoa,RG,Giants,2026,4.0,2029.0,30.957894,7.739474,30.957894,0.026000000000000002,,,0.0,
00-0036375,8879,Amik Robertson,CB,Commanders,2026,2.0,2027.0,15.02,7.51,7.35,0.025,5.01,0.015,7.35,-2.34
00-0037741,10061,Jahan Dotson,WR,Falcons,2026,2.0,2027.0,15.0,7.5,10.0,0.025,5.0,0.016,10.0,-5.0
00-0027962,1481,Cameron Jordan,ED,Saints,2026,1.0,2026.0,7.5,7.5,7.0,0.025,2.58,0.008,7.5,-4.92
00-0031898,4507,Alex Singleton,LB,Broncos,2026,2.0,2027.0,15.0,7.5,11.0,0.025,5.97,0.02,11.0,-5.03
00-0033336,5904,Eric Wilson,LB,Vikings,2026,3.0,2028.0,22.5,7.5,12.5,0.025,4.083333,0.013000000000000001,12.5,-8.416667
00-0040865,13155,Caleb Downs,S,Cowboys,2026,4.0,2029.0,28.951992,7.237998,28.951992,0.024,,,0.0,
00-0032268,3850,Marcus Mariota,QB,Commanders,2026,1.0,2026.0,7.0,7.0,6.39,0.023,7.34,0.022000000000000002,6.39,0.9500000000000002
00-0036919,9614,Kenneth Gainwell,RB,Buccaneers,2026,2.0,2027.0,14.0,7.0,9.83,0.023,7.0,0.022000000000000002,9.83,-2.83
00-0034351,6934,Dallas Goedert,TE,Eagles,2026,1.0,2026.0,7.0,7.0,7.0,0.023,10.23088,0.032,28.44864,-18.21776
00-0038115,10157,Daniel Bellinger,TE,Titans,2026,3.0,2028.0,21.0,7.0,14.01,0.023,5.136666,0.015,14.01,-8.873334
00-0036248,8758,Austin Jackson,RT,Dolphins,2026,1.0,2026.0,7.0,7.0,5.475,0.023,6.666313,0.022000000000000002,20.740342,-14.074029
00-0036909,9714,Khyiris Tonga,IDL,Chiefs,2026,3.0,2028.0,21.0,7.0,14.0,0.023,3.266666,0.011000000000000001,14.0,-10.733334
00-0033132,4777,Kevin Byard,S,Patriots,2026,1.0,2026.0,7.0,7.0,6.17,0.023,9.0,0.026000000000000002,6.17,2.83
00-0037692,11576,Brandon Aubrey,K,Cowboys,2026,4.0,2029.0,28.0,7.0,15.0,0.023,3.4,0.01,15.0,-11.6
00-0031136,3378,Chris Boswell,K,Steelers,2026,4.0,2029.0,28.0,7.0,10.5,0.023,4.9,0.015,12.1,-7.199999999999999
00-0038127,10078,Logan Hall,IDL,Texans,2026,2.0,2027.0,13.75,6.875,9.0,0.023,4.625,0.015,9.0,-4.375
00-0035689,7887,Dawson Knox,TE,Bills,2026,3.0,2028.0,20.0,6.666667,10.0,0.022000000000000002,8.551333,0.027999999999999997,17.404,-8.852667
00-0032726,5265,Ka'imi Fairbairn,K,Texans,2026,2.0,2027.0,13.28,6.64,11.66,0.022000000000000002,5.78811,0.019,16.27311,-10.485
00-0041521,13156,Kadyn Proctor,LG,Dolphins,2026,4.0,2029.0,26.120116,6.530029,26.120116,0.022000000000000002,,,0.0,
00-0031503,3849,Jameis Winston,QB,Giants,2026,2.0,2027.0,13.0,6.5,12.24,0.022000000000000002,3.516666,0.012,13.24,-9.723334000000001
00-0038103,10074,Cole Strange,LG,Chargers,2026,2.0,2027.0,13.0,6.5,7.0,0.022000000000000002,5.25,0.017,7.0,-1.75
00-0033546,5641,Dalvin Tomlinson,IDL,Chargers,2026,1.0,2026.0,6.5,6.5,5.69,0.022000000000000002,6.8,0.022000000000000002,5.69,1.1099999999999994
00-0035680,7889,Quincy Williams,LB,Browns,2026,2.0,2027.0,13.0,6.5,9.0,0.022000000000000002,2.628,0.008,9.0,-6.372
00-0037616,10141,Nick Cross,S,Commanders,2026,2.0,2027.0,13.0,6.5,6.05,0.022000000000000002,5.25,0.016,6.05,-0.7999999999999998
00-0041568,13157,Ty Simpson,QB,Rams,2026,4.0,2029.0,25.412156,6.353039,25.412156,0.021,,,0.0,
00-0032424,4879,D.J. Reader,IDL,Giants,2026,2.0,2027.0,12.5,6.25,5.25,0.021,4.5,0.015,5.25,-0.75
00-0036139,9346,Rico Dowdle,RB,Steelers,2026,2.0,2027.0,12.25,6.125,5.0,0.02,3.75,0.012,5.0,-1.25
00-0037263,10196,Tyler Allgeier,RB,Cardinals,2026,2.0,2027.0,12.25,6.125,8.0,0.02,4.35,0.013000000000000001,8.0,-3.6500000000000004
00-0040866,13158,Olaivavega Ioane,LG,Ravens,2026,4.0,2029.0,24.23223,6.058058,24.23223,0.02,,,0.0,
00-0026158,1383,Joe Flacco,QB,Bengals,2026,1.0,2026.0,6.0,6.0,4.0,0.02,3.333333,0.011000000000000001,4.0,-0.6666669999999999
00-0033906,5653,Alvin Kamara,RB,Saints,2026,1.0,2026.0,6.0,6.0,3.5,0.02,11.378471,0.036000000000000004,25.558884,-14.180413
00-0039530,11906,Brevyn Spann-Ford,TE,Cowboys,2026,3.0,2028.0,18.0,6.0,8.825,0.02,1.881668,0.006,8.831668,-6.950000000000001
00-0034978,7914,Ben Powers,LG,Broncos,2026,1.0,2026.0,6.0,6.0,5.0,0.02,10.6,0.035,14.775,-4.175000000000001
00-0031576,3970,Za'Darius Smith,ED,Falcons,2026,1.0,2026.0,6.0,6.0,5.0,0.02,5.294118,0.017,5.0,0.2941180000000001
00-0036428,8918,Justin Strnad,LB,Broncos,2026,3.0,2028.0,18.0,6.0,10.0,0.02,3.286666,0.011000000000000001,10.0,-6.713334
00-0034982,7939,Dre Greenlaw,LB,49ers,2026,1.0,2026.0,6.0,6.0,6.0,0.02,3.55,0.01,6.0,-2.45
00-0041031,13159,Rueben Bain,ED,Buccaneers,2026,4.0,2029.0,23.760242,5.940061,23.760242,0.02,,,0.0,
00-0038731,11401,T.J. Bass,RG,Cowboys,2026,1.0,2026.0,5.767,5.767,0.0,0.019,5.767,0.017,0.0,5.767
00-0037384,10386,Ja'Quan McMillian,CB,Broncos,2026,1.0,2026.0,5.767,5.767,0.0,0.019,5.767,0.019,0.0,5.767
00-0035289,7969,Gardner Minshew,QB,Cardinals,2026,1.0,2026.0,5.75,5.75,5.14,0.019,5.69,0.017,5.14,0.5500000000000007
00-0036422,8845,Adam Trautman,TE,Broncos,2026,3.0,2028.0,17.0,5.666667,9.5,0.019,3.333333,0.011000000000000001,9.5,-6.166667
00-0038107,10162,Micheal Clemons,ED,Colts,2026,3.0,2028.0,17.0,5.666667,5.99,0.019,4.47,0.015,5.99,-1.5200000000000005
00-0033787,5739,Jake Elliott,K,Eagles,2026,3.0,2028.0,17.0,5.666667,5.0,0.019,4.653,0.015,11.469,-6.816
00-0041032,13160,Kenyon Sadiq,TE,Jets,2026,4.0,2029.0,22.344304,5.586076,22.344304,0.019,,,0.0,
00-0033293,5768,Aaron Jones,RB,Vikings,2026,1.0,2026.0,5.56,5.56,5.0,0.018000000000000002,10.21,0.032,9.8,0.41000000000000014
00-0038104,10095,Tyquan Thornton,WR,Chiefs,2026,2.0,2027.0,11.0,5.5,7.4,0.018000000000000002,3.5,0.012,7.4,-3.9000000000000004
00-0032071,4092,Trent Brown,RT,Texans,2026,1.0,2026.0,5.5,5.5,1.75,0.018000000000000002,4.911765,0.016,1.75,3.161765
00-0034810,7080,Sebastian Joseph-Day,IDL,Steelers,2026,2.0,2027.0,11.0,5.5,4.7,0.018000000000000002,3.65,0.011000000000000001,4.7,-1.0500000000000003
00-0031364,2940,Jadeveon Clowney,ED,Texans,2026,1.0,2026.0,5.5,5.5,4.5,0.018000000000000002,5.264706,0.017,4.5,0.7647060000000003
00-0027940,2,Von Miller,ED,Cowboys,2026,1.0,2026.0,5.5,5.5,3.0,0.018000000000000002,3.1,0.009000000000000001,3.0,0.10000000000000009
00-0026190,385,Calais Campbell,ED,Ravens,2026,1.0,2026.0,5.5,5.5,4.75,0.018000000000000002,6.0,0.019,4.75,1.25
00-0038135,10093,Jaquan Brisker,S,Steelers,2026,1.0,2026.0,5.5,5.5,4.285,0.018000000000000002,5.5,0.017,4.285,1.2149999999999999
00-0041439,13161,Blake Miller,RT,Lions,2026,4.0,2029.0,21.872316,5.468079,21.872316,0.018000000000000002,,,0.0,
00-0041033,13162,Caleb Banks,IDL,Vikings,2026,4.0,2029.0,21.282378,5.320595,21.282378,0.018000000000000002,,,0.0,
00-0033869,5586,Mitchell Trubisky,QB,Titans,2026,2.0,2027.0,10.5,5.25,6.825,0.017,4.25,0.012,6.825,-2.575
00-0036568,9659,Roy Lopez,IDL,Cardinals,2026,2.0,2027.0,10.5,5.25,6.0,0.017,4.39,0.013000000000000001,6.0,-1.6100000000000003
00-0037034,10033,Dee Alford,CB,Bills,2026,3.0,2028.0,15.75,5.25,7.875,0.017,3.23,0.011000000000000001,7.875,-4.645
00-0041034,13163,Monroe Freeling,RT,Panthers,2026,4.0,2029.0,20.928362,5.232091,20.928362,0.017,,,0.0,
00-0040867,13164,Makai Lemon,WR,Eagles,2026,4.0,2029.0,20.810386,5.202597,20.810386,0.017,,,0.0,
00-0041482,13165,Max Iheanachor,RT,Steelers,2026,4.0,2029.0,20.692386,5.173097,20.692386,0.017,,,0.0,
00-0041544,13166,Akheem Mesidor,ED,Chargers,2026,4.0,2029.0,20.456392,5.114098,20.456392,0.017,,,0.0,
00-0041537,13167,Malachi Lawrence,ED,Cowboys,2026,4.0,2029.0,20.220416,5.055104,20.220416,0.017,,,0.0,
00-0038611,11017,Chris Rodriguez Jr.,RB,Jaguars,2026,2.0,2027.0,10.0,5.0,6.2,0.017,2.245,0.006999999999999999,6.2,-3.955
00-0033307,5995,Kendrick Bourne,WR,Cardinals,2026,2.0,2027.0,10.0,5.0,6.5,0.017,4.78,0.015,6.5,-1.7199999999999998
00-0035662,7816,Marquise Brown,WR,Eagles,2026,1.0,2026.0,5.0,5.0,5.0,0.017,2.04,0.006,5.0,-2.96
00-0038720,11488,Julian Hill,TE,Patriots,2026,3.0,2028.0,15.0,5.0,7.5,0.017,3.565,0.01,7.5,-3.935
00-0037081,10213,Braxton Jones,LT,Bears,2026,1.0,2026.0,5.0,5.0,3.0,0.017,4.34,0.013999999999999999,3.0,1.3399999999999999
00-0035237,7826,Jawaan Taylor,RT,Falcons,2026,1.0,2026.0,5.0,5.0,0.0,0.017,4.625,0.015,0.0,4.625
00-0035688,7882,Trey Pipkins,RT,Chargers,2026,2.0,2027.0,10.0,5.0,4.575,0.017,3.775,0.012,4.575,-0.8000000000000003
00-0036905,9615,Larry Borom,RT,Lions,2026,1.0,2026.0,5.0,5.0,4.9,0.017,5.0,0.016,4.9,0.09999999999999964
00-0036366,8822,Neville Gallimore,IDL,Bears,2026,2.0,2027.0,10.0,5.0,5.0,0.017,4.0,0.013000000000000001,5.0,-1.0
00-0034987,7955,E.J. Speed,LB,Texans,2026,2.0,2027.0,10.0,5.0,7.5,0.017,3.985294,0.013000000000000001,7.5,-3.514706
00-0036625,9538,Benjamin St-Juste,CB,Packers,2026,2.0,2027.0,10.0,5.0,3.0,0.017,3.470588,0.011000000000000001,3.0,0.4705879999999998
00-0033548,5646,Chidobe Awuzie,CB,Ravens,2026,1.0,2026.0,5.0,5.0,5.0,0.017,5.0,0.016,5.0,0.0
00-0033877,5599,Malik Hooker,S,Cowboys,2026,1.0,2026.0,5.0,5.0,3.5,0.017,6.558824,0.02,5.5,1.0588240000000004
00-0036302,8874,Jaylinn Hawkins,S,Ravens,2026,2.0,2027.0,10.0,5.0,5.0,0.017,3.15,0.01,5.0,-1.85
00-0041547,13168,KC Concepcion,WR,Browns,2026,4.0,2029.0,19.748428,4.937107,19.748428,0.016,,,0.0,
00-0041538,13169,Dillon Thieneman,S,Bears,2026,4.0,2029.0,19.51246,4.878115,19.51246,0.016,,,0.0,
00-0036658,9684,Isaiah McDuffie,LB,Packers,2026,1.0,2026.0,4.85,4.85,1.5,0.016,4.725,0.015,3.525,1.1999999999999997
00-0041532,13170,Keylan Rutledge,C,Texans,2026,4.0,2029.0,19.276448,4.819112,19.276448,0.016,,,0.0,
00-0041533,13171,Chris Johnson,CB,Dolphins,2026,4.0,2029.0,19.040468,4.760117,19.040468,0.016,,,0.0,
00-0038796,11334,Alex Palczewski,LT,Broncos,2026,2.0,2027.0,9.5,4.75,5.575,0.016,3.25,0.011000000000000001,5.575,-2.325
00-0041541,13172,Caleb Lomu,RT,Patriots,2026,4.0,2029.0,18.922478,4.73062,18.922478,0.016,,,0.0,
00-0035588,7809,Garrett Bradbury,C,Bears,2026,1.0,2026.0,4.7,4.7,3.7,0.016,4.7,0.015,3.7,1.0
00-0038454,11264,Keaton Mitchell,RB,Chargers,2026,2.0,2027.0,9.25,4.625,5.0,0.015,3.125,0.01,5.0,-1.875
00-0037287,10229,Vederian Lowe,LT,49ers,2026,2.0,2027.0,9.25,4.625,5.75,0.015,2.292,0.006999999999999999,5.75,-3.458
00-0039410,11824,Ryan Flournoy,WR,Cowboys,2026,1.0,2026.0,4.5,4.5,4.5,0.015,1.575,0.005,5.575,-4.0
00-0025565,2003,Nick Folk,K,Falcons,2026,2.0,2027.0,9.0,4.5,4.0,0.015,3.26,0.011000000000000001,4.0,-0.7400000000000002
00-0041545,13173,Peter Woods,IDL,Chiefs,2026,4.0,2029.0,17.97561,4.493903,17.97561,0.015,,,0.0,
00-0035644,7811,Noah Fant,TE,Saints,2026,2.0,2027.0,8.75,4.375,4.5,0.015,3.0,0.009000000000000001,4.5,-1.5
00-0041511,13174,Omar Cooper,WR,Jets,2026,4.0,2029.0,17.474196,4.368549,17.474196,0.015,,,0.0,
00-0038116,10083,Arnold Ebiketie,ED,Eagles,2026,1.0,2026.0,4.3,4.3,4.3,0.013999999999999999,1.9,0.006,4.3,-2.4
00-0037404,10640,Ryan Van Demark,RT,Vikings,2026,1.0,2026.0,4.27,4.27,4.145,0.013999999999999999,4.27,0.013999999999999999,4.145,0.125
00-0029592,189,Kevin Zeitler,RG,Packers,2026,1.0,2026.0,4.266667,4.266667,1.216667,0.013999999999999999,1.676666,0.005,2.966667,-1.2900010000000002
00-0041508,13175,Keldric Faulk,ED,Titans,2026,4.0,2029.0,17.054202,4.263551,17.054202,0.013999999999999999,,,0.0,
00-0035795,9095,James Pierre,CB,Vikings,2026,2.0,2027.0,8.5,4.25,3.715,0.013999999999999999,2.985,0.009000000000000001,3.715,-0.73
00-0034173,7373,Eddy Pineiro,K,49ers,2026,4.0,2029.0,17.0,4.25,8.0,0.013999999999999999,1.951,0.006,8.0,-6.0489999999999995
00-0041512,13176,Jadarian Price,RB,Seahawks,2026,4.0,2029.0,16.783748,4.195937,16.783748,0.013999999999999999,,,0.0,
00-0035719,7827,Deebo Samuel,WR,49ers,2026,1.0,2026.0,4.1,4.1,3.76,0.013999999999999999,4.88,0.013999999999999999,3.76,1.12
00-0038094,10175,Jordan Stout,P,Giants,2026,3.0,2028.0,12.3,4.1,6.32,0.013999999999999999,2.655,0.009000000000000001,6.32,-3.6650000000000005
00-0038102,10065,Kenny Pickett,QB,Panthers,2026,1.0,2026.0,4.0,4.0,4.0,0.013000000000000001,4.0,0.013000000000000001,4.0,0.0
00-0036887,9609,Luke Farrell,TE,49ers,2026,2.0,2027.0,8.0,4.0,3.59,0.013000000000000001,3.514,0.01,5.676,-2.1620000000000004
00-0037112,10357,Jake Tonges,TE,49ers,2026,2.0,2027.0,8.0,4.0,5.5,0.013000000000000001,2.058,0.006,5.5,-3.442
00-0037196,10294,Rasheed Walker,LT,Panthers,2026,1.0,2026.0,4.0,4.0,3.215,0.013000000000000001,4.0,0.013000000000000001,3.215,0.7850000000000001
00-0036363,8812,Josh Jones,LT,Seahawks,2026,1.0,2026.0,4.0,4.0,3.0,0.013000000000000001,3.955,0.013000000000000001,3.0,0.9550000000000001
00-0036953,9503,Teven Jenkins,RG,Browns,2026,1.0,2026.0,4.0,4.0,3.96,0.013000000000000001,2.732,0.008,5.16,-2.428
00-0036266,8828,Jordan Elliott,IDL,Titans,2026,2.0,2027.0,8.0,4.0,3.24,0.013000000000000001,2.845,0.008,3.24,-0.395
00-0033964,5782,Al-Quadin Muhammad,ED,Buccaneers,2026,1.0,2026.0,4.0,4.0,2.5,0.013000000000000001,5.25,0.017,2.5,2.75
00-0035279,7952,Charles Omenihu,ED,Commanders,2026,1.0,2026.0,4.0,4.0,3.3,0.013000000000000001,4.0,0.012,3.3,0.7000000000000002
00-0038922,11399,Drake Thomas,LB,Seahawks,2026,2.0,2027.0,8.0,4.0,3.0,0.013000000000000001,3.55,0.011000000000000001,3.0,0.5499999999999998
00-0038043,10180,Joshua Williams,CB,Titans,2026,2.0,2027.0,8.0,4.0,3.24,0.013000000000000001,3.065,0.009000000000000001,3.24,-0.17500000000000027
00-0036617,9511,Asante Samuel Jr.,CB,Steelers,2026,1.0,2026.0,4.0,4.0,2.785,0.013000000000000001,4.0,0.012,2.785,1.2149999999999999
00-0037839,10187,Cobie Durant,CB,Cowboys,2026,1.0,2026.0,4.0,4.0,1.5,0.013000000000000001,4.0,0.012,1.5,2.5
00-0035227,8470,P.J. Locke,S,Cowboys,2026,1.0,2026.0,4.0,4.0,3.5,0.013000000000000001,3.970588,0.012,3.5,0.4705879999999998
00-0038123,10159,Dane Belton,S,Jets,2026,1.0,2026.0,4.0,4.0,2.0,0.013000000000000001,4.0,0.012,2.0,2.0
00-0033376,6036,Patrick Ricard,FB,Giants,2026,2.0,2027.0,7.63,3.815,3.54,0.013000000000000001,2.798824,0.009000000000000001,3.54,-0.7411759999999998
00-0035149,8007,Nick Allegretti,LG,Commanders,2026,2.0,2027.0,7.585,3.7925,3.925,0.013000000000000001,3.844666,0.012,7.459,-3.6143339999999995
00-0035125,8148,Alec Ingold,FB,Chargers,2026,2.0,2027.0,7.5,3.75,3.56,0.012,3.275,0.011000000000000001,3.56,-0.28500000000000014
00-0033831,6323,Andrew Wylie,LT,Commanders,2026,2.0,2027.0,7.5,3.75,3.7,0.012,3.2,0.01,3.7,-0.5
00-0037596,10502,Jack Gibbens,LB,Cardinals,2026,2.0,2027.0,7.5,3.75,4.0,0.012,3.725,0.011000000000000001,4.0,-0.2749999999999999
00-0035202,8388,Del'Shawn Phillips,LB,Chargers,2026,2.0,2027.0,7.5,3.75,4.0,0.012,2.75,0.009000000000000001,4.0,-1.25
00-0037259,10191,Micah McFadden,LB,Giants,2026,1.0,2026.0,3.75,3.75,2.9,0.012,3.044118,0.01,2.9,0.1441180000000002
00-0037271,10206,D'Marco Jackson,LB,Bears,2026,2.0,2027.0,7.5,3.75,3.625,0.012,3.0475,0.01,3.625,-0.5775000000000001
00-0037262,10195,Thomas Booker,IDL,Raiders,2026,1.0,2026.0,3.674,3.674,0.0,0.012,3.674,0.012,0.0,3.674
00-0036187,9365,Reggie Gilliam,FB,Patriots,2026,3.0,2028.0,10.8,3.6,6.0,0.012,2.8,0.008,6.0,-3.2
00-0038807,11085,Ivan Pace Jr.,LB,Vikings,2026,1.0,2026.0,3.52,3.52,0.0,0.012,3.52,0.011000000000000001,0.0,3.52
00-0038715,11382,Ronnie Hickman,S,Browns,2026,1.0,2026.0,3.52,3.52,0.0,0.012,3.52,0.01,0.0,3.52
00-0027973,160,Andy Dalton,QB,CAR/PHI,2026,1.0,2026.0,3.5,3.5,3.5,0.012,1.5,0.005,1.5,0.0
00-0032464,5127,Kalif Raymond,WR,Bears,2026,1.0,2026.0,3.5,3.5,3.0,0.012,3.47,0.011000000000000001,3.0,0.4700000000000002
00-0037241,10064,Trevor Penning,LT,Chargers,2026,1.0,2026.0,3.5,3.5,3.5,0.012,3.5,0.011000000000000001,3.5,0.0
00-0034112,7146,Austin Schlottmann,C,Titans,2026,2.0,2027.0,7.0,3.5,2.99,0.012,3.0,0.009000000000000001,2.99,0.009999999999999787
00-0036619,9517,Dillon Radunz,RT,Saints,2026,2.0,2027.0,7.0,3.5,4.2,0.012,2.45,0.008,4.2,-1.75
00-0031054,3051,DaQuan Jones,IDL,Patriots,2026,1.0,2026.0,3.5,3.5,2.397778,0.012,3.677778,0.01,2.397778,1.2799999999999998
00-0033876,5598,Derek Barnett,ED,Browns,2026,1.0,2026.0,3.5,3.5,0.5,0.012,1.776,0.005,0.431,1.345
00-0035262,7921,Drue Tranquill,LB,Chiefs,2026,1.0,2026.0,3.5,3.5,2.995,0.012,5.0,0.017,4.495,0.5049999999999999
00-0036986,9563,Nahshon Wright,CB,Jets,2026,1.0,2026.0,3.5,3.5,3.5,0.012,3.5,0.011000000000000001,3.5,0.0
00-0036871,9631,Nate Hobbs,CB,49ers,2026,1.0,2026.0,3.5,3.5,3.11,0.012,3.38,0.01,3.11,0.27
00-0034465,7387,Jeremy Reaves,S,Commanders,2026,1.0,2026.0,3.5,3.5,4.15,0.012,3.4025,0.01,5.0025,-1.6000000000000005
00-0035253,7896,"Chauncey Gardner-Johnson, Jr.",S,Bills,2026,1.0,2026.0,3.5,3.5,3.015,0.012,2.4,0.008,3.015,-0.6150000000000002
00-0037500,10748,Ryan Wright,P,Saints,2026,4.0,2029.0,14.0,3.5,7.0,0.012,1.875,0.006,7.0,-5.125
00-0036313,8931,Braden Mann,P,Eagles,2026,4.0,2029.0,14.0,3.5,7.0,0.012,1.672,0.005,7.0,-5.328
00-0033269,5989,Rigoberto Sanchez,P,Colts,2026,2.0,2027.0,7.0,3.5,2.5,0.012,3.55,0.012,2.5,1.0499999999999998
00-0036162,8928,Tyler Bass,K,Bills,2026,2.0,2027.0,6.75,3.375,1.0,0.011000000000000001,3.05,0.01,3.04,0.009999999999999787
00-0041035,13177,De'Zhaun Stribling,WR,49ers,2026,4.0,2029.0,13.37674,3.344185,13.37674,0.011000000000000001,,,0.0,
00-0030279,2227,Keenan Allen,WR,Colts,2026,1.0,2026.0,3.32,3.32,2.81,0.011000000000000001,3.32,0.011000000000000001,2.81,0.5099999999999998
00-0041468,13178,Chase Bisontis,RG,Cardinals,2026,4.0,2029.0,13.258732,3.314683,13.258732,0.011000000000000001,,,0.0,
00-0030565,2249,Geno Smith,QB,Jets,2026,1.0,2026.0,3.3,3.3,3.3,0.011000000000000001,3.3,0.01,3.3,0.0
00-0041036,13179,T.J. Parker,ED,Bills,2026,4.0,2029.0,13.140746,3.285187,13.140746,0.011000000000000001,,,0.0,
00-0037829,10179,Spencer Burford,RG,Raiders,2026,1.0,2026.0,3.255,3.255,2.745,0.011000000000000001,3.075,0.01,2.745,0.33000000000000007
00-0037252,10125,Greg Dulcich,TE,Dolphins,2026,1.0,2026.0,3.25,3.25,2.91,0.011000000000000001,1.5662,0.005,3.251,-1.6847999999999999
00-0032392,4794,Austin Hooper,TE,Falcons,2026,1.0,2026.0,3.25,3.25,2.74,0.011000000000000001,3.22,0.011000000000000001,2.74,0.48
00-0035702,7832,Dalton Risner,LG,Bengals,2026,1.0,2026.0,3.25,3.25,1.0,0.011000000000000001,3.720589,0.012,1.0,2.720589
00-0033901,5644,Ethan Pocic,C,Ravens,2026,1.0,2026.0,3.25,3.25,3.0,0.011000000000000001,3.691176,0.012,3.0,0.691176
00-0034473,7530,Dennis Gardeck,LB,Jaguars,2026,2.0,2027.0,6.5,3.25,3.15,0.011000000000000001,2.1,0.006999999999999999,3.15,-1.0499999999999998
00-0041440,13180,Kayden McDonald,IDL,Texans,2026,4.0,2029.0,12.904752,3.226188,12.904756,0.011000000000000001,,,0.0,
00-0041462,13181,Colton Hood,CB,Giants,2026,4.0,2029.0,12.810362,3.202591,12.810362,0.011000000000000001,,,0.0,
00-0035637,7825,Rock Ya-Sin,CB,Lions,2026,1.0,2026.0,3.2,3.2,2.64,0.011000000000000001,3.2,0.01,2.64,0.56
00-0034981,7928,Foster Moreau,TE,Texans,2026,2.0,2027.0,6.3,3.15,3.0,0.01,2.286765,0.006999999999999999,3.0,-0.7132350000000001
00-0040868,13182,Treydan Stukes,S,Raiders,2026,4.0,2029.0,12.597988,3.149497,12.597988,0.01,,,0.0,
00-0033676,6434,Elijah Wilkinson,LG,Cardinals,2026,2.0,2027.0,6.25,3.125,3.08,0.01,2.855,0.009000000000000001,3.08,-0.2250000000000001
00-0041037,13183,Denzel Boston,WR,Browns,2026,4.0,2029.0,12.385596,3.096399,12.385596,0.01,,,0.0,
00-0037815,10132,Cameron Thomas,ED,Falcons,2026,1.0,2026.0,3.095,3.095,2.5,0.01,3.095,0.01,1.5,1.5950000000000002
00-0041501,13184,R Mason Thomas,ED,Chiefs,2026,4.0,2029.0,12.196804,3.049201,12.196804,0.01,,,0.0,
00-0030140,2677,Tress Way,P,Commanders,2026,1.0,2026.0,3.0375,3.0375,3.0125,0.01,1.4875,0.005,3.0125,-1.5250000000000001
00-0041546,13185,Cashius Howell,ED,Bengals,2026,4.0,2029.0,12.008,3.002,12.008,0.01,,,0.0,
00-0032950,4715,Carson Wentz,QB,Vikings,2026,1.0,2026.0,3.0,3.0,2.645,0.01,3.05,0.01,2.645,0.4049999999999998
00-0033553,5691,James Conner,RB,Cardinals,2026,1.0,2026.0,3.0,3.0,2.1,0.01,4.83,0.015,4.35,0.4800000000000004
00-0036309,8913,Darnell Mooney,WR,Giants,2026,1.0,2026.0,3.0,3.0,3.0,0.01,3.0,0.01,3.0,0.0
00-0034775,6932,Christian Kirk,WR,49ers,2026,1.0,2026.0,3.0,3.0,2.78,0.01,2.96,0.009000000000000001,2.78,0.18000000000000016
00-0034798,7008,Durham Smythe,TE,Ravens,2026,1.0,2026.0,3.0,3.0,2.0,0.01,3.0,0.01,2.0,1.0
00-0033110,4823,Tyler Higbee,TE,Rams,2026,2.0,2027.0,6.0,3.0,4.0,0.01,5.060112,0.016,6.101289,-1.0411770000000002
00-0033885,5613,David Njoku,TE,Chargers,2026,1.0,2026.0,3.0,3.0,0.85,0.01,2.95,0.01,0.85,2.1
00-0037092,10275,Chris Paul,LG,Commanders,2026,1.0,2026.0,3.0,3.0,2.475,0.01,3.0,0.009000000000000001,2.475,0.5249999999999999
00-0029685,1108,Greg Van Roten,RG,Patriots,2026,1.0,2026.0,3.0,3.0,1.0,0.01,4.5,0.013000000000000001,1.0,3.5
00-0031270,3174,Shelby Harris,IDL,Giants,2026,1.0,2026.0,3.0,3.0,2.66,0.01,3.0,0.01,2.66,0.33999999999999986
00-0034371,6999,Da'Shawn Hand,ED,Falcons,2026,1.0,2026.0,3.0,3.0,1.5,0.01,3.0,0.01,1.5,1.5
00-0036335,8857,D.J. Wonnum,ED,Lions,2026,1.0,2026.0,3.0,3.0,2.27,0.01,2.96,0.009000000000000001,2.27,0.69
00-0035357,8399,Cameron Lewis,CB,Bears,2026,2.0,2027.0,6.0,3.0,2.75,0.01,2.25,0.006999999999999999,2.75,-0.5
00-0036587,9751,Ar'Darius Washington,S,Giants,2026,1.0,2026.0,3.0,3.0,1.5,0.01,2.617647,0.009000000000000001,1.5,1.1176469999999998
00-0035378,8277,Andrew Wingard,S,Cardinals,2026,1.0,2026.0,3.0,3.0,1.85,0.01,2.985,0.009000000000000001,1.85,1.1349999999999998
00-0035280,7954,Jake Bailey,P,Falcons,2026,3.0,2028.0,9.0,3.0,5.0,0.01,2.221666,0.006999999999999999,5.0,-2.778334
00-0041390,13186,Christen Miller,IDL,Saints,2026,4.0,2029.0,11.795622,2.948906,11.795622,0.01,,,0.0,
00-0041522,13187,Jacob Rodriguez,LB,Dolphins,2026,4.0,2029.0,11.606848,2.901712,11.606848,0.01,,,0.0,
00-0037283,10223,John Ridgeway,IDL,Saints,2026,2.0,2027.0,5.715,2.8575,1.65,0.009000000000000001,2.04,0.006,1.65,0.3900000000000001
00-0041441,13188,Derrick Moore,ED,Lions,2026,4.0,2029.0,11.426946,2.856737,11.426946,0.009000000000000001,,,0.0,
00-0041494,13189,Zion Young,ED,Ravens,2026,4.0,2029.0,11.174966,2.793742,11.174966,0.009000000000000001,,,0.0,
00-0032103,3896,Denzel Perryman,LB,Chargers,2026,1.0,2026.0,2.79,2.79,0.5,0.009000000000000001,2.3,0.008,0.5,1.7999999999999998
00-0036968,9534,Brady Christensen,LG,Panthers,2026,1.0,2026.0,2.765,2.765,0.0,0.009000000000000001,1.215,0.004,1.215,0.0
00-0033945,5711,Samson Ebukam,ED,Falcons,2026,1.0,2026.0,2.765,2.765,0.7,0.009000000000000001,2.63,0.009000000000000001,0.07,2.56
00-0028986,1651,Case Keenum,QB,Bears,2026,2.0,2027.0,5.5,2.75,2.9,0.009000000000000001,2.2,0.006999999999999999,2.9,-0.6999999999999997
00-0038752,11395,Jake Bobo,WR,Seahawks,2026,2.0,2027.0,5.5,2.75,4.5,0.009000000000000001,2.316176,0.006999999999999999,4.5,-2.183824
00-0037814,10110,Luke Fortner,C,Panthers,2026,1.0,2026.0,2.75,2.75,1.325,0.009000000000000001,2.75,0.009000000000000001,1.325,1.425
00-0036215,8889,Danny Pinter,C,Ravens,2026,1.0,2026.0,2.75,2.75,1.5,0.009000000000000001,2.75,0.009000000000000001,1.5,1.25
00-0037270,10205,Otito Ogbonnia,IDL,Cowboys,2026,1.0,2026.0,2.75,2.75,2.0,0.009000000000000001,2.397059,0.006999999999999999,2.0,0.39705900000000005
00-0036204,9411,Lacale London,IDL,Falcons,2026,1.0,2026.0,2.75,2.75,0.75,0.009000000000000001,2.691177,0.009000000000000001,0.75,1.9411770000000002
00-0031360,2979,Kyle Van Noy,ED,Vikings,2026,1.0,2026.0,2.75,2.75,1.683333,0.009000000000000001,2.533333,0.008,2.433333,0.09999999999999964
00-0037289,10233,Malcolm Rodriguez,LB,Lions,2026,1.0,2026.0,2.75,2.75,2.7,0.009000000000000001,1.4025,0.004,2.7,-1.2975
00-0037823,10120,Christian Harris,LB,Falcons,2026,1.0,2026.0,2.75,2.75,1.985,0.009000000000000001,2.66,0.009000000000000001,1.985,0.675
00-0036501,9618,Michael Carter II,CB,Eagles,2026,1.0,2026.0,2.75,2.75,1.45,0.009000000000000001,1.42,0.004,1.975,-0.5550000000000002
00-0041502,13190,Josiah Trotter,LB,Buccaneers,2026,4.0,2029.0,10.903592,2.725898,10.903592,0.009000000000000001,,,0.0,
00-0036298,8847,Akeem Davis-Gaither,LB,Colts,2026,1.0,2026.0,2.725,2.725,1.5,0.009000000000000001,2.725,0.009000000000000001,1.5,1.225
00-0034355,6938,M.J. Stewart,S,Texans,2026,1.0,2026.0,2.7,2.7,0.5,0.009000000000000001,2.417647,0.008,0.5,1.917647
00-0033217,5618,Mo Alie-Cox,TE,Colts,2026,1.0,2026.0,2.6875,2.6875,2.1875,0.009000000000000001,1.4875,0.005,2.1875,-0.7
00-0041489,13191,Germie Bernard,WR,Steelers,2026,4.0,2029.0,10.544878,2.63622,10.544878,0.009000000000000001,,,0.0,
00-0037096,10299,Elijah Hicks,S,Bears,2026,1.0,2026.0,2.6,2.6,1.6875,0.009000000000000001,1.4025,0.005,1.6875,-0.2849999999999999
00-0041469,13192,Avieon Terrell,CB,Falcons,2026,4.0,2029.0,10.308896,2.577224,10.308896,0.009000000000000001,,,0.0,
00-0036253,8825,Julian Blackmon,S,Saints,2026,1.0,2026.0,2.535,2.535,1.0,0.008,1.515,0.005,1.0,0.5149999999999999
00-0041478,13193,Lee Hunter,IDL,Panthers,2026,4.0,2029.0,10.072894,2.518224,9.507805,0.008,,,0.0,
00-0037012,9467,Trey Lance,QB,Chargers,2026,1.0,2026.0,2.5,2.5,2.0,0.008,2.5,0.008,2.0,0.5
00-0028118,1407,Tyrod Taylor,QB,Packers,2026,1.0,2026.0,2.5,2.5,0.7,0.008,2.852941,0.009000000000000001,0.7,2.152941
00-0037077,10189,Sam Howell,QB,Cowboys,2026,1.0,2026.0,2.5,2.5,2.5,0.008,2.5,0.008,2.5,0.0
00-0035993,9318,Tyler Huntley,QB,Ravens,2026,2.0,2027.0,5.0,2.5,3.5,0.008,2.15,0.006999999999999999,3.5,-1.35
00-0038951,11542,Sean Tucker,RB,Buccaneers,2026,1.0,2026.0,2.5,2.5,2.5,0.008,2.5,0.008,2.5,0.0
00-0037746,10143,Brian Robinson Jr.,RB,Falcons,2026,1.0,2026.0,2.5,2.5,0.775,0.008,2.5,0.008,0.775,1.725
00-0038090,10099,Skyy Moore,WR,Packers,2026,1.0,2026.0,2.5,2.5,1.0,0.008,2.5,0.008,1.0,1.5
00-0035743,8620,Brett Toth,LT,49ers,2026,1.0,2026.0,2.5,2.5,2.215,0.008,2.5,0.006999999999999999,3.43,-0.9300000000000002
00-0037336,10672,Brock Hoffman,RG,Steelers,2026,1.0,2026.0,2.5,2.5,0.75,0.008,2.5,0.008,0.75,1.75
00-0034495,7359,Evan Brown,RG,Texans,2026,1.0,2026.0,2.5,2.5,1.0,0.008,2.411765,0.008,1.0,1.411765
00-0037428,10637,Alec Anderson,RT,Bills,2026,1.0,2026.0,2.5,2.5,1.8,0.008,2.5,0.008,1.8,0.7
00-0033066,4835,Andrew Billings,IDL,Cardinals,2026,1.0,2026.0,2.5,2.5,0.7,0.008,2.5,0.008,0.7,1.8
00-0032052,3851,Dante Fowler Jr.,ED,Seahawks,2026,1.0,2026.0,2.5,2.5,0.5,0.008,2.5,0.008,0.5,2.0
00-0035413,8451,Luke Gifford,LB,49ers,2026,2.0,2027.0,5.0,2.5,2.01,0.008,1.972,0.006,2.01,-0.03799999999999981
00-0035286,7964,Cole Holcomb,LB,Steelers,2026,2.0,2027.0,5.0,2.5,0.625,0.008,1.9875,0.006,0.625,1.3625
00-0039763,12278,Joe Andreessen,LB,Bills,2026,2.0,2027.0,5.0,2.5,2.25,0.008,1.075834,0.004,0.000834,1.075
00-0036941,9529,Andre Cisco,S,Jets,2026,1.0,2026.0,2.5,2.5,1.25,0.008,2.23,0.006999999999999999,1.25,0.98
00-0035889,9069,Tommy Townsend,P,Titans,2026,2.0,2027.0,5.0,2.5,2.0,0.008,2.1,0.006,2.0,0.10000000000000009
00-0037843,10280,Daniel Hardy,ED,Bears,2026,2.0,2027.0,4.97,2.485,2.45,0.008,2.1375,0.006999999999999999,2.45,-0.3125
00-0041038,13194,D'Angelo Ponds,CB,Jets,2026,4.0,2029.0,9.836918,2.45923,8.946358,0.008,,,0.0,
00-0038685,11433,Christopher Brooks,RB,Packers,2026,2.0,2027.0,4.85,2.425,0.65,0.008,1.845,0.006,0.65,1.1949999999999998
00-0041495,13195,Jake Golday,LB,Vikings,2026,4.0,2029.0,9.600932,2.400233,8.394113,0.008,,,0.0,
00-0038488,11288,Brady Russell,TE,Seahawks,2026,2.0,2027.0,4.8,2.4,2.145,0.008,2.255,0.006999999999999999,2.145,0.10999999999999988
00-0037633,10773,Jake Hummel,LB,Texans,2026,2.0,2027.0,4.75,2.375,2.15,0.008,2.05,0.006999999999999999,2.15,-0.10000000000000009
00-0037742,10063,Treylon Burks,WR,Commanders,2026,1.0,2026.0,2.35,2.35,0.4,0.008,1.99,0.006,0.4,1.5899999999999999
00-0034162,7057,J.K. Scott,P,Chargers,2026,1.0,2026.0,2.35,2.35,0.0,0.008,2.35,0.008,0.0,2.35
00-0041470,13196,Brandon Cisse,CB,Packers,2026,4.0,2029.0,9.364942,2.341236,8.024479,0.008,,,0.0,
00-0036037,9198,Sam Franklin,S,Bills,2026,3.0,2028.0,7.0,2.333333,2.53,0.008,1.916666,0.006,2.53,-0.6133339999999998
00-0037602,10473,Sam Okuayinonu,ED,49ers,2026,1.0,2026.0,2.3,2.3,1.8,0.008,2.28,0.006999999999999999,1.8,0.47999999999999976
00-0041039,13197,C.J. Allen,LB,Colts,2026,4.0,2029.0,9.128944,2.282236,7.638045,0.008,,,0.0,
00-0037304,10253,Connor Heyward,FB,Raiders,2026,2.0,2027.0,4.5,2.25,2.0,0.006999999999999999,1.7425,0.006,1.93,-0.1875
00-0035208,8393,Olamide Zaccheaus,WR,Falcons,2026,2.0,2027.0,4.5,2.25,2.3,0.006999999999999999,2.04,0.006999999999999999,2.3,-0.2599999999999998
00-0037292,10237,Andrew Ogletree,TE,Colts,2026,1.0,2026.0,2.25,2.25,1.5,0.006999999999999999,2.25,0.006999999999999999,1.5,0.75
00-0036648,9649,Nick Niemann,LB,Packers,2026,1.0,2026.0,2.25,2.25,0.5,0.006999999999999999,2.111765,0.006999999999999999,0.5,1.6117650000000001
00-0038568,10937,Clark Phillips III,CB,Bears,2026,1.0,2026.0,2.249,2.249,2.079,0.006999999999999999,2.149,0.006999999999999999,2.149,0.0
00-0036672,9723,Grant Stuard,LB,Rams,2026,2.0,2027.0,4.45,2.225,1.8,0.006999999999999999,1.85,0.006,1.8,0.050000000000000044
00-0041483,13198,Eli Stowers,TE,Eagles,2026,4.0,2029.0,8.892964,2.223241,7.277752,0.006999999999999999,,,0.0,
00-0038476,11293,Tommy DeVito,QB,Patriots,2026,2.0,2027.0,4.4,2.2,2.0,0.006999999999999999,1.55,0.004,1.8,-0.25
00-0038977,10893,Tank Dell,WR,Texans,2026,1.0,2026.0,2.195,2.195,1.0,0.006999999999999999,1.979382,0.006,1.284382,0.6950000000000001
00-0041569,13199,Gabe Jacas,ED,Patriots,2026,4.0,2029.0,8.65697,2.164243,6.952935,0.006999999999999999,,,0.0,
00-0037155,10433,Tony Adams,S,Titans,2026,1.0,2026.0,2.14,2.14,1.0,0.006999999999999999,2.015,0.006,1.0,1.0150000000000001
00-0041503,13200,Nate Boerkircher,TE,Jaguars,2026,4.0,2029.0,8.538996,2.134749,6.737771,0.006999999999999999,,,0.0,
00-0041539,13201,Logan Jones,C,Bears,2026,4.0,2029.0,8.468178,2.117045,6.596706,0.006999999999999999,,,0.0,
00-0034951,8092,Fred Johnson,RG,Eagles,2026,1.0,2026.0,2.1,2.1,0.8,0.006999999999999999,1.46,0.005,2.2,-0.7400000000000002
00-0041471,13202,Emmanuel McNeil-Warren,S,Browns,2026,4.0,2029.0,8.350192,2.087548,6.526632,0.006999999999999999,,,0.0,
00-0034577,7494,Kyle Allen,QB,Bills,2026,2.0,2027.0,4.1,2.05,1.8,0.006999999999999999,1.9,0.006,1.8,0.09999999999999987
00-0041472,13203,Marlin Klein,TE,Texans,2026,4.0,2029.0,8.184982,2.046246,6.243882,0.006999999999999999,,,0.0,
00-0041479,13204,Anthony Hill Jr.,LB,Titans,2026,4.0,2029.0,8.11419,2.028548,6.122709,0.006999999999999999,,,0.0,
00-0037082,10219,Dominique Robinson,ED,Texans,2026,1.0,2026.0,2.025,2.025,0.5,0.006999999999999999,1.877941,0.006,0.877941,1.0
00-0041510,13205,Max Klare,TE,Rams,2026,4.0,2029.0,8.019796,2.004949,5.976625,0.006999999999999999,,,0.0,
00-0036879,9682,Sam Ehlinger,QB,Broncos,2026,1.0,2026.0,2.0,2.0,1.0,0.006999999999999999,2.0,0.006999999999999999,1.0,1.0
00-0037256,10136,Rachaad White,RB,Commanders,2026,1.0,2026.0,2.0,2.0,1.715,0.006999999999999999,2.0,0.006,1.715,0.2849999999999999
00-0036842,9583,Kene Nwangwu,RB,Jets,2026,1.0,2026.0,2.0,2.0,1.0,0.006999999999999999,1.926471,0.006,1.0,0.926471
00-0031236,2959,Brandin Cooks,WR,49ers,2026,1.0,2026.0,2.0,2.0,0.0,0.006999999999999999,1.664706,0.005,0.164706,1.5
00-0033375,6035,Tim Patrick,WR,Jets,2026,1.0,2026.0,2.0,2.0,1.0,0.006999999999999999,1.985294,0.006,1.0,0.9852939999999999
00-0038589,10971,Josh Whyle,TE,Packers,2026,1.0,2026.0,2.0,2.0,0.37,0.006999999999999999,1.857059,0.006,0.37,1.487059
00-0036590,9733,Quintin Morris,TE,Jaguars,2026,1.0,2026.0,2.0,2.0,1.7,0.006999999999999999,1.955882,0.006,1.7,0.25588199999999994
00-0037086,10243,Grant Calcaterra,TE,Eagles,2026,1.0,2026.0,2.0,2.0,0.7,0.006999999999999999,1.4025,0.004,0.7,0.7025000000000001
00-0033858,5686,Jonnu Smith,TE,Packers,2026,1.0,2026.0,2.0,2.0,0.35,0.006999999999999999,2.0,0.006,0.7,1.3
00-0036653,9672,Stone Forsythe,LT,Panthers,2026,1.0,2026.0,2.0,2.0,1.05,0.006999999999999999,2.0,0.006,1.05,0.95
00-0038114,10156,Max Mitchell,LG,Jets,2026,1.0,2026.0,2.0,2.0,1.0,0.006999999999999999,1.4025,0.004,1.0,0.4025000000000001
00-0036604,9962,Jordan Meredith,C,Jets,2026,1.0,2026.0,2.0,2.0,1.9,0.006999999999999999,2.358824,0.006999999999999999,1.976471,0.3823529999999997
00-0036392,8839,Matt Peart,RT,Broncos,2026,1.0,2026.0,2.0,2.0,0.755,0.006999999999999999,2.387647,0.008,1.505,0.882647
00-0036736,9861,Kayode Awosika,RT,Chargers,2026,1.0,2026.0,2.0,2.0,0.3,0.006999999999999999,1.886,0.006,0.3,1.5859999999999999
00-0037832,10265,Kalia Davis,IDL,Browns,2026,1.0,2026.0,2.0,2.0,1.745,0.006999999999999999,2.0,0.006,1.745,0.2549999999999999
00-0036081,8910,Broderick Washington,IDL,Ravens,2026,1.0,2026.0,2.0,2.0,2.0,0.006999999999999999,3.85,0.012,3.85,0.0
00-0033093,4785,Jonathan Bullard,IDL,Cowboys,2026,1.0,2026.0,2.0,2.0,1.5,0.006999999999999999,1.941176,0.006,1.5,0.441176
00-0036867,9582,Chris Rumph II,ED,Saints,2026,1.0,2026.0,2.0,2.0,2.0,0.006999999999999999,2.0,0.006,2.0,0.0
00-0038791,11331,Thomas Incoom,ED,Panthers,2026,1.0,2026.0,2.0,2.0,1.1,0.006999999999999999,2.0,0.006,1.1,0.8999999999999999
00-0035636,7820,L.J. Collier,ED,Cardinals,2026,1.0,2026.0,2.0,2.0,0.75,0.006999999999999999,1.74,0.005,0.75,0.99
00-0038407,11045,Jaylon Jones,CB,Titans,2026,1.0,2026.0,2.0,2.0,0.5,0.006999999999999999,1.79,0.005,0.8,0.99
00-0032580,5225,Jonathan Jones,CB,Eagles,2026,1.0,2026.0,2.0,2.0,2.0,0.006999999999999999,1.44,0.005,2.0,-0.56
00-0037320,10281,Deane Leonard,CB,Chargers,2026,1.0,2026.0,2.0,2.0,1.215,0.006999999999999999,1.4025,0.005,1.215,0.1875
00-0035669,8034,Nick Scott,S,Panthers,2026,1.0,2026.0,2.0,2.0,1.1,0.006999999999999999,2.0,0.006,1.1,0.8999999999999999
00-0038820,11418,Christian Izien,S,Lions,2026,1.0,2026.0,2.0,2.0,1.0,0.006999999999999999,1.955,0.006,1.0,0.9550000000000001
00-0035192,8571,Joey Slye,K,Titans,2026,1.0,2026.0,2.0,2.0,0.75,0.006999999999999999,2.0,0.006,0.75,1.25
00-0034721,7635,Corey Bojorquez,P,Browns,2026,1.0,2026.0,2.0,2.0,0.9375,0.006999999999999999,1.4875,0.004,0.9375,0.55
00-0041391,13206,Davison Igbinosun,CB,Bills,2026,4.0,2029.0,7.94901,1.987253,5.738907,0.006999999999999999,,,0.0,
00-0041392,13207,Jake Slaughter,C,Chargers,2026,4.0,2029.0,7.925412,1.981353,5.614493,0.006999999999999999,,,0.0,
00-0041463,13208,Bud Clark,S,Seahawks,2026,4.0,2029.0,7.8782,1.96955,5.470564,0.006999999999999999,,,0.0,
00-0037413,10505,Ben Brown,C,Patriots,2026,2.0,2027.0,3.84,1.92,0.0,0.006,1.37,0.004,0.34,1.03
00-0035859,9383,Blake Gillikin,P,Cardinals,2026,1.0,2026.0,1.905,1.905,0.45,0.006,1.725,0.005,0.45,1.2750000000000001
00-0037614,10089,John Metchie III,WR,Panthers,2026,1.0,2026.0,1.9,1.9,1.0,0.006,1.9,0.006,1.0,0.8999999999999999
00-0035827,9051,Ross Matiscik,LS,Jaguars,2026,2.0,2027.0,3.8,1.9,3.425,0.006,1.663333,0.005,3.535,-1.8716670000000002
00-0030092,2246,Sam Martin,P,Panthers,2026,2.0,2027.0,3.75,1.875,2.0,0.006,1.65,0.005,2.0,-0.3500000000000001
00-0041561,13209,Carson Beck,QB,Cardinals,2026,4.0,2029.0,7.405992,1.851498,1.846176,0.006,,,0.0,
00-0036331,8832,Devin Duvernay,WR,Cardinals,2026,1.0,2026.0,1.85,1.85,0.55,0.006,2.35,0.006999999999999999,0.55,1.8
00-0038567,10936,Chad Ryland,K,Cardinals,2026,1.0,2026.0,1.85,1.85,0.475,0.006,1.85,0.006,0.475,1.375
00-0041552,13210,Tyler Onyedim,IDL,Broncos,2026,4.0,2029.0,7.385316,1.846329,1.83114,0.006,,,0.0,
00-0041553,13211,Keyron Crawford,ED,Raiders,2026,4.0,2029.0,7.383258,1.845815,1.82964,0.006,,,0.0,
00-0041554,13212,Markel Bell,LT,Eagles,2026,4.0,2029.0,7.360984,1.840246,1.813444,0.006,,,0.0,
00-0041558,13213,Sam Roush,TE,Bears,2026,4.0,2029.0,7.336666,1.834167,1.795756,0.006,,,0.0,
00-0041556,13214,Romello Height,ED,49ers,2026,4.0,2029.0,7.290308,1.822577,1.76204,0.006,,,0.0,
00-0028845,811,Josh Harris,LS,Chargers,2026,1.0,2026.0,1.815,1.815,1.815,0.006,1.4875,0.005,1.815,-0.3274999999999999
00-0041040,13215,Antonio Williams,WR,Commanders,2026,4.0,2029.0,7.25872,1.81468,1.739068,0.006,,,0.0,
00-0037197,10296,Isiah Pacheco,RB,Lions,2026,1.0,2026.0,1.81,1.81,1.81,0.006,1.81,0.006,1.81,0.0
00-0041464,13216,Tacario Davis,CB,Bengals,2026,4.0,2029.0,7.23642,1.809105,1.722852,0.006,,,0.0,
00-0033551,5685,Rasul Douglas,CB,Commanders,2026,1.0,2026.0,1.805,1.805,0.58,0.006,1.975,0.006,0.58,1.395
00-0037093,10278,Dareke Young,WR,Raiders,2026,1.0,2026.0,1.802,1.802,0.8,0.006,1.754,0.006,0.8,0.954
00-0041041,13217,Oscar Delp,TE,Saints,2026,4.0,2029.0,7.206404,1.801601,1.70102,0.006,,,0.0,
00-0041042,13218,Malachi Fields,WR,Giants,2026,4.0,2029.0,7.19151,1.797878,1.690188,0.006,,,0.0,
00-0038615,11025,Jarrett Patterson,LG,49ers,2026,1.0,2026.0,1.795,1.795,1.545,0.006,1.395,0.004,1.145,0.25
00-0041523,13219,Caleb Douglas,WR,Dolphins,2026,4.0,2029.0,7.168498,1.792125,1.673452,0.006,,,0.0,
00-0032399,4824,Miles Killebrew,S,Buccaneers,2026,1.0,2026.0,1.79,1.79,0.49,0.006,1.79,0.006,0.0,1.79
00-0041565,13220,Drew Allar,QB,Steelers,2026,4.0,2029.0,7.103408,1.775852,1.626116,0.006,,,0.0,
00-0040869,13221,Chris McClellan,IDL,Packers,2026,4.0,2029.0,7.09607,1.774018,1.620776,0.006,,,0.0,
00-0041043,13222,A.J. Haulcy,S,Colts,2026,4.0,2029.0,7.082948,1.770737,1.611236,0.006,,,0.0,
00-0038694,11435,Brandon Pili,IDL,Seahawks,2026,1.0,2026.0,1.765,1.765,0.75,0.006,1.725,0.005,0.75,0.9750000000000001
00-0041044,13223,Zachariah Branch,WR,Falcons,2026,4.0,2029.0,7.056144,1.764036,1.59174,0.006,,,0.0,
00-0040870,13224,Ja'Kobi Lane,WR,Ravens,2026,4.0,2029.0,7.02908,1.75727,1.572056,0.006,,,0.0,
00-0041045,13225,Albert Regis,IDL,Jaguars,2026,4.0,2029.0,7.00201,1.750503,1.552372,0.006,,,0.0,
00-0036626,9546,Dyami Brown,WR,Commanders,2026,1.0,2026.0,1.75,1.75,0.25,0.006,1.72,0.005,0.25,1.47
00-0041046,13226,Domonique Orange,IDL,Vikings,2026,4.0,2029.0,6.982836,1.745709,1.538424,0.006,,,0.0,
00-0041047,13227,Chris Brazzell II,WR,Panthers,2026,4.0,2029.0,6.943812,1.735953,1.510044,0.006,,,0.0,
00-0041048,13228,Ted Hurst,WR,Buccaneers,2026,4.0,2029.0,6.916056,1.729014,1.48986,0.006,,,0.0,
00-0041393,13229,Daylen Everette,CB,Steelers,2026,4.0,2029.0,6.900494,1.725124,1.47854,0.006,,,0.0,
00-0029714,318,Andrew DePaola,LS,Vikings,2026,1.0,2026.0,1.725,1.725,1.725,0.006,1.4875,0.005,1.725,-0.23750000000000004
00-0032228,4014,Joe Cardona,LS,Rams,2026,2.0,2027.0,3.45,1.725,2.05,0.006,1.65,0.005,2.05,-0.3999999999999999
00-0041049,13230,Austin Barber,RT,Browns,2026,4.0,2029.0,6.874124,1.718531,1.459364,0.006,,,0.0,
00-0041524,13231,Will Kacmarek,TE,Dolphins,2026,4.0,2029.0,6.849462,1.712366,1.441428,0.006,,,0.0,
00-0041050,13232,Emmanuel Pregnon,RG,Jaguars,2026,4.0,2029.0,6.835986,1.708997,1.431624,0.006,,,0.0,
00-0041051,13233,Zavion Thomas,WR,Bears,2026,4.0,2029.0,6.83151,1.707878,1.428372,0.006,,,0.0,
00-0041052,13234,Kaelon Black,RB,49ers,2026,4.0,2029.0,6.829276,1.707319,1.426744,0.006,,,0.0,
00-0040871,13235,Trey Zuhn III,C,Raiders,2026,4.0,2029.0,6.827032,1.706758,1.425112,0.006,,,0.0,
00-0040872,13236,Jaishawn Barham,ED,Cowboys,2026,4.0,2029.0,6.815846,1.703962,1.41698,0.006,,,0.0,
00-0038383,11053,Andrew Vorhees,LG,Ravens,2026,1.0,2026.0,1.7,1.7,1.7,0.006,1.725528,0.005,1.725528,0.0
00-0030615,3826,James Winchester,LS,Chiefs,2026,1.0,2026.0,1.7,1.7,1.7,0.006,1.7,0.006,1.7,0.0
00-0041394,13237,Keagen Trost,RT,Rams,2026,4.0,2029.0,6.793468,1.698367,1.400704,0.006,,,0.0,
00-0038463,11182,Brenton Cox Jr.,ED,Packers,2026,1.0,2026.0,1.695,1.695,0.25,0.006,1.484706,0.005,0.25,1.234706
00-0041525,13238,Chris Bell,WR,Dolphins,2026,4.0,2029.0,6.771094,1.692774,1.384432,0.006,,,0.0,
00-0041395,13239,Eli Raridon,TE,Patriots,2026,4.0,2029.0,6.748712,1.687178,1.368152,0.006,,,0.0,
00-0041396,13240,Gennings Dunker,LG,Steelers,2026,4.0,2029.0,6.726342,1.681586,1.351884,0.006,,,0.0,
00-0041053,13241,Caleb Tiernan,LT,Vikings,2026,4.0,2029.0,6.6939,1.673475,1.328292,0.006,,,0.0,
00-0040873,13243,Julian Neal,CB,Seahawks,2026,4.0,2029.0,6.6939,1.673475,1.328292,0.006,,,0.0,
00-0041054,13242,Jakobe Thomas,S,Vikings,2026,4.0,2029.0,6.6939,1.673475,1.328292,0.006,,,0.0,
00-0041055,13244,Jalen Huskey,S,Jaguars,2026,4.0,2029.0,6.6939,1.673475,1.328292,0.006,,,0.0,
00-0037311,10263,Ko Kieft,TE,Buccaneers,2026,1.0,2026.0,1.65,1.65,0.6,0.005,1.4025,0.004,0.6,0.8025000000000001
00-0038783,11337,Nate Adkins,TE,Broncos,2026,1.0,2026.0,1.635,1.635,0.3,0.005,1.555,0.005,0.3,1.255
00-0034365,6986,Ian Thomas,TE,Raiders,2026,1.0,2026.0,1.615,1.615,0.6125,0.005,1.6,0.005,0.485,1.1150000000000002
00-0035269,7936,Matt Gay,K,Raiders,2026,1.0,2026.0,1.6,1.6,1.35,0.005,2.0875,0.006999999999999999,1.35,0.7374999999999998
00-0038797,11345,Emanuel Wilson,RB,Seahawks,2026,1.0,2026.0,1.595,1.595,0.55,0.005,1.595,0.005,0.55,1.045
00-0034446,7222,Jalen Davis,CB,Bengals,2026,1.0,2026.0,1.575,1.575,0.1,0.005,1.486765,0.005,0.1,1.3867649999999998
00-0035942,9225,Christian Rozeboom,LB,Buccaneers,2026,1.0,2026.0,1.55,1.55,0.95,0.005,1.55,0.005,0.95,0.6000000000000001
00-0034993,7982,Marcus Epps,S,Eagles,2026,1.0,2026.0,1.55,1.55,0.125,0.005,1.45,0.005,0.125,1.325
00-0037250,10113,Martin Emerson,CB,Saints,2026,1.0,2026.0,1.515,1.515,0.65,0.005,1.515,0.005,0.65,0.8649999999999999
00-0037837,10183,Calvin Austin III,WR,Giants,2026,1.0,2026.0,1.5,1.5,0.45,0.005,1.5,0.005,0.45,1.05
00-0033246,5857,Johnny Mundt,TE,Eagles,2026,1.0,2026.0,1.5,1.5,0.75,0.005,1.34,0.004,0.75,0.5900000000000001
00-0039014,10935,Dawand Jones,RT,Browns,2026,1.0,2026.0,1.5,1.5,1.145,0.005,1.488084,0.004,1.343084,0.14500000000000002
00-0037094,10279,Jonathan Ford,IDL,Packers,2026,1.0,2026.0,1.5,1.5,0.1,0.005,1.391765,0.004,0.1,1.2917649999999998
00-0037808,10127,DeAngelo Malone,ED,Falcons,2026,1.0,2026.0,1.5,1.5,0.215,0.005,0.615,0.002,0.215,0.4
00-0035687,7880,Bobby Okereke,LB,Panthers,2026,1.0,2026.0,1.5,1.5,1.33,0.005,1.5,0.005,0.17,1.33
00-0036306,8897,Daniel Thomas,S,Browns,2026,2.0,2027.0,3.0,1.5,1.085,0.005,1.3575,0.004,1.085,0.27249999999999996
00-0037752,10211,Tycen Anderson,S,Broncos,2026,1.0,2026.0,1.5,1.5,0.65,0.005,1.5,0.005,0.65,0.85
00-0030294,2508,Tony Jefferson,S,Chargers,2026,1.0,2026.0,1.5,1.5,1.4,0.005,1.75,0.006,1.4,0.3500000000000001
00-0033955,5748,Jeremy McNichols,RB,Commanders,2026,1.0,2026.0,1.4875,1.4875,0.5625,0.005,1.2625,0.004,0.5625,0.7
00-0032951,4736,Laquon Treadwell,WR,Colts,2026,1.0,2026.0,1.4875,1.4875,0.4375,0.005,1.2625,0.004,0.4375,0.825
00-0031484,3800,Chris Manhertz,TE,Giants,2026,1.0,2026.0,1.4875,1.4875,0.2625,0.005,1.2625,0.004,0.2625,1.0
00-0034959,8077,Andrew Beck,TE,Jets,2026,1.0,2026.0,1.4875,1.4875,1.2625,0.005,1.2625,0.004,1.2625,0.0
00-0033910,5657,Dan Feeney,LG,Buccaneers,2026,1.0,2026.0,1.4875,1.4875,1.0,0.005,1.2625,0.004,1.0,0.26249999999999996
00-0034668,7203,Aaron Stinnie,LG,Giants,2026,1.0,2026.0,1.4875,1.4875,0.0625,0.005,1.2625,0.004,0.0625,1.2
00-0034261,6918,Austin Corbett,C,Bills,2026,1.0,2026.0,1.4875,1.4875,1.2625,0.005,1.2625,0.004,1.2625,0.0
00-0030097,2349,David Quessenberry,RT,Rams,2026,1.0,2026.0,1.4875,1.4875,1.2625,0.005,1.4875,0.005,1.2625,0.2250000000000001
00-0034768,6977,Chukwuma Okorafor,RT,Jets,2026,1.0,2026.0,1.4875,1.4875,1.1,0.005,1.2625,0.004,1.1,0.16249999999999987
00-0035674,7819,Jerry Tillery,IDL,Colts,2026,1.0,2026.0,1.4875,1.4875,0.9375,0.005,1.2625,0.004,0.9375,0.32499999999999996
00-0035667,7925,Greg Gaines,IDL,Bills,2026,1.0,2026.0,1.4875,1.4875,0.1375,0.005,1.2625,0.004,0.1375,1.125
00-0032265,3883,Mario Edwards Jr.,IDL,Texans,2026,1.0,2026.0,1.4875,1.4875,1.4875,0.005,1.4875,0.005,1.4875,0.0
00-0034377,7010,Avonte Maddox,CB,Lions,2026,1.0,2026.0,1.4875,1.4875,0.6875,0.005,1.2625,0.004,0.6875,0.575
00-0033294,5772,Chuck Clark,S,Lions,2026,1.0,2026.0,1.4875,1.4875,0.05,0.005,1.2625,0.004,0.05,1.2125
00-0034161,7052,Daniel Carlson,K,Saints,2026,1.0,2026.0,1.4875,1.4875,0.0,0.005,1.2625,0.004,0.0,1.2625
00-0032065,4013,Bradley Pinion,P,Dolphins,2026,1.0,2026.0,1.4875,1.4875,1.2625,0.005,1.2625,0.004,1.2625,0.0
00-0026027,1171,J.J. Jansen,LS,Panthers,2026,1.0,2026.0,1.4875,1.4875,1.2625,0.005,1.2625,0.004,1.2625,0.0
00-0030957,3322,Casey Kreiter,LS,Cardinals,2026,1.0,2026.0,1.4875,1.4875,1.2625,0.005,1.2625,0.004,1.2625,0.0
00-0027557,1798,Morgan Cox,LS,Titans,2026,1.0,2026.0,1.4875,1.4875,1.2625,0.005,1.2625,0.004,1.2625,0.0
00-0033793,5803,Corey Levin,C,Falcons,2026,1.0,2026.0,1.485,1.485,0.0,0.005,1.26,0.004,0.0,1.26
00-0034320,7013,Kentavius Street,ED,Bears,2026,1.0,2026.0,1.48,1.48,0.1,0.005,1.255,0.004,0.1,1.1549999999999998
00-0036329,8808,Ashtyn Davis,S,49ers,2026,1.0,2026.0,1.465,1.465,0.0,0.005,1.445,0.004,0.15,1.2950000000000002
00-0038769,11497,Chris Stoll,LS,Seahawks,2026,2.0,2027.0,2.905,1.4525,1.2,0.005,1.395,0.004,1.2,0.19500000000000006
00-0041563,13245,Jermod McCoy,CB,Raiders,2026,4.0,2029.0,5.8097,1.452425,1.3047,0.005,,,0.0,
00-0034657,7192,Matt Dickerson,IDL,Jaguars,2026,1.0,2026.0,1.45,1.45,0.1,0.005,1.225,0.004,0.1,1.125
00-0033947,5717,Deatrich Wise,ED,Commanders,2026,1.0,2026.0,1.45,1.45,0.075,0.005,0.715,0.002,0.075,0.64
00-0041548,13246,Jude Bowry,RT,Bills,2026,4.0,2029.0,5.720744,1.430186,1.275744,0.005,,,0.0,
00-0033949,5721,Joshua Dobbs,QB,Lions,2026,1.0,2026.0,1.425,1.425,0.475,0.005,1.2,0.004,0.475,0.725
00-0037208,10718,Jack Cochrane,LB,Chiefs,2026,1.0,2026.0,1.415,1.415,0.65,0.005,1.415,0.005,0.65,0.765
00-0041549,13247,Darrell Jackson Jr.,IDL,Jets,2026,4.0,2029.0,5.65162,1.412905,1.27162,0.005,,,0.0,
00-0041555,13248,Kaleb Proctor,IDL,Cardinals,2026,4.0,2029.0,5.64382,1.410955,1.26382,0.005,,,0.0,
00-0033872,5590,Jamal Adams,LB,Vikings,2026,1.0,2026.0,1.41,1.41,0.06,0.005,0.675,0.002,0.06,0.615
00-0041550,13249,Brenen Thompson,WR,Chargers,2026,4.0,2029.0,5.632136,1.408034,1.252136,0.005,,,0.0,
00-0041559,13250,Febechi Nwaiwu,RG,Texans,2026,4.0,2029.0,5.625384,1.406346,1.245384,0.005,,,0.0,
00-0041557,13251,Gracen Halton,IDL,49ers,2026,4.0,2029.0,5.620824,1.405206,1.240824,0.005,,,0.0,
00-0041496,13252,Jonah Coleman,RB,Broncos,2026,4.0,2029.0,5.614424,1.403606,1.234424,0.005,,,0.0,
00-0037013,9466,Zach Wilson,QB,Saints,2026,1.0,2026.0,1.4025,1.4025,0.5988,0.005,1.2625,0.004,0.5988,0.6637
00-0036265,8802,A.J. Dillon,RB,Panthers,2026,1.0,2026.0,1.4025,1.4025,0.1,0.005,1.2625,0.004,0.1,1.1624999999999999
00-0037594,10729,Julius Chestnut,RB,Titans,2026,1.0,2026.0,1.4025,1.4025,0.1025,0.005,1.2625,0.004,0.1025,1.16
00-0037666,10133,Jalen Tolbert,WR,Dolphins,2026,1.0,2026.0,1.4025,1.4025,1.2625,0.005,1.2625,0.004,1.2625,0.0
00-0035645,8577,Gunner Olszewski,WR,Giants,2026,1.0,2026.0,1.4025,1.4025,0.3,0.005,1.2625,0.004,0.3,0.9624999999999999
00-0036646,9643,Simi Fehoko,WR,Cardinals,2026,1.0,2026.0,1.4025,1.4025,1.2625,0.005,1.2625,0.004,1.2625,0.0
00-0036849,9521,Tutu Atwell,WR,LAR/MIA,2026,1.0,2026.0,1.4025,1.4025,1.075,0.005,1.075,0.003,1.075,0.0
00-0036630,9595,Tylan Wallace,WR,Browns,2026,1.0,2026.0,1.4025,1.4025,0.125,0.005,1.2625,0.004,0.125,1.1375
00-0036876,9591,Kylen Granson,TE,Titans,2026,1.0,2026.0,1.4025,1.4025,0.625,0.005,1.2625,0.004,0.625,0.6375
00-0034989,7974,Justin Skule,LT,Buccaneers,2026,1.0,2026.0,1.4025,1.4025,0.5,0.005,1.4025,0.004,0.4,1.0025
00-0036295,8818,Matt Hennessy,C,Cowboys,2026,1.0,2026.0,1.4025,1.4025,1.2625,0.005,1.2625,0.004,1.2625,0.0
00-0036391,8823,Lloyd Cushenberry,C,Bills,2026,1.0,2026.0,1.4025,1.4025,1.2625,0.005,1.2625,0.004,1.2625,0.0
00-0036396,8885,Jack Driscoll,RT,Steelers,2026,1.0,2026.0,1.4025,1.4025,0.1875,0.005,1.2625,0.004,0.1875,1.075
00-0038118,10155,Daniel Faalele,RT,Jaguars,2026,1.0,2026.0,1.4025,1.4025,0.6875,0.005,1.075,0.003,0.5,0.575
00-0036378,8917,Mike Danna,ED,Bills,2026,1.0,2026.0,1.4025,1.4025,1.2625,0.005,1.2625,0.004,1.2625,0.0
00-0036305,8895,Trevis Gipson,ED,Panthers,2026,1.0,2026.0,1.4025,1.4025,0.5988,0.005,1.2625,0.004,0.5988,0.6637
00-0036192,8794,A.J. Epenesa,ED,Eagles,2026,1.0,2026.0,1.4025,1.4025,0.6875,0.005,1.2625,0.004,0.6875,0.575
00-0036193,8827,Anfernee Jennings,ED,Saints,2026,1.0,2026.0,1.4025,1.4025,0.1875,0.005,1.4025,0.004,0.1875,1.215
00-0036159,8800,Joshua Uche,ED,Dolphins,2026,1.0,2026.0,1.4025,1.4025,1.2625,0.005,1.2625,0.004,1.2625,0.0
00-0037281,10221,Damone Clark,LB,Lions,2026,1.0,2026.0,1.4025,1.4025,0.075,0.005,0.7525,0.002,0.075,0.6775
00-0036362,8803,"Willie Gay, Jr.",LB,Dolphins,2026,1.0,2026.0,1.4025,1.4025,0.6875,0.005,1.2625,0.004,0.6875,0.575
00-0038125,10080,Roger McCreary,CB,Lions,2026,1.0,2026.0,1.4025,1.4025,0.9875,0.005,1.2625,0.004,0.9875,0.2749999999999999
00-0037549,10409,Darrell Baker Jr.,CB,Dolphins,2026,1.0,2026.0,1.4025,1.4025,1.2625,0.005,1.2625,0.004,1.2625,0.0
00-0037753,10105,Cam Taylor-Britt,CB,Colts,2026,1.0,2026.0,1.4025,1.4025,0.6875,0.005,1.202778,0.004,0.6875,0.5152779999999999
00-0038101,10163,Akayleb Evans,CB,Panthers,2026,1.0,2026.0,1.4025,1.4025,0.5988,0.005,1.2625,0.004,0.5988,0.6637
00-0034485,7542,Jonathan Owens,S,Colts,2026,1.0,2026.0,1.4025,1.4025,0.1875,0.005,1.2625,0.004,0.1875,1.075
00-0036677,9813,Zayne Anderson,S,Dolphins,2026,1.0,2026.0,1.4025,1.4025,0.7525,0.005,1.2625,0.004,0.7525,0.51
00-0036502,9639,Jason Pinnock,S,Giants,2026,1.0,2026.0,1.4025,1.4025,0.2,0.005,1.2625,0.004,0.2,1.0625
00-0036231,8777,Kyle Dugger,S,Bengals,2026,1.0,2026.0,1.4025,1.4025,0.075,0.005,1.2625,0.004,0.075,1.1875
00-0034248,7276,Elijah Campbell,S,Giants,2026,1.0,2026.0,1.4025,1.4025,0.05,0.005,1.2625,0.004,0.05,1.2125
00-0036816,9898,Riley Patterson,K,Dolphins,2026,1.0,2026.0,1.4025,1.4025,0.0,0.005,1.2625,0.004,0.0,1.2625
00-0041497,13253,Jadon Canady,CB,Chiefs,2026,4.0,2029.0,5.607332,1.401833,1.227332,0.005,,,0.0,
00-0031595,4016,Michael Burton,FB,Browns,2026,1.0,2026.0,1.4,1.4,0.06,0.005,1.135,0.003,0.06,1.075
00-0037003,9542,Chazz Surratt,LB,Seahawks,2026,1.0,2026.0,1.4,1.4,0.35,0.005,1.23,0.004,0.35,0.88
00-0034779,6978,Ronnie Harrison,S,Dolphins,2026,1.0,2026.0,1.4,1.4,0.0,0.005,0.693333,0.002,0.0,0.693333
00-0041056,13254,Cade Klubnik,QB,Jets,2026,4.0,2029.0,5.598676,1.399669,1.218676,0.005,,,0.0,
00-0041498,13255,Kage Casey,RG,Broncos,2026,4.0,2029.0,5.578208,1.394552,1.198208,0.005,,,0.0,
00-0040874,13256,Drew Shelton,RT,Cowboys,2026,4.0,2029.0,5.575428,1.393857,1.195428,0.005,,,0.0,
00-0041517,13257,Jalen Farmer,RG,Colts,2026,4.0,2029.0,5.570704,1.392676,1.190704,0.005,,,0.0,
00-0040875,13258,Devin Moore,CB,Cowboys,2026,4.0,2029.0,5.569532,1.392383,1.189532,0.005,,,0.0,
00-0040876,13259,Elijah Sarratt,WR,Ravens,2026,4.0,2029.0,5.56362,1.390905,1.18362,0.005,,,0.0,
00-0041057,13260,Keionte Scott,CB,Buccaneers,2026,4.0,2029.0,5.548656,1.387164,1.168656,0.005,,,0.0,
00-0041058,13261,Travis Burke,LT,Chargers,2026,4.0,2029.0,5.543872,1.385968,1.163872,0.005,,,0.0,
00-0041442,13262,Jimmy Rolder,LB,Lions,2026,4.0,2029.0,5.53296,1.38324,1.15296,0.005,,,0.0,
00-0041059,13263,Wesley Williams,ED,Jaguars,2026,4.0,2029.0,5.52152,1.38038,1.14152,0.005,,,0.0,
00-0040877,13264,Dani Dennis-Sutton,ED,Packers,2026,4.0,2029.0,5.514244,1.378561,1.134244,0.005,,,0.0,
00-0041397,13265,Kaden Wetjen,WR,Steelers,2026,4.0,2029.0,5.506916,1.376729,1.126916,0.005,,,0.0,
00-0040878,13266,Mike Washington Jr.,RB,Raiders,2026,4.0,2029.0,5.496156,1.374039,1.116156,0.005,,,0.0,
00-0032234,3876,Laken Tomlinson,LG,Packers,2026,1.0,2026.0,1.372222,1.372222,0.072222,0.005,0.968055,0.003,0.072222,0.895833
00-0041465,13267,Wade Woodaz,LB,Texans,2026,4.0,2029.0,5.48278,1.370695,1.10278,0.005,,,0.0,
00-0041060,13268,Malik Muhammad,CB,Bears,2026,4.0,2029.0,5.48278,1.370695,1.10278,0.005,,,0.0,
00-0041443,13269,Skyler Bell,WR,Bills,2026,4.0,2029.0,5.471764,1.367941,1.091764,0.005,,,0.0,
00-0041444,13270,Kaleb Elarms-Orr,LB,Bills,2026,4.0,2029.0,5.46296,1.36574,1.08296,0.005,,,0.0,
00-0041061,13271,Carver Willis,RT,49ers,2026,4.0,2029.0,5.449992,1.362498,1.066992,0.005,,,0.0,
00-0041062,13272,Connor Lew,C,Bengals,2026,4.0,2029.0,5.444356,1.361089,1.064356,0.005,,,0.0,
00-0041063,13273,Will Lee III,CB,Panthers,2026,4.0,2029.0,5.431432,1.357858,1.051432,0.005,,,0.0,
00-0041526,13274,Trey Moore,ED,Dolphins,2026,4.0,2029.0,5.422368,1.355592,1.042368,0.005,,,0.0,
00-0041064,13275,Genesis Smith,S,Chargers,2026,4.0,2029.0,5.407688,1.351922,1.027688,0.004,,,0.0,
00-0037207,10688,Mike Caliendo,LG,Chiefs,2026,1.0,2026.0,1.35,1.35,0.65,0.004,1.35,0.004,0.65,0.7000000000000001
00-0038660,11481,Trevor Nowaske,LB,Lions,2026,1.0,2026.0,1.35,1.35,0.55,0.004,1.35,0.004,0.55,0.8
00-0035240,7834,Jahlani Tavai,LB,Jaguars,2026,1.0,2026.0,1.35,1.35,0.0,0.004,1.110294,0.004,0.0,1.110294
00-0033579,5777,Xavier Woods,S,Bears,2026,1.0,2026.0,1.35,1.35,0.05,0.004,1.125,0.004,0.05,1.075
00-0041065,13276,Jeremiah Wright,RG,Saints,2026,4.0,2029.0,5.392348,1.348087,1.012348,0.004,,,0.0,
00-0033918,5667,Fabian Moreau,CB,Commanders,2026,1.0,2026.0,1.3375,1.3375,0.0375,0.004,1.1125,0.003,0.0375,1.075
00-0036783,9779,Ryan McCollum,C,Steelers,2026,1.0,2026.0,1.3325,1.3325,0.075,0.004,1.3325,0.004,0.075,1.2575
00-0036980,9498,Elijah Moore,WR,Eagles,2026,1.0,2026.0,1.315,1.315,0.0,0.004,1.175,0.004,0.0,1.175
00-0035228,7792,Kyler Murray,QB,Vikings,2026,1.0,2026.0,1.3,1.3,0.0,0.004,1.3,0.004,0.0,1.3
00-0033662,6234,Cooper Rush,QB,Falcons,2026,1.0,2026.0,1.3,1.3,0.0,0.004,1.075,0.004,0.0,1.075
00-0033854,6299,Dare Ogunbowale,RB,Texans,2026,1.0,2026.0,1.3,1.3,0.0,0.004,0.895833,0.003,0.0,0.895833
00-0035250,7865,Devin Singletary,RB,Giants,2026,1.0,2026.0,1.3,1.3,0.0,0.004,2.55,0.008,1.25,1.2999999999999998
00-0035594,7995,Travis Homer,RB,Steelers,2026,1.0,2026.0,1.3,1.3,0.0,0.004,0.955556,0.003,0.0,0.955556
00-0033699,5865,Austin Ekeler,RB,Commanders,2026,1.0,2026.0,1.3,1.3,0.0,0.004,0.895833,0.003,0.0,0.895833
00-0032104,3902,Ameer Abdullah,RB,Jaguars,2026,1.0,2026.0,1.3,1.3,0.0,0.004,1.075,0.003,0.0,1.075
00-0035535,7962,Darius Slayton,WR,Jaguars,2026,1.0,2026.0,1.3,1.3,0.0,0.004,1.155556,0.004,0.0,1.155556
00-0034419,7095,Braxton Berrios,WR,Giants,2026,1.0,2026.0,1.3,1.3,0.0,0.004,0.895833,0.003,0.0,0.895833
00-0034272,7059,Marquez Valdes-Scantling,WR,Chargers,2026,1.0,2026.0,1.3,1.3,0.0,0.004,0.955556,0.003,0.0,0.955556
00-0032398,4820,Chris Moore,WR,Ravens,2026,1.0,2026.0,1.3,1.3,0.0,0.004,1.015278,0.003,0.0,1.015278
00-0033589,5812,David Moore,WR,Panthers,2026,1.0,2026.0,1.3,1.3,0.0,0.004,0.895833,0.003,0.0,0.895833
00-0031610,4052,Darren Waller,TE,Panthers,2026,1.0,2026.0,1.3,1.3,0.0,0.004,1.075,0.003,0.0,1.075
00-0034613,7519,Tanner Hudson,TE,Bengals,2026,1.0,2026.0,1.3,1.3,0.0,0.004,0.895833,0.003,0.0,0.895833
00-0034270,7042,Tyler Conklin,TE,Lions,2026,1.0,2026.0,1.3,1.3,0.0,0.004,1.075,0.003,0.0,1.075
00-0033757,6223,Robert Tonyan,TE,Steelers,2026,1.0,2026.0,1.3,1.3,0.0,0.004,1.075,0.003,0.0,1.075
00-0038595,10980,Jordan McFadden,LG,Bears,2026,1.0,2026.0,1.3,1.3,0.025,0.004,1.25,0.004,0.025,1.225
00-0033082,5441,Lucas Patrick,LG,Commanders,2026,1.0,2026.0,1.3,1.3,0.0,0.004,1.015278,0.003,0.0,1.015278
00-0037807,10112,Joshua Ezeudu,LG,Chiefs,2026,1.0,2026.0,1.3,1.3,0.4103,0.004,1.145,0.004,0.3303,0.8147
00-0034417,7091,Matt Pryor,RG,Patriots,2026,1.0,2026.0,1.3,1.3,0.0,0.004,0.895833,0.003,0.0,0.895833
00-0035409,8360,Shy Tuttle,IDL,Commanders,2026,1.0,2026.0,1.3,1.3,0.0,0.004,1.075,0.003,0.0,1.075
00-0031957,4065,Rakeem Nunez-Roches,IDL,Buccaneers,2026,1.0,2026.0,1.3,1.3,0.3,0.004,1.3,0.004,0.3,1.0
00-0034275,7065,Folorunso Fatukasi,IDL,Raiders,2026,1.0,2026.0,1.3,1.3,0.0,0.004,1.075,0.003,0.0,1.075
00-0033046,4757,Jihad Ward,ED,Giants,2026,1.0,2026.0,1.3,1.3,0.0,0.004,0.895833,0.003,0.0,0.895833
00-0034807,7045,Ogbonnia Okoronkwo,ED,49ers,2026,1.0,2026.0,1.3,1.3,0.0,0.004,1.015278,0.003,0.0,1.015278
00-0033902,5645,Tanoh Kpassagnon,ED,Titans,2026,1.0,2026.0,1.3,1.3,0.0,0.004,0.565,0.002,0.0,0.565
00-0035617,8482,Troy Reeder,LB,DET/NYJ,2026,1.0,2026.0,1.3,1.3,0.0,0.004,0.955556,0.003,0.0,0.955556
00-0034801,7670,Josh Woods,LB,Falcons,2026,1.0,2026.0,1.3,1.3,0.0,0.004,1.075,0.004,0.0,1.075
00-0035707,7796,Devin White,LB,Lions,2026,1.0,2026.0,1.3,1.3,0.0,0.004,1.075,0.003,0.0,1.075
00-0035239,7830,Sean Murphy-Bunting,CB,Steelers,2026,1.0,2026.0,1.3,1.3,0.0,0.004,0.3303,0.001,0.0,0.3303
00-0034780,6984,Isaac Yiadom,CB,Commanders,2026,1.0,2026.0,1.3,1.3,0.0,0.004,1.015278,0.003,0.0,1.015278
00-0033393,6132,Kenny Moore,CB,Eagles,2026,1.0,2026.0,1.3,1.3,0.0,0.004,1.583333,0.005,0.0,1.583333
00-0033941,5699,Rayshawn Jenkins,S,Steelers,2026,1.0,2026.0,1.3,1.3,0.0,0.004,1.075,0.003,0.0,1.075
00-0034794,7114,Jason Sanders,K,Jets,2026,1.0,2026.0,1.3,1.3,0.0,0.004,0.895833,0.003,0.0,0.895833
00-0034941,7901,Mitch Wishnowsky,P,Patriots,2026,1.0,2026.0,1.3,1.3,0.0,0.004,0.955556,0.003,0.0,0.955556
00-0033729,6158,Cameron Johnston,P,Steelers,2026,1.0,2026.0,1.3,1.3,0.0,0.004,1.075,0.003,0.0,1.075
00-0027224,1671,Jon Weeks,LS,49ers,2026,1.0,2026.0,1.3,1.3,0.0,0.004,1.075,0.003,0.0,1.075
00-0041067,13280,Bryce Lance,WR,Saints,2026,4.0,2029.0,5.169036,1.292259,0.789036,0.004,,,0.0,
00-0041069,13284,Colbie Young,WR,Bengals,2026,4.0,2029.0,5.169036,1.292259,0.789036,0.004,,,0.0,
00-0040879,13277,Matthew Hibner,TE,Ravens,2026,4.0,2029.0,5.169036,1.292259,0.789036,0.004,,,0.0,
00-0040880,13281,L.T. Overton,IDL,Cowboys,2026,4.0,2029.0,5.169036,1.292259,0.789036,0.004,,,0.0,
00-0041527,13282,Kyle Louis,LB,Dolphins,2026,4.0,2029.0,5.169036,1.292259,0.789036,0.004,,,0.0,
00-0041066,13278,Kendal Daniels,LB,Falcons,2026,4.0,2029.0,5.169036,1.292259,0.789036,0.004,,,0.0,
00-0041518,13279,Bryce Boettcher,LB,Colts,2026,4.0,2029.0,5.169036,1.292259,0.789036,0.004,,,0.0,
00-0041068,13283,Ephesians Prysock,CB,49ers,2026,4.0,2029.0,5.169036,1.292259,0.789036,0.004,,,0.0,
00-0036825,9915,Feleipe Franks,TE,Panthers,2026,1.0,2026.0,1.265,1.265,0.0,0.004,1.125,0.004,0.0,1.125
00-0036888,9676,Damar Hamlin,S,Bills,2026,1.0,2026.0,1.265,1.265,0.025,0.004,1.125,0.004,0.025,1.1
00-0037557,10408,Ronnie Rivers,RB,Rams,2026,1.0,2026.0,1.251,1.251,0.3303,0.004,0.621667,0.002,0.3303,0.291367
00-0038705,11202,Emari Demercado,RB,KC/DAL,2026,1.0,2026.0,1.25,1.25,0.55,0.004,1.188235,0.004,0.5,0.6882349999999999
00-0038742,11410,Tyrus Wheat,ED,Cowboys,2026,1.0,2026.0,1.245,1.245,0.1,0.004,1.245,0.004,0.1,1.145
00-0036844,9634,Garret Wallow,LB,49ers,2026,1.0,2026.0,1.24,1.24,0.3303,0.004,1.075,0.003,0.3303,0.7446999999999999
00-0041466,13285,Kamari Ramsey,S,Texans,2026,4.0,2029.0,4.94572,1.23643,0.56572,0.004,,,0.0,
00-0040881,13286,Fernando Carmona,RG,Titans,2026,4.0,2029.0,4.94072,1.23518,0.56072,0.004,,,0.0,
00-0041070,13287,Reggie Virgil,WR,Cardinals,2026,4.0,2029.0,4.9365,1.234125,0.5565,0.004,,,0.0,
00-0041071,13288,Sam Hecht,C,Panthers,2026,4.0,2029.0,4.934016,1.233504,0.554016,0.004,,,0.0,
00-0041072,13289,Nick Barrett,IDL,Chargers,2026,4.0,2029.0,4.92312,1.23078,0.54312,0.004,,,0.0,
00-0041073,13290,Parker Brailsford,C,Browns,2026,4.0,2029.0,4.910176,1.227544,0.530176,0.004,,,0.0,
00-0041074,13291,Joshua Josephs,ED,Commanders,2026,4.0,2029.0,4.906312,1.226578,0.526312,0.004,,,0.0,
00-0040882,13292,Beau Stephens,LG,Seahawks,2026,4.0,2029.0,4.902372,1.225593,0.522372,0.004,,,0.0,
00-0041075,13293,Justin Jefferson,LB,Browns,2026,4.0,2029.0,4.901056,1.225264,0.521056,0.004,,,0.0,
00-0040883,13294,Dalton Johnson,S,Raiders,2026,4.0,2029.0,4.899756,1.224939,0.519756,0.004,,,0.0,
00-0041076,13295,Zakee Wheatley,S,Panthers,2026,4.0,2029.0,4.890452,1.222613,0.510452,0.004,,,0.0,
00-0041077,13296,Justin Joly,TE,DEN/MIA,2026,4.0,2029.0,4.886104,1.221526,0.506104,0.004,,,0.0,
00-0040884,13297,Jager Burton,C,Packers,2026,4.0,2029.0,4.884,1.221,0.504,0.004,,,0.0,
00-0041078,13298,Jaden Dugger,LB,49ers,2026,4.0,2029.0,4.883348,1.220837,0.503348,0.004,,,0.0,
00-0041079,13299,DeMonte Capehart,IDL,Buccaneers,2026,4.0,2029.0,4.88216,1.22054,0.50216,0.004,,,0.0,
00-0041080,13300,George Gumbs,ED,Colts,2026,4.0,2029.0,4.8818,1.22045,0.5018,0.004,,,0.0,
00-0038585,10966,Cameron Mitchell,CB,Colts,2026,1.0,2026.0,1.22,1.22,0.025,0.004,1.22,0.004,0.025,1.195
00-0041445,13301,Keith Abney II,CB,Lions,2026,4.0,2029.0,4.8789,1.219725,0.4989,0.004,,,0.0,
00-0041528,13302,Michael Taaffe,S,Dolphins,2026,4.0,2029.0,4.875812,1.218953,0.495812,0.004,,,0.0,
00-0041081,13303,Max Bredeson,FB,Vikings,2026,4.0,2029.0,4.871544,1.217886,0.491544,0.004,,,0.0,
00-0041082,13304,Billy Schrauth,LG,Buccaneers,2026,4.0,2029.0,4.870204,1.217551,0.490204,0.004,,,0.0,
00-0041013,13305,Emmett Johnson,RB,Chiefs,2026,4.0,2029.0,4.865636,1.216409,0.485636,0.004,,,0.0,
00-0040885,13306,Chandler Rivers,CB,Ravens,2026,4.0,2029.0,4.863512,1.215878,0.483512,0.004,,,0.0,
00-0036212,8745,Tua Tagovailoa,QB,Falcons,2026,1.0,2026.0,1.215,1.215,0.0,0.004,1.215,0.004,0.0,1.215
00-0036924,9571,Michael Carter,RB,Titans,2026,1.0,2026.0,1.215,1.215,0.0,0.004,0.895833,0.003,0.0,0.895833
00-0036893,9488,Najee Harris,RB,Giants,2026,1.0,2026.0,1.215,1.215,0.0,0.004,1.075,0.004,0.0,1.075
00-0037745,10116,Velus Jones Jr.,RB,Seahawks,2026,1.0,2026.0,1.215,1.215,0.0,0.004,0.485044,0.002,0.0,0.485044
00-0037276,10214,Ty Chandler,RB,Saints,2026,1.0,2026.0,1.215,1.215,0.0,0.004,0.565,0.002,0.0,0.565
00-0036984,9552,Trey Sermon,RB,Falcons,2026,1.0,2026.0,1.215,1.215,0.0,0.004,0.565,0.002,0.0,0.565
00-0036425,8884,DeeJay Dallas,RB,Vikings,2026,1.0,2026.0,1.215,1.215,0.0,0.004,1.015278,0.003,0.0,1.015278
00-0036727,9808,Adam Prentice,FB,Broncos,2026,1.0,2026.0,1.215,1.215,0.0,0.004,0.454416,0.001,0.0,0.454416
00-0035359,8401,David Sills,WR,Buccaneers,2026,1.0,2026.0,1.215,1.215,0.0,0.004,1.075,0.003,0.0,1.075
00-0035544,8635,Tom Kennedy,WR,Lions,2026,1.0,2026.0,1.215,1.215,0.0,0.004,1.075,0.003,0.0,1.075
00-0035500,8297,Greg Dortch,WR,Bills,2026,1.0,2026.0,1.215,1.215,0.0,0.004,0.955556,0.003,0.0,0.955556
00-0037132,10651,Britain Covey,WR,Eagles,2026,1.0,2026.0,1.215,1.215,0.0,0.004,1.015278,0.003,0.0,1.015278
00-0036272,8856,Ben Bartch,LT,Lions,2026,1.0,2026.0,1.215,1.215,0.3303,0.004,1.075,0.003,0.3303,0.7446999999999999
00-0036105,9267,Nick Leverett,LG,Cowboys,2026,1.0,2026.0,1.215,1.215,0.0,0.004,1.075,0.003,0.0,1.075
00-0037831,10232,Nick Zakelj,LG,49ers,2026,1.0,2026.0,1.215,1.215,0.0,0.004,0.565,0.002,0.0,0.565
00-0035686,7869,Michael Deiter,C,Broncos,2026,1.0,2026.0,1.215,1.215,0.0,0.004,0.565,0.002,0.0,0.565
00-0035062,8125,Sam Mustipher,C,Jaguars,2026,1.0,2026.0,1.215,1.215,0.0,0.004,0.565,0.002,0.0,0.565
00-0036866,9574,James Hudson,RT,Titans,2026,1.0,2026.0,1.215,1.215,0.0,0.004,1.075,0.003,0.0,1.075
00-0036337,8870,James Lynch,IDL,Bears,2026,1.0,2026.0,1.215,1.215,0.0,0.004,1.075,0.003,0.0,1.075
00-0036954,9505,Levi Onwuzurike,IDL,Lions,2026,1.0,2026.0,1.215,1.215,0.0,0.004,1.1475,0.004,0.0,1.1475
00-0037051,10580,Elijah Garcia,IDL,Cowboys,2026,1.0,2026.0,1.215,1.215,0.0,0.004,0.895833,0.003,0.0,0.895833
00-0036695,9800,Naquan Jones,IDL,49ers,2026,1.0,2026.0,1.215,1.215,0.0,0.004,1.08,0.003,0.0,1.08
00-0036922,9698,Patrick Johnson,ED,Raiders,2026,1.0,2026.0,1.215,1.215,0.0,0.004,1.075,0.003,0.0,1.075
00-0036682,9814,Malik Herring,ED,Dolphins,2026,1.0,2026.0,1.215,1.215,0.0,0.004,1.075,0.003,0.0,1.075
00-0036341,8887,Khalid Kareem,ED,49ers,2026,1.0,2026.0,1.215,1.215,0.0,0.004,1.075,0.003,0.0,1.075
00-0036237,8914,Larrell Murchison,ED,Rams,2026,1.0,2026.0,1.215,1.215,0.0,0.004,0.3303,0.001,0.0,0.3303
00-0037544,10655,Nephi Sewell,LB,Bears,2026,1.0,2026.0,1.215,1.215,0.0,0.004,0.565,0.002,0.0,0.565
00-0036356,8748,Isaiah Simmons,LB,Panthers,2026,1.0,2026.0,1.215,1.215,0.0,0.004,0.955556,0.003,0.0,0.955556
00-0035363,8262,Joe Giles-Harris,LB,Bengals,2026,1.0,2026.0,1.215,1.215,0.0,0.004,0.955556,0.003,0.0,0.955556
00-0037109,10692,Jack Sanborn,LB,Bears,2026,1.0,2026.0,1.215,1.215,0.0,0.004,1.075,0.003,0.0,1.075
00-0035352,8394,Tyrel Dodson,LB,Panthers,2026,1.0,2026.0,1.215,1.215,0.0,0.004,,,0.0,
00-0036716,9824,Amen Ogbongbemiga,LB,Lions,2026,1.0,2026.0,1.215,1.215,0.0,0.004,0.895833,0.003,0.0,0.895833
00-0038039,10166,Jack Jones,CB,49ers,2026,1.0,2026.0,1.215,1.215,0.0,0.004,1.075,0.003,0.0,1.075
00-0036374,8878,L'Jarius Sneed,CB,Chiefs,2026,1.0,2026.0,1.215,1.215,0.0,0.004,1.215,0.004,0.0,1.215
00-0035665,7870,David Long,CB,NO/NYG,2026,1.0,2026.0,1.215,1.215,0.0,0.004,0.565,0.002,0.0,0.565
00-0036993,9565,Ifeatu Melifonwu,CB,Buccaneers,2026,1.0,2026.0,1.215,1.215,0.0,0.004,0.895833,0.003,0.0,0.895833
00-0037106,10508,Jaylon Jones,CB,Jaguars,2026,1.0,2026.0,1.215,1.215,0.0,0.004,,,0.0,
00-0037323,10284,Rodney Thomas,CB,Seahawks,2026,1.0,2026.0,1.215,1.215,0.0,0.004,0.955556,0.003,0.0,0.955556
00-0037395,10573,Dallis Flowers,CB,Bears,2026,1.0,2026.0,1.215,1.215,0.0,0.004,0.565,0.002,0.0,0.565
00-0036287,8770,Noah Igbinoghene,CB,Browns,2026,1.0,2026.0,1.215,1.215,0.0,0.004,1.075,0.003,0.0,1.075
00-0037307,10259,Ja'Sir Taylor,CB,Bengals,2026,1.0,2026.0,1.215,1.215,0.0,0.004,0.565,0.002,0.0,0.565
00-0036395,8867,K'Von Wallace,S,Ravens,2026,1.0,2026.0,1.215,1.215,0.0,0.004,0.895833,0.003,0.0,0.895833
00-0036638,9627,Darrick Forrest,S,49ers,2026,1.0,2026.0,1.215,1.215,0.0,0.004,0.565,0.002,0.0,0.565
00-0036421,8844,Terrell Burgess,S,Titans,2026,1.0,2026.0,1.215,1.215,0.0,0.004,1.075,0.003,0.0,1.075
00-0035821,9101,Corliss Waitman,P,49ers,2026,1.0,2026.0,1.215,1.215,0.0,0.004,1.075,0.003,0.0,1.075
00-0037412,10574,Cal Adomitis,LS,Saints,2026,1.0,2026.0,1.215,1.215,0.0,0.004,0.955556,0.003,0.0,0.955556
00-0036943,10007,Mitchell Fraboni,LS,Broncos,2026,1.0,2026.0,1.215,1.215,0.0,0.004,0.955556,0.003,0.0,0.955556
00-0034067,6885,Scott Daly,LS,Bears,2026,1.0,2026.0,1.215,1.215,0.0,0.004,0.955556,0.003,0.0,0.955556
00-0041083,13307,Charles Demmings,CB,Vikings,2026,4.0,2029.0,4.858864,1.214716,0.478864,0.004,,,0.0,
00-0041084,13308,Tanner Koziol,TE,Jaguars,2026,4.0,2029.0,4.85684,1.21421,0.47684,0.004,,,0.0,
00-0040886,13309,Nick Singleton,RB,Titans,2026,4.0,2029.0,4.848644,1.212161,0.0,0.004,,,0.0,
00-0041085,13310,Keyshaun Elliott,LB,Bears,2026,4.0,2029.0,4.84754,1.211885,0.46754,0.004,,,0.0,
00-0041086,13311,Jalon Kilgore,S,Bills,2026,4.0,2029.0,4.843324,1.210831,0.463324,0.004,,,0.0,
00-0041446,13312,Kendrick Law,WR,Lions,2026,4.0,2029.0,4.830132,1.207533,0.450132,0.004,,,0.0,
00-0041398,13313,Riley Nowakowski,TE,Steelers,2026,4.0,2029.0,4.823256,1.205814,0.443256,0.004,,,0.0,
00-0041087,13314,Joe Royer,TE,Browns,2026,4.0,2029.0,4.812596,1.203149,0.432596,0.004,,,0.0,
00-0037317,10272,Nick Muse,TE,Falcons,2026,2.0,2027.0,2.405,1.2025,0.0,0.004,1.081389,0.004,0.0,1.081389
00-0036511,9744,Milo Eifler,LB,Titans,2026,2.0,2027.0,2.405,1.2025,0.0,0.004,0.59,0.002,0.0,0.59
00-0038624,11038,Ameer Speed,CB,Cowboys,2026,2.0,2027.0,2.405,1.2025,0.0,0.004,1.145,0.003,0.0,1.145
00-0041088,13315,Karon Prunty,CB,Patriots,2026,4.0,2029.0,4.807348,1.201837,0.427348,0.004,,,0.0,
00-0041089,13316,Lorenzo Styles Jr.,S,Saints,2026,4.0,2029.0,4.800788,1.200197,0.420788,0.004,,,0.0,
00-0037157,10531,Zonovan Knight,RB,Cardinals,2026,1.0,2026.0,1.195,1.195,0.025,0.004,1.195,0.004,0.025,1.1700000000000002
00-0038629,11049,Jovaughn Gwyn,C,Ravens,2026,1.0,2026.0,1.195,1.195,0.0,0.004,1.195,0.004,0.0,1.195
00-0038603,10997,Robert Beal Jr.,ED,Dolphins,2026,1.0,2026.0,1.195,1.195,0.05,0.004,1.195,0.004,0.05,1.145
00-0040891,13322,Cole Payton,QB,Eagles,2026,4.0,2029.0,4.759476,1.189869,0.379476,0.004,,,0.0,
00-0040888,13318,Adam Randall,RB,Ravens,2026,4.0,2029.0,4.759476,1.189869,0.379476,0.004,,,0.0,
00-0040890,13320,Cyrus Allen,WR,Chiefs,2026,4.0,2029.0,4.759476,1.189869,0.379476,0.004,,,0.0,
00-0041529,13321,Kevin Coleman Jr.,WR,Dolphins,2026,4.0,2029.0,4.759476,1.189869,0.379476,0.004,,,0.0,
00-0040887,13317,Josh Cuevas,TE,Ravens,2026,4.0,2029.0,4.759476,1.189869,0.379476,0.004,,,0.0,
00-0041579,13324,Seydou Traore,TE,Dolphins,2026,4.0,2029.0,4.759476,1.189869,0.379476,0.004,,,0.0,
00-0041090,13323,Enrique Cruz Jr.,RT,49ers,2026,4.0,2029.0,4.759476,1.189869,0.379476,0.004,,,0.0,
00-0041091,13325,Zane Durant,IDL,Bills,2026,4.0,2029.0,4.759476,1.189869,0.379476,0.004,,,0.0,
00-0040889,13319,Hezekiah Masses,CB,Raiders,2026,4.0,2029.0,4.759476,1.189869,0.379476,0.004,,,0.0,
00-0041092,13326,Taylen Green,QB,Browns,2026,4.0,2029.0,4.718164,1.179541,0.338164,0.004,,,0.0,
00-0041093,13327,Karson Sharar,LB,Cardinals,2026,4.0,2029.0,4.708432,1.177108,0.328432,0.004,,,0.0,
00-0040892,13328,Jackie Marshall,IDL,Titans,2026,4.0,2029.0,4.703124,1.175781,0.0,0.004,,,0.0,
00-0037755,10118,Jelani Woods,TE,Jets,2026,1.0,2026.0,1.175,1.175,0.0,0.004,1.104412,0.003,0.0,1.104412
00-0041094,13329,Bauer Sharp,TE,Buccaneers,2026,4.0,2029.0,4.69658,1.174145,0.31658,0.004,,,0.0,
00-0041095,13330,Bobby Jamison-Travis,IDL,Giants,2026,4.0,2029.0,4.689576,1.172394,0.309576,0.004,,,0.0,
00-0041096,13331,Kaytron Allen,RB,Commanders,2026,4.0,2029.0,4.683952,1.170988,0.303952,0.004,,,0.0,
00-0036556,9611,Brevin Jordan,TE,Texans,2026,1.0,2026.0,1.17,1.17,0.025,0.004,1.17,0.004,0.025,1.145
00-0041097,13332,Anez Cooper,RG,Jets,2026,4.0,2029.0,4.67984,1.16996,0.29984,0.004,,,0.0,
00-0041098,13333,Brian Parker II,C,Bengals,2026,4.0,2029.0,4.67782,1.169455,0.29782,0.004,,,0.0,
00-0041099,13334,Barion Brown,WR,Saints,2026,4.0,2029.0,4.674016,1.168504,0.294016,0.004,,,0.0,
00-0041100,13335,Josh Cameron,WR,Jaguars,2026,4.0,2029.0,4.670072,1.167518,0.290072,0.004,,,0.0,
00-0041101,13336,J.C. Davis,RT,Giants,2026,4.0,2029.0,4.66892,1.16723,0.28892,0.004,,,0.0,
00-0041102,13337,Jack Kelly,LB,Giants,2026,4.0,2029.0,4.662648,1.165662,0.282648,0.004,,,0.0,
00-0040893,13338,Pat Coogan,C,Titans,2026,4.0,2029.0,4.65878,1.164695,0.27878,0.004,,,0.0,
00-0040894,13339,Malik Benson,WR,Raiders,2026,4.0,2029.0,4.657732,1.164433,0.277732,0.004,,,0.0,
00-0041103,13340,Dametrious Crownover,RT,Patriots,2026,4.0,2029.0,4.656432,1.164108,0.276432,0.004,,,0.0,
00-0041399,13341,C.J. Daniels,WR,Rams,2026,4.0,2029.0,4.655244,1.163811,0.275244,0.004,,,0.0,
00-0041104,13342,Demond Claiborne,RB,Vikings,2026,4.0,2029.0,4.65358,1.163395,0.27358,0.004,,,0.0,
00-0041530,13344,D.J. Campbell,RG,Dolphins,2026,4.0,2029.0,4.652636,1.163159,0.272636,0.004,,,0.0,
00-0041105,13346,Logan Taylor,LG,Chargers,2026,4.0,2029.0,4.650768,1.162692,0.0,0.004,,,0.0,
00-0041106,13347,C.J. Williams,WR,Jaguars,2026,4.0,2029.0,4.64828,1.16207,0.26828,0.004,,,0.0,
00-0041447,13349,Skyler Gill-Howard,IDL,Lions,2026,4.0,2029.0,4.643292,1.160823,0.263292,0.004,,,0.0,
00-0037527,10587,Segun Olubi,LB,Raiders,2026,1.0,2026.0,1.16,1.16,0.015,0.004,1.16,0.004,0.015,1.145
00-0041107,13350,Alex Harkey,RG,Chargers,2026,4.0,2029.0,4.639608,1.159902,0.259608,0.004,,,0.0,
00-0040897,13351,Micah Morris,LG,Eagles,2026,4.0,2029.0,4.635764,1.158941,0.255764,0.004,,,0.0,
00-0041484,13352,Anterio Thompson,IDL,Falcons,2026,4.0,2029.0,4.634632,1.158658,0.254632,0.004,,,0.0,
00-0041108,13353,Matt Gulbin,C,Commanders,2026,4.0,2029.0,4.633576,1.158394,0.253576,0.004,,,0.0,
00-0041400,13354,Gabriel Rubio,IDL,Steelers,2026,4.0,2029.0,4.6269,1.156725,0.2469,0.004,,,0.0,
00-0040898,13355,Ryan Eckley,P,Ravens,2026,4.0,2029.0,4.622848,1.155712,0.242848,0.004,,,0.0,
00-0037305,10254,Luke Tenuta,LT,Colts,2026,1.0,2026.0,1.155,1.155,0.3,0.004,1.155,0.004,0.3,0.855
00-0041109,13356,Namdi Obiazor,LB,Patriots,2026,4.0,2029.0,4.618872,1.154718,0.238872,0.004,,,0.0,
00-0041110,13357,Jordan van den Berg,IDL,Bears,2026,4.0,2029.0,4.611608,1.152902,0.231608,0.004,,,0.0,
00-0038399,11008,Zaire Barnes,LB,Giants,2026,1.0,2026.0,1.15,1.15,0.25,0.004,1.15,0.004,0.25,0.8999999999999999
00-0041111,13358,Caden Curry,ED,Colts,2026,4.0,2029.0,4.586532,1.146633,0.206532,0.004,,,0.0,
00-0041112,13359,Harold Perkins Jr.,LB,Falcons,2026,4.0,2029.0,4.586532,1.146633,0.206532,0.004,,,0.0,
00-0040899,13360,Trey Smack,K,Packers,2026,4.0,2029.0,4.586532,1.146633,0.206532,0.004,,,0.0,
00-0037327,10292,Skylar Thompson,QB,Ravens,2026,1.0,2026.0,1.145,1.145,0.0,0.004,0.59,0.002,0.0,0.59
00-0038794,11344,Jaleel McLaughlin,RB,Browns,2026,1.0,2026.0,1.145,1.145,0.0,0.004,1.081389,0.003,0.0,1.081389
00-0037120,10443,Tyler Goodson,RB,DAL/ATL,2026,1.0,2026.0,1.145,1.145,0.0,0.004,1.081389,0.003,0.0,1.081389
00-0039062,10863,Jonathan Mingo,WR,Cowboys,2026,1.0,2026.0,1.145,1.145,0.0,0.004,1.145,0.003,0.0,1.145
00-0038576,10955,Charlie Jones,WR,Giants,2026,1.0,2026.0,1.145,1.145,0.0,0.004,0.954167,0.003,0.0,0.954167
00-0037091,10274,Bo Melton,WR,Packers,2026,1.0,2026.0,1.145,1.145,0.0,0.004,1.081389,0.003,0.0,1.081389
00-0035602,8471,Alex Bachman,WR,Rams,2026,1.0,2026.0,1.145,1.145,0.0,0.004,0.3303,0.001,0.0,0.3303
00-0035891,9071,Cody White,WR,Raiders,2026,1.0,2026.0,1.145,1.145,0.0,0.004,0.954167,0.003,0.0,0.954167
00-0038643,11071,Brayden Willis,TE,49ers,2026,1.0,2026.0,1.145,1.145,0.0,0.004,1.081389,0.003,0.0,1.081389
00-0038710,11201,Blake Whiteheart,TE,Browns,2026,1.0,2026.0,1.145,1.145,0.0,0.004,1.145,0.003,0.0,1.145
00-0037303,10251,Matt Henningsen,IDL,Broncos,2026,1.0,2026.0,1.145,1.145,0.0,0.004,0.59,0.002,0.0,0.59
00-0038980,10899,Zach Harrison,ED,Falcons,2026,1.0,2026.0,1.145,1.145,0.0,0.004,1.017778,0.003,0.0,1.017778
00-0038782,11094,Eku Leota,ED,Cardinals,2026,1.0,2026.0,1.145,1.145,0.0,0.004,1.145,0.003,0.0,1.145
00-0036239,8982,Jonathan Garvin,ED,Bears,2026,1.0,2026.0,1.145,1.145,0.0,0.004,0.59,0.002,0.0,0.59
00-0037665,10101,Sam Williams,ED,Browns,2026,1.0,2026.0,1.145,1.145,0.0,0.004,1.145,0.003,0.0,1.145
00-0036926,9492,Payton Turner,ED,Lions,2026,1.0,2026.0,1.145,1.145,0.0,0.004,0.59,0.002,0.0,0.59
00-0036634,9617,Tony Fields II,LB,Bears,2026,1.0,2026.0,1.145,1.145,0.0,0.004,0.59,0.002,0.0,0.59
00-0037526,10435,Marcelino McCrary-Ball,CB,Jets,2026,1.0,2026.0,1.145,1.145,0.0,0.004,1.145,0.004,0.0,1.145
00-0038105,10160,Damarri Mathis,CB,Browns,2026,1.0,2026.0,1.145,1.145,0.0,0.004,0.59,0.002,0.0,0.59
00-0038765,11494,Ty Okada,CB,Seahawks,2026,1.0,2026.0,1.145,1.145,0.0,0.004,1.145,0.004,0.0,1.145
00-0037461,10585,Tristin McCollum,CB,Raiders,2026,1.0,2026.0,1.145,1.145,0.0,0.004,1.145,0.004,0.0,1.145
00-0037661,10766,Ja'Marcus Ingram,CB,Texans,2026,1.0,2026.0,1.145,1.145,0.0,0.004,0.59,0.002,0.0,0.59
00-0038616,11026,Christian Braswell,CB,Jaguars,2026,1.0,2026.0,1.145,1.145,0.0,0.004,1.145,0.004,0.0,1.145
00-0037686,10814,Tucker Addington,LS,Dolphins,2026,1.0,2026.0,1.145,1.145,0.0,0.004,1.145,0.004,0.0,1.145
00-0038360,11110,Alex Ward,LS,Raiders,2026,1.0,2026.0,1.145,1.145,0.0,0.004,1.145,0.004,0.0,1.145
00-0041113,13361,Jayden Williams,RG,Cardinals,2026,4.0,2029.0,4.561452,1.140363,0.181452,0.004,,,0.0,
00-0041115,13364,Toriano Pride Jr.,CB,CLE/BUF,2026,4.0,2029.0,4.55578,1.138945,0.17578,0.004,,,0.0,
00-0041116,13365,Jack Endries,TE,Bengals,2026,4.0,2029.0,4.551016,1.137754,0.171016,0.004,,,0.0,
00-0041117,13367,Athan Kaliakmanis,QB,Commanders,2026,4.0,2029.0,4.544656,1.136164,0.164656,0.004,,,0.0,
00-0041401,13368,Robert Spears-Jennings,S,Steelers,2026,4.0,2029.0,4.543928,1.135982,0.163928,0.004,,,0.0,
00-0040901,13369,Jaren Kanak,TE,Titans,2026,4.0,2029.0,4.543412,1.135853,0.163412,0.004,,,0.0,
00-0041118,13370,Landon Robinson,IDL,Bengals,2026,4.0,2029.0,4.542284,1.135571,0.162284,0.004,,,0.0,
00-0041119,13371,Jackson Kuwatch,LB,Panthers,2026,4.0,2029.0,4.53908,1.13477,0.15908,0.004,,,0.0,
00-0041120,13372,V.J. Payne,S,Jets,2026,4.0,2029.0,4.538176,1.134544,0.158176,0.004,,,0.0,
00-0041490,13374,Eli Heidenreich,RB,Steelers,2026,4.0,2029.0,4.535984,1.133996,0.155984,0.004,,,0.0,
00-0041121,13375,Ethan Onianwa,LG,Falcons,2026,4.0,2029.0,4.535928,1.133982,0.155928,0.004,,,0.0,
00-0041122,13377,Zach Durfee,ED,Jaguars,2026,4.0,2029.0,4.531856,1.132964,0.151856,0.004,,,0.0,
00-0038635,11057,Andre Jones Jr.,ED,Dolphins,2026,2.0,2027.0,2.265,1.1325,0.0,0.004,0.955556,0.003,0.0,0.955556
00-0039877,11766,Mohamed Kamara,ED,Buccaneers,2026,2.0,2027.0,2.265,1.1325,0.0,0.004,0.565,0.002,0.0,0.565
00-0041123,13378,Behren Morton,QB,Patriots,2026,4.0,2029.0,4.529228,1.132307,0.149228,0.004,,,0.0,
00-0041125,13381,Seth McGowan,RB,Colts,2026,4.0,2029.0,4.514908,1.128727,0.134908,0.004,,,0.0,
00-0041126,13383,Tommy Doman,P,Bills,2026,4.0,2029.0,4.512172,1.128043,0.132172,0.004,,,0.0,
00-0041127,13384,Parker Hughes,LB,Jaguars,2026,4.0,2029.0,4.510792,1.127698,0.130792,0.004,,,0.0,
00-0041128,13385,Ar'Maj Reed-Adams,RG,Bills,2026,4.0,2029.0,4.509752,1.127438,0.129752,0.004,,,0.0,
00-0041449,13387,Aiden Fisher,LB,Texans,2026,4.0,2029.0,4.507568,1.126892,0.127568,0.004,,,0.0,
00-0041402,13391,Quintayvious Hutchins,ED,Patriots,2026,4.0,2029.0,4.502092,1.125523,0.122092,0.004,,,0.0,
00-0040906,13393,Garrett Nussmeier,QB,Chiefs,2026,4.0,2029.0,4.500488,1.125122,0.120488,0.004,,,0.0,
00-0041132,13398,Deion Burks,WR,Colts,2026,4.0,2029.0,4.500488,1.125122,0.120488,0.004,,,0.0,
00-0041133,13400,Dallen Bentley,TE,Broncos,2026,4.0,2029.0,4.500488,1.125122,0.120488,0.004,,,0.0,
00-0041131,13392,Carsen Ryan,TE,Browns,2026,4.0,2029.0,4.500488,1.125122,0.120488,0.004,,,0.0,
00-0039832,11823,Jarrett Kingston,LG,MIA/HOU,2026,1.0,2026.0,1.1,1.1,0.015,0.004,1.075,0.003,0.0,1.075
00-0038498,11261,E.J. Jenkins,TE,Eagles,2026,2.0,2027.0,2.165333,1.082667,0.040333,0.004,1.025166,0.003,0.049333,0.9758330000000001
00-0037085,10241,Tyler Badie,RB,Broncos,2026,1.0,2026.0,1.075,1.075,0.0,0.004,1.075,0.004,0.0,1.075
00-0039299,12000,George Holani,RB,Seahawks,2026,1.0,2026.0,1.075,1.075,0.0,0.004,1.075,0.003,0.0,1.075
00-0037329,10295,Brittain Brown,RB,Bears,2026,1.0,2026.0,1.075,1.075,0.0,0.004,0.54,0.002,0.0,0.54
00-0039391,11789,Kimani Vidal,RB,Chargers,2026,1.0,2026.0,1.075,1.075,0.0,0.004,1.075,0.004,0.0,1.075
00-0039816,11750,Anthony Gould,WR,Colts,2026,1.0,2026.0,1.075,1.075,0.0,0.004,0.955556,0.003,0.0,0.955556
00-0036463,9449,Chris Blair,WR,Falcons,2026,1.0,2026.0,1.075,1.075,0.0,0.004,1.075,0.004,0.0,1.075
00-0035045,8204,D.J. Montgomery,WR,Colts,2026,1.0,2026.0,1.075,1.075,0.0,0.004,0.565,0.002,0.0,0.565
00-0038824,11504,Ryan Miller,WR,Dolphins,2026,1.0,2026.0,1.075,1.075,0.0,0.004,1.075,0.003,0.0,1.075
00-0038839,11507,Mitchell Tinsley,WR,Bengals,2026,1.0,2026.0,1.075,1.075,0.0,0.004,0.895833,0.003,0.0,0.895833
00-0037231,10540,Kevin Austin Jr.,WR,Saints,2026,1.0,2026.0,1.075,1.075,0.0,0.004,0.895833,0.003,0.0,0.895833
00-0038519,11319,Nikko Remigio,WR,Chiefs,2026,1.0,2026.0,1.075,1.075,0.0,0.004,1.075,0.004,0.0,1.075
00-0039920,11673,Malachi Corley,WR,Browns,2026,1.0,2026.0,1.075,1.075,0.0,0.004,1.075,0.003,0.0,1.075
00-0037078,10194,Cole Turner,TE,Dolphins,2026,1.0,2026.0,1.075,1.075,0.0,0.004,0.565,0.002,0.0,0.565
00-0035829,9052,Austen Pleasants,LT,49ers,2026,1.0,2026.0,1.075,1.075,0.0,0.004,1.075,0.003,0.0,1.075
00-0039784,12078,Justin Dedich,C,Rams,2026,1.0,2026.0,1.075,1.075,0.0,0.004,1.075,0.003,0.0,1.075
00-0037266,10200,Matt Waletzko,RT,Chiefs,2026,1.0,2026.0,1.075,1.075,0.0,0.004,0.565,0.002,0.0,0.565
00-0039289,12103,Leonard Taylor,IDL,Patriots,2026,1.0,2026.0,1.075,1.075,0.0,0.004,1.075,0.003,0.0,1.075
00-0039402,11808,Jaden Crumedy,IDL,Texans,2026,1.0,2026.0,1.075,1.075,0.0,0.004,1.075,0.003,0.0,1.075
00-0036093,9277,Bill Murray,IDL,Rams,2026,1.0,2026.0,1.075,1.075,0.0,0.004,1.075,0.003,0.0,1.075
00-0039431,11851,Jowon Briggs,IDL,Jets,2026,1.0,2026.0,1.075,1.075,0.0,0.004,1.075,0.003,0.0,1.075
00-0038778,11086,Jalen Redmond,IDL,Vikings,2026,1.0,2026.0,1.075,1.075,0.0,0.004,1.075,0.003,0.0,1.075
00-0037294,10239,Jordan Jackson,IDL,Broncos,2026,1.0,2026.0,1.075,1.075,0.0,0.004,1.075,0.004,0.0,1.075
00-0039902,11665,Chris Braswell,ED,Texans,2026,1.0,2026.0,1.075,1.075,0.0,0.004,0.895833,0.003,0.0,0.895833
00-0039718,11898,Bo Richter,ED,Vikings,2026,1.0,2026.0,1.075,1.075,0.0,0.004,1.075,0.003,0.0,1.075
00-0037057,10404,Keir Thomas,ED,Rams,2026,1.0,2026.0,1.075,1.075,0.0,0.004,0.565,0.002,0.0,0.565
00-0037799,12311,Dondrea Tillman,ED,Broncos,2026,1.0,2026.0,1.075,1.075,0.0,0.004,1.075,0.004,0.0,1.075
00-0038489,11289,Ben VanSumeren,LB,Chiefs,2026,1.0,2026.0,1.075,1.075,0.0,0.004,1.015278,0.003,0.0,1.015278
00-0039313,12196,Swayze Bozeman,LB,Bengals,2026,1.0,2026.0,1.075,1.075,0.0,0.004,1.075,0.003,0.0,1.075
00-0039565,12104,Levelle Bailey,LB,Broncos,2026,1.0,2026.0,1.075,1.075,0.0,0.004,0.565,0.002,0.0,0.565
00-0039395,11796,Jamal Hill,LB,Texans,2026,1.0,2026.0,1.075,1.075,0.0,0.004,1.015278,0.003,0.0,1.015278
00-0038890,11396,Shaka Heyward,LB,Dolphins,2026,1.0,2026.0,1.075,1.075,0.0,0.004,0.895833,0.003,0.0,0.895833
00-0039903,11632,Terrion Arnold,CB,Seahawks,2026,1.0,2026.0,1.075,1.075,0.0,0.004,1.075,0.003,0.0,1.075
00-0038986,11074,Nic Jones,CB,Giants,2026,1.0,2026.0,1.075,1.075,0.0,0.004,1.075,0.004,0.0,1.075
00-0038565,10926,Mekhi Blackmon,CB,Browns,2026,1.0,2026.0,1.075,1.075,0.2,0.004,1.325,0.004,0.2,1.125
00-0038663,11413,Starling Thomas V,CB,Cardinals,2026,1.0,2026.0,1.075,1.075,0.0,0.004,0.955556,0.003,0.0,0.955556
00-0038866,11099,A.J. Finley,S,Seahawks,2026,1.0,2026.0,1.075,1.075,0.0,0.004,1.075,0.003,0.0,1.075
00-0036683,9817,Devon Key,S,Broncos,2026,1.0,2026.0,1.075,1.075,0.0,0.004,1.075,0.004,0.0,1.075
00-0038414,11082,Kendall Williamson,S,Chargers,2026,1.0,2026.0,1.075,1.075,0.0,0.004,1.075,0.004,0.0,1.075
00-0039622,12012,Isaiah Stalbird,S,Saints,2026,1.0,2026.0,1.075,1.075,0.0,0.004,1.075,0.003,0.0,1.075
00-0039172,11581,Jake Bates,K,Lions,2026,1.0,2026.0,1.075,1.075,0.0,0.004,1.075,0.003,0.0,1.075
00-0037284,10225,Matt Araiza,P,Chiefs,2026,1.0,2026.0,1.075,1.075,0.0,0.004,1.075,0.004,0.0,1.075
00-0036443,9430,Rex Sunahara,LS,Browns,2026,1.0,2026.0,1.075,1.075,0.0,0.004,1.075,0.003,0.0,1.075
00-0038817,11501,Evan Deckers,LS,Buccaneers,2026,1.0,2026.0,1.075,1.075,0.0,0.004,1.075,0.003,0.0,1.075
00-0040494,12646,Max Brosmer,QB,Vikings,2026,2.0,2027.0,2.125,1.0625,0.0,0.004,0.8375,0.003,0.0,0.8375
00-0040432,12666,Beaux Collins,WR,Falcons,2026,2.0,2027.0,2.125,1.0625,0.0,0.004,0.54,0.002,0.0,0.54
00-0039518,12217,Treyton Welch,TE,Saints,2026,2.0,2027.0,2.125,1.0625,0.0,0.004,1.005,0.003,0.0,1.005
00-0038735,11411,Princeton Fant,TE,Cowboys,2026,2.0,2027.0,2.125,1.0625,0.0,0.004,0.54,0.002,0.0,0.54
00-0039830,11798,Dylan McMahon,C,Rams,2026,2.0,2027.0,2.125,1.0625,0.0,0.004,1.005,0.003,0.0,1.005
00-0040541,12857,Torricelli Simpkins III,RG,Panthers,2026,2.0,2027.0,2.125,1.0625,0.0,0.004,0.8375,0.003,0.0,0.8375
00-0036788,9893,Jack Heflin,IDL,Jets,2026,2.0,2027.0,2.125,1.0625,0.0,0.004,0.893333,0.003,0.0,0.893333
00-0039239,11863,Kalen King,CB,Cardinals,2026,2.0,2027.0,2.125,1.0625,0.0,0.004,0.949167,0.003,0.0,0.949167
00-0038620,11032,Erick Hallett,CB,Titans,2026,2.0,2027.0,2.125,1.0625,0.0,0.004,0.893333,0.003,0.0,0.893333
00-0039267,11878,Andre' Sam,S,Eagles,2026,2.0,2027.0,2.125,1.0625,0.0,0.004,0.54,0.002,0.0,0.54
00-0039532,12076,Julius Wood,S,Dolphins,2026,2.0,2027.0,2.125,1.0625,0.0,0.004,1.005,0.003,0.0,1.005
00-0039383,11772,Jaylin Simpson,S,Dolphins,2026,2.0,2027.0,2.125,1.0625,0.0,0.004,0.949167,0.003,0.0,0.949167
00-0040654,12771,Kai Kroeger,P,NO/HOU,2026,2.0,2027.0,2.125,1.0625,0.0,0.004,1.005,0.003,0.0,1.005
00-0040411,12742,Alijah Huzzie,CB,Jaguars,2026,1.0,2026.0,1.055,1.055,0.05,0.004,0.2475,0.001,0.0,0.2475
00-0041404,13788,Wesley Bailey,ED,Rams,2026,3.0,2028.0,3.135,1.045,0.035,0.003,,,0.0,
00-0041142,13637,Thaddeus Dixon,CB,Giants,2026,3.0,2028.0,3.135,1.045,0.2825,0.003,,,0.0,
00-0041136,13433,Rene Konga,IDL,Dolphins,2026,3.0,2028.0,3.13,1.043333,0.2775,0.003,,,0.0,
00-0041363,13808,James Thompson Jr.,IDL,49ers,2026,3.0,2028.0,3.13,1.043333,0.2775,0.003,,,0.0,
00-0041261,13499,Kevin Jobity Jr.,IDL,Steelers,2026,3.0,2028.0,3.13,1.043333,0.03,0.003,,,0.0,
00-0041218,13530,Bryan Thomas Jr.,ED,Jaguars,2026,3.0,2028.0,3.13,1.043333,0.2775,0.003,,,0.0,
00-0041251,13764,Jalon Daniels,QB,Buccaneers,2026,3.0,2028.0,3.125,1.041667,0.2725,0.003,,,0.0,
00-0041323,13419,Myles Montgomery,RB,Patriots,2026,3.0,2028.0,3.125,1.041667,0.2725,0.003,,,0.0,
00-0041005,13630,Corey Rucker,WR,Raiders,2026,3.0,2028.0,3.125,1.041667,0.2725,0.003,,,0.0,
00-0040953,13572,Jeff Caldwell,WR,Chiefs,2026,3.0,2028.0,3.125,1.041667,0.2725,0.003,,,0.0,
00-0040938,13646,D.J. Rogers,TE,Cowboys,2026,3.0,2028.0,3.125,1.041667,0.2,0.003,,,0.0,
00-0040987,13455,Diego Pounds,LT,BAL/KC,2026,3.0,2028.0,3.125,1.041667,0.04,0.003,,,0.0,
00-0041148,13745,Aaron Hall,IDL,Panthers,2026,3.0,2028.0,3.125,1.041667,0.2725,0.003,,,0.0,
00-0041358,13806,Bryson Eason,IDL,Chiefs,2026,3.0,2028.0,3.125,1.041667,0.2725,0.003,,,0.0,
00-0041313,13506,Collin Wright,CB,Texans,2026,3.0,2028.0,3.125,1.041667,0.2625,0.003,,,0.0,
00-0040928,13659,Kapena Gushiken,S,Colts,2026,3.0,2028.0,3.125,1.041667,0.2725,0.003,,,0.0,
00-0041145,13638,Dominic Zvada,K,Giants,2026,3.0,2028.0,3.125,1.041667,0.145,0.003,,,0.0,
00-0041239,13442,Chip Trayanum,RB,Jets,2026,3.0,2028.0,3.12,1.04,0.195,0.003,,,0.0,
00-0040955,13577,John Michael Gyllenborg,TE,Chiefs,2026,3.0,2028.0,3.12,1.04,0.2675,0.003,,,0.0,
00-0041003,13626,Justin Pickett,RG,Raiders,2026,3.0,2028.0,3.12,1.04,0.17,0.003,,,0.0,
00-0041138,13747,Albert Reese IV,RT,Panthers,2026,3.0,2028.0,3.12,1.04,0.145,0.003,,,0.0,
00-0041303,13507,Sam Hagen,RT,Texans,2026,3.0,2028.0,3.12,1.04,0.195,0.003,,,0.0,
00-0041173,13679,Mason Murphy,RT,NO/CHI,2026,3.0,2028.0,3.12,1.04,0.2675,0.003,,,0.0,
00-0041171,13674,Jayden Loving,IDL,Bears,2026,3.0,2028.0,3.12,1.04,0.245,0.003,,,0.0,
00-0040978,13456,Ethan Burke,ED,Ravens,2026,3.0,2028.0,3.12,1.04,0.02,0.003,,,0.0,
00-0041382,13599,Avery Smith,CB,LAC/SEA,2026,3.0,2028.0,3.12,1.04,0.2675,0.003,,,0.0,
00-0041253,13767,Ayden Garnes,CB,Buccaneers,2026,3.0,2028.0,3.12,1.04,0.12,0.003,,,0.0,
00-0041316,13420,Channing Canada,CB,Patriots,2026,3.0,2028.0,3.12,1.04,0.2675,0.003,,,0.0,
00-0041188,13734,Malcolm DeWalt IV,CB,Falcons,2026,3.0,2028.0,3.12,1.04,0.14,0.003,,,0.0,
00-0040957,13575,Xavier Nwankpa,S,Chiefs,2026,3.0,2028.0,3.12,1.04,0.2675,0.003,,,0.0,
00-0041175,13678,Skyler Thomas,S,Bears,2026,3.0,2028.0,3.12,1.04,0.22,0.003,,,0.0,
00-0040925,13661,Rocco Underwood,LS,Eagles,2026,3.0,2028.0,3.12,1.04,0.02,0.003,,,0.0,
00-0041387,13596,Isaiah World,LT,Chargers,2026,3.0,2028.0,3.119,1.039667,0.534,0.003,,,0.0,
00-0041314,13418,Tanner Arkin,TE,Patriots,2026,3.0,2028.0,3.1175,1.039167,0.1625,0.003,,,0.0,
00-0041194,13739,Jack Strand,QB,Falcons,2026,3.0,2028.0,3.115,1.038333,0.2625,0.003,,,0.0,
00-0040948,13697,J. Michael Sturdivant,WR,Packers,2026,3.0,2028.0,3.115,1.038333,0.215,0.003,,,0.0,
00-0040930,13650,Camden Brown,WR,Cowboys,2026,3.0,2028.0,3.115,1.038333,0.105,0.003,,,0.0,
00-0041366,13784,Jameson Geers,TE,Cardinals,2026,3.0,2028.0,3.115,1.038333,0.125,0.003,,,0.0,
00-0041183,13670,Tanoa Togiai,LG,Commanders,2026,3.0,2028.0,3.115,1.038333,0.14,0.003,,,0.0,
00-0041305,13511,Sabastian Harsh,ED,Texans,2026,3.0,2028.0,3.115,1.038333,0.165,0.003,,,0.0,
00-0041256,13765,Jack Pyburn,ED,Chiefs,2026,3.0,2028.0,3.115,1.038333,0.115,0.003,,,0.0,
00-0041581,13402,Brett Thorson,P,Vikings,2026,3.0,2028.0,3.115,1.038333,0.09,0.003,,,0.0,
00-0041149,13741,Haynes King,QB,Panthers,2026,3.0,2028.0,3.11,1.036667,0.21,0.003,,,0.0,
00-0040785,13140,Dohnte Meyers,WR,Bengals,2026,3.0,2028.0,3.11,1.036667,0.01,0.003,,,0.0,
00-0040853,13143,Carson Towt,TE,Colts,2026,3.0,2028.0,3.11,1.036667,0.12,0.003,,,0.0,
00-0041383,13612,Jacob Spomer,C,Chargers,2026,3.0,2028.0,3.11,1.036667,0.01,0.003,,,0.0,
00-0041459,13690,Eric O'Neill,ED,Lions,2026,3.0,2028.0,3.11,1.036667,0.06,0.003,,,0.0,
00-0041227,13524,Tahj Chambers,LB,Colts,2026,3.0,2028.0,3.11,1.036667,0.02,0.003,,,0.0,
00-0041354,13713,Jacob Thomas,S,Vikings,2026,3.0,2028.0,3.11,1.036667,0.16,0.003,,,0.0,
00-0041370,13783,Wydett Williams Jr.,S,Cardinals,2026,3.0,2028.0,3.11,1.036667,0.11,0.003,,,0.0,
00-0041143,13642,Ben Mann,LS,Giants,2026,3.0,2028.0,3.11,1.036667,0.01,0.003,,,0.0,
00-0041170,13684,Hayden Large,TE,Bears,2026,3.0,2028.0,3.1075,1.035833,0.0675,0.003,,,0.0,
00-0041344,13716,Tyreek Chappell,CB,Vikings,2026,3.0,2028.0,3.1065,1.0355,0.0565,0.003,,,0.0,
00-0041414,13797,Matthew Caldwell,QB,Rams,2026,3.0,2028.0,3.106,1.035333,0.006,0.003,,,0.0,
00-0040933,13652,Kelvin Gilliam,IDL,Cowboys,2026,3.0,2028.0,3.105,1.035,0.05,0.003,,,0.0,
00-0041381,13611,Rodney Shelley,CB,Chargers,2026,3.0,2028.0,3.105,1.035,0.005,0.003,,,0.0,
00-0041182,13669,Drew Stevens,K,Commanders,2026,3.0,2028.0,3.1025,1.034167,0.0025,0.003,,,0.0,
00-0040981,13459,Joe Fagnano,QB,Ravens,2026,3.0,2028.0,3.1,1.033333,0.0,0.003,,,0.0,
00-0041436,13441,D.J. Herman,FB,Dolphins,2026,3.0,2028.0,3.1,1.033333,0.0,0.003,,,0.0,
00-0041451,13762,Brock Rechsteiner,WR,Saints,2026,3.0,2028.0,3.1,1.033333,0.0,0.003,,,0.0,
00-0041019,13595,Kahlil Benson,LG,Chiefs,2026,3.0,2028.0,3.1,1.033333,0.0,0.003,,,0.0,
00-0041208,13532,Garrett DiGiorgio,LG,Jaguars,2026,3.0,2028.0,3.1,1.033333,0.2475,0.003,,,0.0,
,13866,Daniel Rickert,ED,Rams,2026,3.0,2028.0,3.1,1.033333,0.0,0.003,,,0.0,
00-0041360,13807,Mikail Kamara,ED,49ers,2026,3.0,2028.0,3.1,1.033333,0.05,0.003,,,0.0,
00-0041429,13792,Eddie Walls III,ED,Rams,2026,3.0,2028.0,3.1,1.033333,0.0,0.003,,,0.0,
00-0041321,13416,Khalil Jacobs,LB,Patriots,2026,3.0,2028.0,3.1,1.033333,0.0,0.003,,,0.0,
00-0041493,13835,Marlon Jones,CB,Packers,2026,3.0,2028.0,3.1,1.033333,0.0,0.003,,,0.0,
00-0040077,12572,Robert Longerbeam,CB,Falcons,2026,3.0,2028.0,3.1,1.033333,0.0,0.003,0.786667,0.003,0.0,0.786667
00-0040929,13662,Tucker Large,S,Eagles,2026,3.0,2028.0,3.1,1.033333,0.08,0.003,,,0.0,
00-0040988,13464,JahQuez Robinson,S,Ravens,2026,3.0,2028.0,3.1,1.033333,0.0,0.003,,,0.0,
00-0038930,11199,Carlos Washington Jr.,RB,MIA/ATL,2026,1.0,2026.0,1.005,1.005,0.0,0.003,0.2475,0.001,0.0,0.2475
00-0039244,12251,Chris Collier,RB,Raiders,2026,1.0,2026.0,1.005,1.005,0.0,0.003,0.54,0.002,0.0,0.54
00-0038896,11476,Jacob Saylors,RB,Lions,2026,1.0,2026.0,1.005,1.005,0.0,0.003,1.005,0.003,0.0,1.005
00-0037524,10555,Tay Martin,WR,Lions,2026,1.0,2026.0,1.005,1.005,0.0,0.003,1.005,0.003,0.0,1.005
00-0038728,11354,Jared Wayne,WR,Texans,2026,1.0,2026.0,1.005,1.005,0.0,0.003,1.005,0.003,0.0,1.005
00-0038840,11514,Brycen Tremayne,WR,Panthers,2026,1.0,2026.0,1.005,1.005,0.0,0.003,1.005,0.003,0.0,1.005
00-0039489,12006,Hayden Rucci,TE,Chargers,2026,1.0,2026.0,1.005,1.005,0.0,0.003,0.893333,0.003,0.0,0.893333
00-0037031,10041,Nikola Kalinic,TE,Bears,2026,1.0,2026.0,1.005,1.005,0.0,0.003,0.54,0.002,0.0,0.54
00-0039742,11722,Javon Foster,LT,Bengals,2026,1.0,2026.0,1.005,1.005,0.0,0.003,1.005,0.003,0.0,1.005
00-0040079,12603,Garrett Dellinger,LG,Titans,2026,1.0,2026.0,1.005,1.005,0.0,0.003,0.8375,0.002,0.0,0.8375
00-0039242,11941,Corey Bullock,C,BAL/CAR,2026,1.0,2026.0,1.005,1.005,0.0,0.003,1.005,0.003,0.0,1.005
00-0039459,12252,Theo Benedet,RT,Bears,2026,1.0,2026.0,1.005,1.005,0.0,0.003,1.005,0.003,0.0,1.005
00-0039272,11973,Donovan Jennings,RT,Packers,2026,1.0,2026.0,1.005,1.005,0.0,0.003,1.005,0.003,0.0,1.005
00-0040560,12877,Sebastian Valdez,IDL,49ers,2026,1.0,2026.0,1.005,1.005,0.0,0.003,0.289583,0.001,0.0,0.289583
00-0039176,11520,Basil Okoye,IDL,NYG/BAL,2026,1.0,2026.0,1.005,1.005,0.0,0.003,1.005,0.003,0.0,1.005
00-0038865,11136,Andrew Farmer,ED,49ers,2026,1.0,2026.0,1.005,1.005,0.0,0.003,0.54,0.002,0.0,0.54
00-0039053,11020,Jose Ramirez,ED,Patriots,2026,1.0,2026.0,1.005,1.005,0.0,0.003,0.893333,0.003,0.0,0.893333
00-0039427,11846,Solomon Byrd,ED,Texans,2026,1.0,2026.0,1.005,1.005,0.0,0.003,0.54,0.002,0.0,0.54
00-0039461,12037,Jamree Kromah,ED,Bears,2026,1.0,2026.0,1.005,1.005,0.0,0.003,1.005,0.003,0.0,1.005
00-0039515,12234,Winston Reid,LB,Browns,2026,1.0,2026.0,1.005,1.005,0.0,0.003,1.005,0.003,0.0,1.005
00-0039178,11143,Austin Ajiake,LB,Colts,2026,1.0,2026.0,1.005,1.005,0.0,0.003,1.005,0.003,0.0,1.005
00-0040723,12467,Jack Kiser,LB,Jaguars,2026,1.0,2026.0,1.005,1.005,0.0,0.003,0.949167,0.003,0.0,0.949167
00-0039831,11819,Kamal Hadden,CB,Packers,2026,1.0,2026.0,1.005,1.005,0.0,0.003,1.005,0.003,0.0,1.005
00-0040471,12832,Nikko Reed,CB,Giants,2026,1.0,2026.0,1.005,1.005,0.0,0.003,0.949167,0.003,0.0,0.949167
00-0038781,11090,Rejzohn Wright,CB,Saints,2026,1.0,2026.0,1.005,1.005,0.0,0.003,0.54,0.002,0.0,0.54
00-0039632,12157,P.J. Jules,S,Bengals,2026,1.0,2026.0,1.005,1.005,0.0,0.003,1.005,0.003,0.0,1.005
00-0039498,12253,Harrison Mevis,K,Rams,2026,1.0,2026.0,1.005,1.005,0.0,0.003,1.005,0.003,0.0,1.005
00-0038428,11240,Andre Szmyt,K,Browns,2026,1.0,2026.0,1.005,1.005,0.0,0.003,1.005,0.003,0.0,1.005
00-0040056,12999,Jared Ivey,LB,Falcons,2026,3.0,2028.0,2.98,0.993333,0.095,0.003,0.885,0.003,0.08,0.805
,12556,Ahmed Hassanein,ED,Lions,2026,1.0,2026.0,0.985,0.985,0.025,0.003,0.985,0.003,0.025,0.96
00-0041326,13754,C.J. Donaldson,RB,Saints,2026,2.0,2027.0,1.935,0.9675,0.0,0.003,,,0.0,
00-0040405,13009,Jamaal Pritchett,WR,Jets,2026,2.0,2027.0,1.935,0.9675,0.0,0.003,0.786667,0.002,0.0,0.786667
00-0041267,13451,Malik McClain,WR,Jets,2026,2.0,2027.0,1.935,0.9675,0.0,0.003,,,0.0,
00-0040240,12601,Caleb Lohner,TE,Broncos,2026,2.0,2027.0,1.935,0.9675,0.0,0.003,0.515,0.002,0.0,0.515
00-0040598,12831,Mark Redman,TE,Packers,2026,2.0,2027.0,1.935,0.9675,0.0,0.003,0.885,0.003,0.0,0.885
00-0038194,12312,Kohl Levao,RG,Jets,2026,2.0,2027.0,1.935,0.9675,0.0,0.003,0.7375,0.002,0.0,0.7375
00-0040043,12990,Justin Barron,LB,Cowboys,2026,2.0,2027.0,1.935,0.9675,0.0,0.003,0.786667,0.002,0.0,0.786667
00-0040293,12834,Mike Reid,CB,Saints,2026,2.0,2027.0,1.935,0.9675,0.0,0.003,0.885,0.003,0.0,0.885
00-0040341,12858,Doneiko Slaughter,CB,Steelers,2026,2.0,2027.0,1.935,0.9675,0.0,0.003,,,0.0,
00-0039725,12046,Jayden Price,CB,Saints,2026,2.0,2027.0,1.935,0.9675,0.0,0.003,0.885,0.003,0.0,0.885
00-0040464,12875,DJ Uiagalelei,QB,Chargers,2026,1.0,2026.0,0.885,0.885,0.0,0.003,0.786667,0.003,0.0,0.786667
00-0040014,12541,Kyle McCord,QB,Dolphins,2026,1.0,2026.0,0.885,0.885,0.0,0.003,0.885,0.003,0.0,0.885
00-0041156,13436,Mark Gronowski,QB,Texans,2026,1.0,2026.0,0.885,0.885,0.0,0.003,,,0.0,
00-0041415,13798,Dean Connors,RB,Rams,2026,1.0,2026.0,0.885,0.885,0.0,0.003,,,0.0,
00-0040394,13023,Anthony Tyus III,RB,Panthers,2026,1.0,2026.0,0.885,0.885,0.0,0.003,0.7375,0.002,0.0,0.7375
00-0039710,12056,Jeshaun Jones,WR,Vikings,2026,1.0,2026.0,0.885,0.885,0.0,0.003,0.7375,0.002,0.0,0.7375
00-0040570,13058,Jeremiah Webb,WR,Patriots,2026,1.0,2026.0,0.885,0.885,0.0,0.003,0.515,0.001,0.0,0.515
00-0040120,12985,Jimmy Holiday,WR,Chiefs,2026,1.0,2026.0,0.885,0.885,0.0,0.003,0.515,0.002,0.0,0.515
00-0039626,11938,Cole Burgess,WR,Steelers,2026,1.0,2026.0,0.885,0.885,0.0,0.003,0.515,0.002,0.0,0.515
00-0040621,13085,Montorie Foster,WR,Seahawks,2026,1.0,2026.0,0.885,0.885,0.0,0.003,0.885,0.003,0.0,0.885
,12205,Thomas Yassmin,TE,Packers,2026,1.0,2026.0,0.885,0.885,0.0,0.003,0.515,0.002,0.0,0.515
00-0040390,12798,Jackson Meeks,TE,Lions,2026,1.0,2026.0,0.885,0.885,0.0,0.003,0.885,0.003,0.0,0.885
00-0040212,12559,Branson Taylor,LT,Chargers,2026,1.0,2026.0,0.885,0.885,0.0,0.003,0.515,0.002,0.0,0.515
00-0040359,13028,Jacob Bayer,C,Bengals,2026,1.0,2026.0,0.885,0.885,0.0,0.003,0.885,0.003,0.0,0.885
00-0040374,12796,Seth McLaughlin,C,Lions,2026,1.0,2026.0,0.885,0.885,0.0,0.003,0.786667,0.002,0.0,0.786667
00-0040207,12550,Tim Smith,IDL,Colts,2026,1.0,2026.0,0.885,0.885,0.0,0.003,0.885,0.003,0.0,0.885
00-0040689,13095,Anthony Campbell,IDL,Packers,2026,1.0,2026.0,0.885,0.885,0.0,0.003,0.885,0.003,0.0,0.885
00-0040458,12692,TeRah Edwards,IDL,LAC/CAR,2026,1.0,2026.0,0.885,0.885,0.0,0.003,0.885,0.003,0.0,0.885
00-0041455,13691,Erick Hunter,LB,Patriots,2026,1.0,2026.0,0.885,0.885,0.0,0.003,,,0.0,
00-0040413,12989,K.C. Ossai,LB,Texans,2026,1.0,2026.0,0.885,0.885,0.0,0.003,0.515,0.002,0.0,0.515
00-0040395,13012,Jared Bartlett,LB,Jaguars,2026,1.0,2026.0,0.885,0.885,0.0,0.003,0.515,0.002,0.0,0.515
00-0039883,11827,Daequan Hardy,CB,Steelers,2026,1.0,2026.0,0.885,0.885,0.0,0.003,0.515,0.002,0.0,0.515
00-0040923,13663,Maximus Pulley,S,Rams,2026,1.0,2026.0,0.885,0.885,0.0,0.003,,,0.0,
00-0040914,13547,Bishop Fitzgerald,S,Lions,2026,1.0,2026.0,0.885,0.885,0.0,0.003,,,0.0,
00-0035692,7795,Clelin Ferrell,ED,Dolphins,2026,1.0,2026.0,0.559416,0.559416,0.0,0.002,0.521916,0.002,0.0,0.521916
00-0035345,8252,Chris Myarick,TE,Raiders,2026,1.0,2026.0,0.492822,0.492822,0.0,0.002,0.492822,0.002,0.0,0.492822
00-0037179,10391,Jeremiah Moon,ED,Panthers,2026,1.0,2026.0,0.492822,0.492822,0.0,0.002,0.492822,0.002,0.0,0.492822
00-0036280,8838,Malik Harrison,ED,Giants,2026,1.0,2026.0,0.47775,0.47775,0.0,0.002,0.454416,0.002,0.0,0.454416
00-0026300,2131,Josh Johnson,QB,Bengals,2026,1.0,2026.0,0.460672,0.460672,0.0,0.002,0.448172,0.001,0.0,0.448172
00-0034488,7545,Tavierre Thomas,CB,Vikings,2026,1.0,2026.0,0.460672,0.460672,0.0,0.002,0.448172,0.001,0.0,0.448172
00-0036157,9333,Kristian Welch,LB,Packers,2026,1.0,2026.0,0.45595,0.45595,0.0,0.002,0.448172,0.001,0.0,0.448172
00-0034955,8054,Brett Rypien,QB,Buccaneers,2026,1.0,2026.0,0.4113,0.4113,0.0,0.001,0.34275,0.001,0.0,0.34275
00-0035282,7957,Easton Stick,QB,Buccaneers,2026,1.0,2026.0,0.4113,0.4113,0.0,0.001,0.4113,0.001,0.0,0.4113
00-0035924,9400,Jonathan Ward,RB,Ravens,2026,1.0,2026.0,0.4113,0.4113,0.0,0.001,0.4113,0.001,0.0,0.4113
00-0036020,9168,Salvon Ahmed,RB,Bears,2026,1.0,2026.0,0.4113,0.4113,0.0,0.001,0.4113,0.001,0.0,0.4113
00-0035567,8540,Craig Reynolds,RB,Commanders,2026,1.0,2026.0,0.4113,0.4113,0.0,0.001,0.4113,0.001,0.0,0.4113
00-0036387,8761,Jalen Reagor,WR,Dolphins,2026,1.0,2026.0,0.4113,0.4113,0.0,0.001,0.4113,0.001,0.0,0.4113
00-0032208,3877,Phillip Dorsett,WR,Raiders,2026,1.0,2026.0,0.4113,0.4113,0.0,0.001,0.34275,0.001,0.0,0.34275
00-0036415,8797,Van Jefferson,WR,Commanders,2026,1.0,2026.0,0.4113,0.4113,0.0,0.001,0.4113,0.001,0.0,0.4113
00-0035406,8357,Lil'Jordan Humphrey,WR,Broncos,2026,1.0,2026.0,0.4113,0.4113,0.0,0.001,,,0.0,
00-0036182,9304,Nick Westbrook-Ikhine,WR,Colts,2026,1.0,2026.0,0.4113,0.4113,0.0,0.001,0.448172,0.001,0.0,0.448172
00-0037487,10658,Deven Thompkins,WR,Raiders,2026,1.0,2026.0,0.4113,0.4113,0.0,0.001,0.4113,0.001,0.0,0.4113
00-0032394,4807,Nick Vannett,TE,Ravens,2026,1.0,2026.0,0.4113,0.4113,0.0,0.001,0.4113,0.001,0.0,0.4113
00-0037277,10215,Teagan Quitoriano,TE,Cardinals,2026,1.0,2026.0,0.4113,0.4113,0.0,0.001,0.4113,0.001,0.0,0.4113
00-0037306,10258,John FitzPatrick,TE,Browns,2026,1.0,2026.0,0.4113,0.4113,0.0,0.001,0.34275,0.001,0.0,0.34275
00-0035039,8199,Stephen Carlson,TE,Bears,2026,1.0,2026.0,0.4113,0.4113,0.0,0.001,0.4113,0.001,0.0,0.4113
00-0039158,10930,Blake Freeland,LT,Bengals,2026,1.0,2026.0,0.4113,0.4113,0.0,0.001,0.4113,0.001,0.0,0.4113
00-0035127,8149,Andre James,C,Ravens,2026,1.0,2026.0,0.4113,0.4113,0.0,0.001,0.34275,0.001,0.0,0.34275
00-0037601,10343,Xavier Newman-Johnson,RG,NYJ/NE,2026,1.0,2026.0,0.4113,0.4113,0.0,0.001,0.38845,0.001,0.0,0.38845
00-0037612,10052,Evan Neal,RG,Raiders,2026,1.0,2026.0,0.4113,0.4113,0.0,0.001,0.4113,0.001,0.0,0.4113
00-0031622,4074,Bobby Hart,RT,Seahawks,2026,1.0,2026.0,0.4113,0.4113,0.0,0.001,0.4113,0.001,0.0,0.4113
00-0036795,9974,Jake Curhan,RT,Panthers,2026,1.0,2026.0,0.4113,0.4113,0.0,0.001,0.4113,0.001,0.0,0.4113
00-0034571,7337,Trenton Scott,RT,Commanders,2026,1.0,2026.0,0.4113,0.4113,0.0,0.001,0.4113,0.001,0.0,0.4113
00-0035278,7950,Byron Cowart,IDL,Commanders,2026,1.0,2026.0,0.4113,0.4113,0.0,0.001,0.4113,0.001,0.0,0.4113
00-0036552,9514,Azeez Ojulari,ED,Raiders,2026,1.0,2026.0,0.4113,0.4113,0.0,0.001,0.4113,0.001,0.0,0.4113
00-0037364,10406,Arron Mosby,ED,Packers,2026,1.0,2026.0,0.4113,0.4113,0.0,0.001,0.4113,0.001,0.0,0.4113
00-0033073,4745,Emmanuel Ogbah,ED,Chiefs,2026,1.0,2026.0,0.4113,0.4113,0.0,0.001,0.4113,0.001,0.0,0.4113
00-0034344,6899,Marcus Davenport,ED,Bears,2026,1.0,2026.0,0.4113,0.4113,0.0,0.001,0.4113,0.001,0.0,0.4113
00-0037274,10210,Esezi Otomewo,ED,Steelers,2026,1.0,2026.0,0.4113,0.4113,0.0,0.001,0.4113,0.001,0.0,0.4113
00-0036441,8763,Kenneth Murray,LB,Texans,2026,1.0,2026.0,0.4113,0.4113,0.0,0.001,0.38845,0.001,0.0,0.38845
00-0038513,11314,Cam Jones,LB,Chiefs,2026,1.0,2026.0,0.4113,0.4113,0.0,0.001,0.4113,0.001,0.0,0.4113
00-0037811,10115,Chad Muma,LB,Texans,2026,1.0,2026.0,0.4113,0.4113,0.0,0.001,,,0.0,
00-0036643,9640,K.J. Britt,LB,Patriots,2026,1.0,2026.0,0.4113,0.4113,0.0,0.001,0.4113,0.001,0.0,0.4113
00-0036870,9604,Buddy Johnson,LB,Bears,2026,1.0,2026.0,0.4113,0.4113,0.0,0.001,0.4113,0.001,0.0,0.4113
00-0036704,9872,Caleb Johnson,LB,Texans,2026,1.0,2026.0,0.4113,0.4113,0.0,0.001,0.34275,0.001,0.0,0.34275
00-0036045,9184,Cam Gill,LB,Panthers,2026,1.0,2026.0,0.4113,0.4113,0.0,0.001,0.34275,0.001,0.0,0.34275
00-0036361,8791,Trevon Diggs,CB,Seahawks,2026,1.0,2026.0,0.4113,0.4113,0.0,0.001,0.4113,0.001,0.0,0.4113
00-0036307,8903,Kindle Vildor,CB,Patriots,2026,1.0,2026.0,0.4113,0.4113,0.0,0.001,0.4113,0.001,0.0,0.4113
00-0037353,10697,Kader Kohou,CB,Chiefs,2026,1.0,2026.0,0.4113,0.4113,0.0,0.001,0.4113,0.001,0.0,0.4113
00-0037830,10217,Samuel Womack,CB,Jets,2026,1.0,2026.0,0.4113,0.4113,0.0,0.001,0.4113,0.001,0.0,0.4113
00-0035270,7937,Amani Oruwariye,CB,Ravens,2026,1.0,2026.0,0.4113,0.4113,0.0,0.001,0.38845,0.001,0.0,0.38845
00-0036241,8898,Bryce Hall,CB,Texans,2026,1.0,2026.0,0.4113,0.4113,0.0,0.001,0.4113,0.001,0.0,0.4113
00-0036394,8850,Darnay Holmes,CB,Falcons,2026,1.0,2026.0,0.4113,0.4113,0.0,0.001,0.4113,0.001,0.0,0.4113
00-0038411,11066,Anthony Johnson Jr.,S,Bears,2026,1.0,2026.0,0.4113,0.4113,0.0,0.001,0.4113,0.001,0.0,0.4113
00-0034091,7157,George Odum,S,Texans,2026,1.0,2026.0,0.4113,0.4113,0.0,0.001,0.521917,0.002,0.0,0.521917
00-0035026,8215,Kevin Givens,IDL,49ers,2026,1.0,2026.0,0.37945,0.37945,0.0,0.001,0.371672,0.001,0.0,0.371672
00-0036728,9804,Curtis Robinson,LB,Cowboys,2026,1.0,2026.0,0.37945,0.37945,0.0,0.001,0.371672,0.001,0.0,0.371672
00-0037493,10490,Mike Brown,S,Patriots,2026,1.0,2026.0,0.37945,0.37945,0.0,0.001,0.371672,0.001,0.0,0.371672
00-0038851,11364,Caleb Murphy,ED,Chargers,2026,1.0,2026.0,0.375561,0.375561,0.0,0.001,0.375561,0.001,0.0,0.375561
00-0032385,4753,Sterling Shepard,WR,Jets,2026,1.0,2026.0,0.365822,0.365822,0.0,0.001,0.353322,0.001,0.0,0.353322
00-0038040,10167,Zamir White,RB,Saints,2026,1.0,2026.0,0.36,0.36,0.0,0.001,0.36,0.001,0.0,0.36
00-0039052,11015,Trey Palmer,WR,Saints,2026,1.0,2026.0,0.36,0.36,0.0,0.001,0.36,0.001,0.0,0.36
00-0037475,10559,Stone Smartt,TE,Saints,2026,1.0,2026.0,0.36,0.36,0.0,0.001,0.36,0.001,0.0,0.36
00-0035944,9227,Jonah Williams,IDL,Saints,2026,1.0,2026.0,0.36,0.36,0.0,0.001,0.34,0.001,0.0,0.34
00-0038142,10090,David Ojabo,ED,Saints,2026,1.0,2026.0,0.36,0.36,0.0,0.001,0.3,0.001,0.0,0.3
00-0035663,7852,Taylor Rapp,S,Broncos,2026,1.0,2026.0,0.36,0.36,0.0,0.001,0.36,0.001,0.0,0.36
00-0035900,9077,Cole Christiansen,LB,Chiefs,2026,1.0,2026.0,0.355,0.355,0.0,0.001,0.355,0.001,0.0,0.355
00-0030061,112,Zach Ertz,TE,Eagles,2026,1.0,2026.0,0.347472,0.347472,0.0,0.001,0.334972,0.001,0.0,0.334972
00-0032803,4946,Jalen Mills,S,Lions,2026,1.0,2026.0,0.347472,0.347472,0.0,0.001,0.334972,0.001,0.0,0.334972
00-0039406,11814,Nathaniel Watson,LB,Browns,2026,1.0,2026.0,0.339444,0.339444,0.0,0.001,0.339444,0.001,0.0,0.339444
00-0039775,11983,Eli Neal,LB,Rams,2026,1.0,2026.0,0.331666,0.331666,0.0,0.001,0.331666,0.001,0.0,0.331666
00-0040318,12762,Ale Kaho,LB,Commanders,2026,1.0,2026.0,0.331666,0.331666,0.0,0.001,0.331666,0.001,0.0,0.331666
00-0033319,6007,Nick Mullens,QB,Jaguars,2026,1.0,2026.0,0.3303,0.3303,0.0,0.001,0.413044,0.001,0.0,0.413044
00-0039152,10857,Will Levis,QB,Jets,2026,1.0,2026.0,0.3303,0.3303,0.0,0.001,0.2936,0.001,0.0,0.2936
00-0037258,10152,Dameon Pierce,RB,Eagles,2026,1.0,2026.0,0.3303,0.3303,0.0,0.001,0.3303,0.001,0.0,0.3303
00-0036906,9681,Khalil Herbert,RB,Falcons,2026,1.0,2026.0,0.3303,0.3303,0.0,0.001,0.31195,0.001,0.0,0.31195
00-0038396,10996,Eric Gray,RB,Browns,2026,1.0,2026.0,0.3303,0.3303,0.0,0.001,0.31195,0.001,0.0,0.31195
00-0036345,8916,K.J. Osborn,WR,Titans,2026,1.0,2026.0,0.3303,0.3303,0.0,0.001,0.3303,0.001,0.0,0.3303
00-0034860,6929,Dante Pettis,WR,49ers,2026,1.0,2026.0,0.3303,0.3303,0.0,0.001,0.27525,0.001,0.0,0.27525
00-0036427,8901,Tyler Johnson,WR,Jets,2026,1.0,2026.0,0.3303,0.3303,0.0,0.001,0.31195,0.001,0.0,0.31195
00-0034867,7690,Malik Turner,WR,49ers,2026,1.0,2026.0,0.3303,0.3303,0.0,0.001,0.27525,0.001,0.0,0.27525
00-0036497,9785,Tim Jones,WR,Jaguars,2026,1.0,2026.0,0.3303,0.3303,0.0,0.001,0.3303,0.001,0.0,0.3303
00-0038496,11255,Xavier Gipson,WR,Eagles,2026,1.0,2026.0,0.3303,0.3303,0.0,0.001,0.3303,0.001,0.0,0.3303
00-0036271,8940,Quez Watkins,WR,Colts,2026,1.0,2026.0,0.3303,0.3303,0.0,0.001,,,0.0,
00-0038938,10897,Jalin Hyatt,WR,Giants,2026,1.0,2026.0,0.3303,0.3303,0.0,0.001,0.3303,0.001,0.0,0.3303
00-0034487,7544,Trent Sherfield,WR,Bills,2026,1.0,2026.0,0.3303,0.3303,0.0,0.001,0.3303,0.001,0.0,0.3303
00-0036635,9621,Ihmir Smith-Marsette,WR,Panthers,2026,1.0,2026.0,0.3303,0.3303,0.0,0.001,0.2936,0.001,0.0,0.2936
00-0037348,10426,Tanner Conner,WR,Patriots,2026,1.0,2026.0,0.3303,0.3303,0.0,0.001,0.2936,0.001,0.0,0.2936
00-0036165,8947,Isaiah Hodgins,WR,Steelers,2026,1.0,2026.0,0.3303,0.3303,0.0,0.001,0.2936,0.001,0.0,0.2936
00-0037282,10222,James Mitchell,TE,Cowboys,2026,1.0,2026.0,0.3303,0.3303,0.0,0.001,0.3303,0.001,0.0,0.3303
00-0033439,6080,Pharaoh Brown,TE,Colts,2026,1.0,2026.0,0.3303,0.3303,0.0,0.001,0.3303,0.001,0.0,0.3303
00-0036741,9857,Jack Stoll,TE,49ers,2026,1.0,2026.0,0.3303,0.3303,0.0,0.001,0.31195,0.001,0.0,0.31195
00-0036332,8834,Josiah Deguara,TE,Eagles,2026,1.0,2026.0,0.3303,0.3303,0.0,0.001,0.31195,0.001,0.0,0.31195
00-0037539,10575,Lucas Krull,TE,Broncos,2026,1.0,2026.0,0.3303,0.3303,0.0,0.001,0.3303,0.001,0.0,0.3303
00-0036334,8848,Saahdiq Charles,LT,Panthers,2026,1.0,2026.0,0.3303,0.3303,0.0,0.001,0.27225,0.001,0.0,0.27225
00-0034817,6959,Geron Christian,LT,Jaguars,2026,1.0,2026.0,0.3303,0.3303,0.0,0.001,0.3303,0.001,0.0,0.3303
00-0036584,9757,Foster Sarell,LT,49ers,2026,1.0,2026.0,0.3303,0.3303,0.0,0.001,0.3303,0.001,0.0,0.3303
00-0038981,10916,Wanya Morris,LT,Cowboys,2026,1.0,2026.0,0.3303,0.3303,0.0,0.001,0.3303,0.001,0.0,0.3303
00-0039411,11828,Elijah Klein,LG,Lions,2026,1.0,2026.0,0.3303,0.3303,0.0,0.001,0.3303,0.001,0.0,0.3303
00-0036983,9551,Kendrick Green,C,Giants,2026,1.0,2026.0,0.3303,0.3303,0.0,0.001,0.27525,0.001,0.0,0.27525
00-0035764,9381,Calvin Throckmorton,RG,Broncos,2026,1.0,2026.0,0.3303,0.3303,0.0,0.001,0.3303,0.001,0.0,0.3303
00-0038592,10976,Colby Sorsdal,RG,Steelers,2026,1.0,2026.0,0.3303,0.3303,0.0,0.001,0.2936,0.001,0.0,0.2936
00-0038536,10938,Chandler Zavala,RG,Titans,2026,1.0,2026.0,0.3303,0.3303,0.0,0.001,,,0.0,
00-0037194,10190,Darian Kinnard,RT,Giants,2026,1.0,2026.0,0.3303,0.3303,0.0,0.001,0.3303,0.001,0.0,0.3303
00-0035355,8397,Blake Hance,RT,Rams,2026,1.0,2026.0,0.3303,0.3303,0.0,0.001,0.3303,0.001,0.0,0.3303
00-0035698,7883,Chuma Edoga,RT,Ravens,2026,1.0,2026.0,0.3303,0.3303,0.0,0.001,0.3303,0.001,0.0,0.3303
00-0036284,8751,Mekhi Becton,RT,Packers,2026,1.0,2026.0,0.3303,0.3303,0.0,0.001,0.27225,0.001,0.0,0.27225
00-0034264,6987,Jalyn Holmes,IDL,Titans,2026,1.0,2026.0,0.3303,0.3303,0.0,0.001,0.3303,0.001,0.0,0.3303
00-0032763,4756,Austin Johnson,IDL,Bills,2026,1.0,2026.0,0.3303,0.3303,0.0,0.001,0.2936,0.001,0.0,0.2936
00-0037585,10451,Timmy Horne,IDL,Titans,2026,1.0,2026.0,0.3303,0.3303,0.0,0.001,0.3303,0.001,0.0,0.3303
00-0038099,10092,Phidarian Mathis,IDL,Bills,2026,1.0,2026.0,0.3303,0.3303,0.0,0.001,0.27525,0.001,0.0,0.27525
00-0036705,9873,Sam Kamara,IDL,Browns,2026,1.0,2026.0,0.3303,0.3303,0.0,0.001,0.3303,0.001,0.0,0.3303
00-0038545,10850,Mazi Smith,IDL,Dolphins,2026,1.0,2026.0,0.3303,0.3303,0.0,0.001,0.3303,0.001,0.0,0.3303
00-0033347,6022,Josh Tupou,IDL,Giants,2026,1.0,2026.0,0.3303,0.3303,0.0,0.001,0.27525,0.001,0.0,0.27525
00-0032415,4859,Matt Judon,ED,49ers,2026,1.0,2026.0,0.3303,0.3303,0.0,0.001,0.27225,0.001,0.0,0.27225
00-0039143,10864,Isaiah Foskey,ED,Bengals,2026,1.0,2026.0,0.3303,0.3303,0.0,0.001,0.3303,0.001,0.0,0.3303
00-0035946,9194,Myles Adams,ED,Chargers,2026,1.0,2026.0,0.3303,0.3303,0.0,0.001,0.27525,0.001,0.0,0.27525
00-0037826,10106,Drake Jackson,ED,Falcons,2026,1.0,2026.0,0.3303,0.3303,0.0,0.001,0.31195,0.001,0.0,0.31195
00-0036843,9620,Isaiahh Loudermilk,ED,Jets,2026,1.0,2026.0,0.3303,0.3303,0.0,0.001,0.2936,0.001,0.0,0.2936
00-0037822,10111,Brian Asamoah,LB,Falcons,2026,1.0,2026.0,0.3303,0.3303,0.0,0.001,0.27525,0.001,0.0,0.27525
00-0039054,10900,Marte Mapu,LB,Steelers,2026,1.0,2026.0,0.3303,0.3303,0.0,0.001,,,0.0,
00-0035961,9140,Krys Barnes,LB,Browns,2026,1.0,2026.0,0.3303,0.3303,0.0,0.001,0.2936,0.001,0.0,0.2936
00-0035895,9386,Joe Bachie,LB,Lions,2026,1.0,2026.0,0.3303,0.3303,0.0,0.001,0.2936,0.001,0.0,0.2936
00-0038711,11381,Mohamoud Diabate,LB,Titans,2026,1.0,2026.0,0.3303,0.3303,0.0,0.001,0.375561,0.001,0.0,0.375561
00-0036087,9271,Myles Bryant,CB,Browns,2026,1.0,2026.0,0.3303,0.3303,0.0,0.001,0.27225,0.001,0.0,0.27225
00-0037842,10257,Derion Kendrick,CB,Cowboys,2026,1.0,2026.0,0.3303,0.3303,0.0,0.001,0.3303,0.001,0.0,0.3303
00-0036559,9624,Shaun Wade,CB,Eagles,2026,1.0,2026.0,0.3303,0.3303,0.0,0.001,0.2936,0.001,0.0,0.2936
00-0036589,9731,Nick McCloud,CB,Bears,2026,1.0,2026.0,0.3303,0.3303,0.0,0.001,0.2936,0.001,0.0,0.2936
00-0037242,10068,Kaiir Elam,CB,Chargers,2026,1.0,2026.0,0.3303,0.3303,0.0,0.001,0.31195,0.001,0.0,0.31195
00-0038848,11361,Anthony Kendall,CB,Bills,2026,1.0,2026.0,0.3303,0.3303,0.0,0.001,0.3303,0.001,0.0,0.3303
00-0038395,10989,Terell Smith,CB,Commanders,2026,1.0,2026.0,0.3303,0.3303,0.0,0.001,0.3303,0.001,0.0,0.3303
00-0038523,11316,Kahlef Hailassie,CB,Packers,2026,1.0,2026.0,0.3303,0.3303,0.0,0.001,0.3303,0.001,0.0,0.3303
00-0038646,11076,Alex Austin,CB,Cowboys,2026,1.0,2026.0,0.3303,0.3303,0.0,0.001,0.27525,0.001,0.0,0.27525
00-0036904,9594,Robert Rochell,CB,Panthers,2026,1.0,2026.0,0.3303,0.3303,0.0,0.001,0.27525,0.001,0.0,0.27525
00-0038613,11022,Jerrick Reed,S,Cardinals,2026,1.0,2026.0,0.3303,0.3303,0.0,0.001,0.31195,0.001,0.0,0.31195
00-0038587,10969,Jammie Robinson,S,Falcons,2026,1.0,2026.0,0.3303,0.3303,0.0,0.001,0.3303,0.001,0.0,0.3303
00-0038823,11387,Kaevon Merriweather,S,Jaguars,2026,1.0,2026.0,0.3303,0.3303,0.0,0.001,0.3303,0.001,0.0,0.3303
00-0040044,12658,Zion Childress,S,Panthers,2026,1.0,2026.0,0.3303,0.3303,0.0,0.001,0.3303,0.001,0.0,0.3303
00-0036199,8959,Geno Stone,S,Bills,2026,1.0,2026.0,0.3303,0.3303,0.0,0.001,0.3303,0.001,0.0,0.3303
00-0037578,10414,Juanyeh Thomas,S,Cowboys,2026,1.0,2026.0,0.3303,0.3303,0.0,0.001,0.27525,0.001,0.0,0.27525
00-0038905,11140,Blake Grupe,K,Jets,2026,1.0,2026.0,0.3303,0.3303,0.0,0.001,0.27525,0.001,0.0,0.27525
00-0028872,1329,Johnny Hekker,P,Vikings,2026,1.0,2026.0,0.3303,0.3303,0.0,0.001,0.27525,0.001,0.0,0.27525
00-0039471,11994,Frank Gore Jr.,RB,Bills,2026,1.0,2026.0,0.318334,0.318334,0.0,0.001,0.318334,0.001,0.0,0.318334
00-0039433,11855,Marcus Harris,IDL,Chiefs,2026,1.0,2026.0,0.318334,0.318334,0.0,0.001,0.318334,0.001,0.0,0.318334
00-0039837,11682,Bralen Trice,ED,Falcons,2026,1.0,2026.0,0.318334,0.318334,0.0,0.001,0.318334,0.001,0.0,0.318334
00-0037356,10517,Ben Stille,IDL,Lions,2026,1.0,2026.0,0.297361,0.297361,0.0,0.001,0.297361,0.001,0.0,0.297361
00-0037711,10800,Jeremiah Pharms,IDL,Patriots,2026,1.0,2026.0,0.297361,0.297361,0.0,0.001,0.297361,0.001,0.0,0.297361
00-0040429,12903,Josh Williams,RB,Buccaneers,2026,1.0,2026.0,0.289583,0.289583,0.0,0.001,0.289583,0.001,0.0,0.289583
00-0038740,11391,Jalen Moreno-Cropper,WR,Saints,2026,1.0,2026.0,0.289583,0.289583,0.0,0.001,0.289583,0.001,0.0,0.289583
00-0037414,10412,Devin Cochran,LT,Lions,2026,1.0,2026.0,0.289583,0.289583,0.0,0.001,0.289583,0.001,0.0,0.289583
00-0035997,9125,Julian Good-Jones,LT,Commanders,2026,1.0,2026.0,0.289583,0.289583,0.0,0.001,0.289583,0.001,0.0,0.289583
00-0037080,10203,Tyreke Smith,ED,Chiefs,2026,1.0,2026.0,0.289583,0.289583,0.0,0.001,0.289583,0.001,0.0,0.289583
00-0037312,10264,Chance Campbell,LB,Eagles,2026,1.0,2026.0,0.289583,0.289583,0.0,0.001,0.289583,0.001,0.0,0.289583
00-0039465,12165,Reddy Steward,CB,Cowboys,2026,1.0,2026.0,0.289583,0.289583,0.0,0.001,0.289583,0.001,0.0,0.289583
00-0041172,13676,Miller Moss,QB,Bears,2026,1.0,2026.0,0.282917,0.282917,0.0,0.001,,,0.0,
00-0040568,12778,Lan Larison,RB,Patriots,2026,1.0,2026.0,0.282917,0.282917,0.0,0.001,0.282917,0.001,0.0,0.282917
00-0038409,11059,Lew Nichols III,RB,Steelers,2026,1.0,2026.0,0.282917,0.282917,0.0,0.001,0.282917,0.001,0.0,0.282917
00-0041342,13709,Dillon Bell,WR,Vikings,2026,1.0,2026.0,0.282917,0.282917,0.0,0.001,,,0.0,
00-0037380,10724,Kaden Davis,WR,Bears,2026,1.0,2026.0,0.282917,0.282917,0.0,0.001,0.282917,0.001,0.0,0.282917
00-0041292,13566,Kolbe Katsis,WR,Broncos,2026,1.0,2026.0,0.282917,0.282917,0.0,0.001,,,0.0,
00-0040331,12724,Patrick Herbert,TE,Chargers,2026,1.0,2026.0,0.282917,0.282917,0.0,0.001,0.282917,0.001,0.0,0.282917
00-0040098,12660,Gerad Christian-Lichtenhan,LT,Ravens,2026,1.0,2026.0,0.282917,0.282917,0.0,0.001,0.282917,0.001,0.0,0.282917
00-0041531,13382,Max Llewellyn,ED,Dolphins,2026,1.0,2026.0,0.282917,0.282917,0.0,0.001,,,0.0,
00-0039469,12202,Te'Cory Couch,CB,Bills,2026,1.0,2026.0,0.282917,0.282917,0.0,0.001,0.282917,0.001,0.0,0.282917
00-0040026,12731,Maxen Hook,S,Seahawks,2026,1.0,2026.0,0.282917,0.282917,0.0,0.001,0.282917,0.001,0.0,0.282917
00-0040314,12949,Ricky Barber,IDL,Commanders,2026,1.0,2026.0,0.269167,0.269167,0.0,0.001,0.269167,0.001,0.0,0.269167
00-0040065,12889,Isas Waxter,CB,Chargers,2026,1.0,2026.0,0.269167,0.269167,0.0,0.001,0.269167,0.001,0.0,0.269167
00-0038429,11222,Liam Anderson,LB,Dolphins,2026,1.0,2026.0,0.262083,0.262083,0.0,0.001,0.262083,0.001,0.0,0.262083
00-0041453,13689,Luke Altmyer,QB,Lions,2026,1.0,2026.0,0.2475,0.2475,0.0,0.001,,,0.0,
00-0038391,10973,Sean Clifford,QB,Bengals,2026,1.0,2026.0,0.2475,0.2475,0.0,0.001,0.2475,0.001,0.0,0.2475
00-0038998,10951,Jake Haener,QB,Giants,2026,1.0,2026.0,0.2475,0.2475,0.0,0.001,0.20625,0.001,0.0,0.20625
00-0039577,12086,Kedon Slovis,QB,Packers,2026,1.0,2026.0,0.2475,0.2475,0.0,0.001,0.0,0.0,0.0,0.0
00-0041203,13531,Joey Aguilar,QB,Jaguars,2026,1.0,2026.0,0.2475,0.2475,0.0,0.001,,,0.0,
00-0038550,10892,Hendon Hooker,QB,Titans,2026,1.0,2026.0,0.2475,0.2475,0.0,0.001,0.2475,0.001,0.0,0.2475
00-0039398,11801,Joe Milton III,QB,Cowboys,2026,1.0,2026.0,0.2475,0.2475,0.0,0.001,0.2475,0.001,0.0,0.2475
00-0036679,9819,Shane Buechele,QB,Bills,2026,1.0,2026.0,0.2475,0.2475,0.0,0.001,0.2475,0.001,0.0,0.2475
00-0040419,13064,Garrett Greene,QB,Buccaneers,2026,1.0,2026.0,0.2475,0.2475,0.0,0.001,0.2475,0.001,0.0,0.2475
00-0039677,12180,Sam Hartman,QB,Commanders,2026,1.0,2026.0,0.2475,0.2475,0.0,0.001,0.2475,0.001,0.0,0.2475
00-0041191,13730,Cash Jones,RB,Falcons,2026,1.0,2026.0,0.2475,0.2475,0.0,0.001,,,0.0,
00-0040202,12544,Devin Neal,RB,Vikings,2026,1.0,2026.0,0.2475,0.2475,0.0,0.001,0.20625,0.001,0.0,0.20625
00-0040039,12753,Amar Johnson,RB,Chargers,2026,1.0,2026.0,0.2475,0.2475,0.0,0.001,0.2475,0.001,0.0,0.2475
00-0040601,12957,Jordan Waters,RB,Rams,2026,1.0,2026.0,0.2475,0.2475,0.0,0.001,,,0.0,
00-0038389,10967,Israel Abanikanda,RB,Cowboys,2026,1.0,2026.0,0.2475,0.2475,0.0,0.001,0.23375,0.001,0.0,0.23375
00-0041312,13505,Noah Whittington,RB,Texans,2026,1.0,2026.0,0.2475,0.2475,0.0,0.001,,,0.0,
00-0039405,11813,Jawhar Jordan,RB,Texans,2026,1.0,2026.0,0.2475,0.2475,0.0,0.001,0.2475,0.001,0.0,0.2475
00-0040586,12509,Jaydon Blue,RB,Eagles,2026,1.0,2026.0,0.2475,0.2475,0.0,0.001,0.2475,0.001,0.0,0.2475
00-0040476,12631,Ulysses Bentley IV,RB,Saints,2026,1.0,2026.0,0.2475,0.2475,0.0,0.001,0.20625,0.001,0.0,0.20625
00-0041376,13601,Greg Desrosiers Jr.,RB,Chargers,2026,1.0,2026.0,0.2475,0.2475,0.0,0.001,,,0.0,
00-0040692,12477,Jarquez Hunter,RB,Dolphins,2026,1.0,2026.0,0.2475,0.2475,0.0,0.001,0.2475,0.001,0.0,0.2475
00-0039373,11755,Audric Estime,RB,Vikings,2026,1.0,2026.0,0.2475,0.2475,0.0,0.001,0.20625,0.001,0.0,0.20625
00-0038458,11281,Owen Wright,RB,Raiders,2026,1.0,2026.0,0.2475,0.2475,0.0,0.001,0.20625,0.001,0.0,0.20625
00-0040998,13615,Roman Hemby,RB,Raiders,2026,1.0,2026.0,0.2475,0.2475,0.0,0.001,,,0.0,
00-0040959,13574,Jaydn Ott,RB,Chiefs,2026,1.0,2026.0,0.2475,0.2475,0.0,0.001,,,0.0,
00-0041241,13490,Kentrel Bullock,RB,Bengals,2026,1.0,2026.0,0.2475,0.2475,0.0,0.001,,,0.0,
00-0038098,10172,Pierre Strong Jr.,RB,Packers,2026,1.0,2026.0,0.2475,0.2475,0.0,0.001,0.2475,0.001,0.0,0.2475
00-0040021,12599,Phil Mafah,RB,Giants,2026,1.0,2026.0,0.2475,0.2475,0.0,0.001,0.23375,0.001,0.0,0.23375
00-0041277,13483,Davon Booth,RB,Colts,2026,1.0,2026.0,0.2475,0.2475,0.0,0.001,,,0.0,
00-0040547,12908,Nate Carter,RB,Chiefs,2026,1.0,2026.0,0.2475,0.2475,0.0,0.001,0.2475,0.001,0.0,0.2475
00-0039703,11936,Cody Schrader,RB,Broncos,2026,1.0,2026.0,0.2475,0.2475,0.0,0.001,0.2475,0.001,0.0,0.2475
00-0041178,13665,Robert Henry Jr.,RB,Commanders,2026,1.0,2026.0,0.2475,0.2475,0.0,0.001,,,0.0,
00-0040067,12945,Jacardia Wright,RB,Seahawks,2026,1.0,2026.0,0.2475,0.2475,0.0,0.001,0.2475,0.001,0.0,0.2475
00-0039266,12088,Kendall Milton,RB,Bengals,2026,1.0,2026.0,0.2475,0.2475,0.0,0.001,0.2475,0.001,0.0,0.2475
00-0037509,10663,Sincere McCormick,RB,49ers,2026,1.0,2026.0,0.2475,0.2475,0.0,0.001,0.2475,0.001,0.0,0.2475
00-0041217,13529,J'Mari Taylor,RB,Jaguars,2026,1.0,2026.0,0.2475,0.2475,0.0,0.001,,,0.0,
00-0039325,11920,Carson Steele,RB,Eagles,2026,1.0,2026.0,0.2475,0.2475,0.0,0.001,0.2475,0.001,0.0,0.2475
00-0040205,12548,Kalel Mullings,RB,Titans,2026,1.0,2026.0,0.2475,0.2475,0.0,0.001,0.2475,0.001,0.0,0.2475
00-0038622,11036,Deuce Vaughn,RB,Texans,2026,1.0,2026.0,0.2475,0.2475,0.0,0.001,,,0.0,
00-0038397,11000,Evan Hull,RB,Cardinals,2026,1.0,2026.0,0.2475,0.2475,0.0,0.001,0.2475,0.001,0.0,0.2475
00-0040260,13039,Ahmani Marshall,RB,Panthers,2026,1.0,2026.0,0.2475,0.2475,0.0,0.001,0.2475,0.001,0.0,0.2475
00-0039652,12017,Jabari Small,RB,Lions,2026,1.0,2026.0,0.2475,0.2475,0.0,0.001,0.2475,0.001,0.0,0.2475
,13863,Grant Finley,FB,Giants,2026,1.0,2026.0,0.2475,0.2475,0.0,0.001,,,0.0,
00-0040302,12723,A.J. Henning,WR,Dolphins,2026,1.0,2026.0,0.2475,0.2475,0.0,0.001,0.22,0.001,0.0,0.22
00-0039474,12100,Lawrence Keys,WR,Lions,2026,1.0,2026.0,0.2475,0.2475,0.0,0.001,,,0.0,
00-0041220,13536,Michael Wortham,WR,Jaguars,2026,1.0,2026.0,0.2475,0.2475,0.0,0.001,,,0.0,
00-0040218,12568,Jimmy Horn Jr.,WR,Browns,2026,1.0,2026.0,0.2475,0.2475,0.0,0.001,0.23375,0.001,0.0,0.23375
00-0040753,13108,Will Sheppard,WR,Dolphins,2026,1.0,2026.0,0.2475,0.2475,0.0,0.001,0.2475,0.001,0.0,0.2475
00-0040597,12956,Brennan Presley,WR,Rams,2026,1.0,2026.0,0.2475,0.2475,0.0,0.001,0.2475,0.001,0.0,0.2475
00-0040970,13817,Michael Briscoe,WR,Vikings,2026,1.0,2026.0,0.2475,0.2475,0.0,0.001,,,0.0,
00-0040337,12819,Eli Pancol,WR,Colts,2026,1.0,2026.0,0.2475,0.2475,0.0,0.001,0.22,0.001,0.0,0.22
00-0041216,13533,Trebor Pena,WR,Jaguars,2026,1.0,2026.0,0.2475,0.2475,0.0,0.001,,,0.0,
00-0040049,12766,Josh Kelly,WR,Texans,2026,1.0,2026.0,0.2475,0.2475,0.0,0.001,0.2475,0.001,0.0,0.2475
00-0039843,12301,Qadir Ismail,WR,Bears,2026,1.0,2026.0,0.2475,0.2475,0.0,0.001,0.2475,0.001,0.0,0.2475
00-0041318,13422,Kyle Dixon,WR,Patriots,2026,1.0,2026.0,0.2475,0.2475,0.0,0.001,,,0.0,
00-0041319,13423,Cameron Dorner,WR,Patriots,2026,1.0,2026.0,0.2475,0.2475,0.0,0.001,,,0.0,
00-0040311,12890,Theo Wease Jr.,WR,Chargers,2026,1.0,2026.0,0.2475,0.2475,0.0,0.001,0.2475,0.001,0.0,0.2475
00-0040919,13557,Tyren Montgomery,WR,Titans,2026,1.0,2026.0,0.2475,0.2475,0.0,0.001,,,0.0,
00-0041309,13516,Daniel Sobkowicz,WR,Texans,2026,1.0,2026.0,0.2475,0.2475,0.0,0.001,,,0.0,
00-0037382,10634,Brandon Johnson,WR,Steelers,2026,1.0,2026.0,0.2475,0.2475,0.0,0.001,0.2475,0.001,0.0,0.2475
00-0041368,13781,Harrison Wallace III,WR,Cardinals,2026,1.0,2026.0,0.2475,0.2475,0.0,0.001,,,0.0,
00-0038941,10957,Tyler Scott,WR,Raiders,2026,1.0,2026.0,0.2475,0.2475,0.0,0.001,0.20625,0.001,0.0,0.20625
00-0040323,12969,Chandler Brayboy,WR,Patriots,2026,1.0,2026.0,0.2475,0.2475,0.0,0.001,0.23375,0.001,0.0,0.23375
00-0040558,12964,Isaiah Neyor,WR,Packers,2026,1.0,2026.0,0.2475,0.2475,0.0,0.001,0.2475,0.001,0.0,0.2475
00-0040298,12623,Andrew Armstrong,WR,Chiefs,2026,1.0,2026.0,0.2475,0.2475,0.0,0.001,,,0.0,
00-0040954,13581,Omari Evans,WR,Chiefs,2026,1.0,2026.0,0.2475,0.2475,0.0,0.001,,,0.0,
00-0038440,11234,Zavier Scott,WR,Bears,2026,1.0,2026.0,0.2475,0.2475,0.0,0.001,0.2475,0.001,0.0,0.2475
00-0040553,12952,Quincy Skinner Jr.,WR,Packers,2026,1.0,2026.0,0.2475,0.2475,0.0,0.001,,,0.0,
00-0040352,13015,Coleman Owen,WR,Packers,2026,1.0,2026.0,0.2475,0.2475,0.0,0.001,0.20625,0.001,0.0,0.20625
00-0040259,12779,Gage Larvadain,WR,Ravens,2026,1.0,2026.0,0.2475,0.2475,0.0,0.001,0.23375,0.001,0.0,0.23375
00-0040241,12604,Dominic Lovett,WR,Lions,2026,1.0,2026.0,0.2475,0.2475,0.0,0.001,0.2475,0.001,0.0,0.2475
00-0038979,10898,Cedric Tillman,WR,Saints,2026,1.0,2026.0,0.2475,0.2475,0.0,0.001,0.2475,0.001,0.0,0.2475
00-0040534,12968,Ke'Shawn Williams,WR,Bengals,2026,1.0,2026.0,0.2475,0.2475,0.0,0.001,0.20625,0.001,0.0,0.20625
00-0040375,12802,Jordan Moore,WR,Bengals,2026,1.0,2026.0,0.2475,0.2475,0.0,0.001,0.2475,0.001,0.0,0.2475
00-0040522,12836,Xavier Restrepo,WR,Titans,2026,1.0,2026.0,0.2475,0.2475,0.0,0.001,0.2475,0.001,0.0,0.2475
00-0041248,13493,Noah Thomas,WR,Bengals,2026,1.0,2026.0,0.2475,0.2475,0.0,0.001,,,0.0,
00-0041542,13848,Malick Meiga,WR,Seahawks,2026,1.0,2026.0,0.2475,0.2475,0.0,0.001,,,0.0,
00-0035589,7911,Gary Jennings Jr.,WR,Chargers,2026,1.0,2026.0,0.2475,0.2475,0.0,0.001,0.22,0.001,0.0,0.22
00-0038181,11562,Lucky Jackson,WR,Lions,2026,1.0,2026.0,0.2475,0.2475,0.0,0.001,0.2475,0.001,0.0,0.2475
00-0041185,13728,Vinny Anthony II,WR,Falcons,2026,1.0,2026.0,0.2475,0.2475,0.0,0.001,,,0.0,
00-0040934,13645,Jordan Hudson,WR,Cowboys,2026,1.0,2026.0,0.2475,0.2475,0.0,0.001,,,0.0,
00-0040895,13343,Emmanuel Henderson,WR,Seahawks,2026,1.0,2026.0,0.2475,0.2475,0.0,0.001,,,0.0,
00-0041435,13779,Dean Patterson,WR,Buccaneers,2026,1.0,2026.0,0.2475,0.2475,0.0,0.001,,,0.0,
00-0041257,13763,Eric Rivers,WR,Buccaneers,2026,1.0,2026.0,0.2475,0.2475,0.0,0.001,,,0.0,
00-0040900,13362,Anthony Smith,WR,Cowboys,2026,1.0,2026.0,0.2475,0.2475,0.0,0.001,,,0.0,
00-0041176,13672,Jaden Bradley,WR,Commanders,2026,1.0,2026.0,0.2475,0.2475,0.0,0.001,,,0.0,
00-0036959,10009,Michael Bandy,WR,Broncos,2026,1.0,2026.0,0.2475,0.2475,0.0,0.001,0.2475,0.001,0.0,0.2475
00-0041293,13561,Dane Key,WR,Broncos,2026,1.0,2026.0,0.2475,0.2475,0.0,0.001,,,0.0,
00-0040653,12598,Ricky White,WR,Seahawks,2026,1.0,2026.0,0.2475,0.2475,0.0,0.001,0.2475,0.001,0.0,0.2475
00-0040275,13032,J.P. Richardson,WR,Bears,2026,1.0,2026.0,0.2475,0.2475,0.0,0.001,0.2475,0.001,0.0,0.2475
00-0039386,11778,Bub Means,WR,Browns,2026,1.0,2026.0,0.2475,0.2475,0.0,0.001,0.2475,0.001,0.0,0.2475
00-0038953,11535,Dylan Drummond,WR,Falcons,2026,1.0,2026.0,0.2475,0.2475,0.0,0.001,0.2475,0.001,0.0,0.2475
00-0041361,13811,Will Pauling,WR,49ers,2026,1.0,2026.0,0.2475,0.2475,0.0,0.001,,,0.0,
00-0040438,12892,Antwane Wells Jr.,WR,Falcons,2026,1.0,2026.0,0.2475,0.2475,0.0,0.001,,,0.0,
00-0040099,13006,Xavier Guillory,WR,Ravens,2026,1.0,2026.0,0.2475,0.2475,0.0,0.001,,,0.0,
00-0041467,13348,Lewis Bond,WR,Texans,2026,1.0,2026.0,0.2475,0.2475,0.0,0.001,,,0.0,
00-0040361,12711,Stephen Gosnell,WR,Bills,2026,1.0,2026.0,0.2475,0.2475,0.0,0.001,0.2475,0.001,0.0,0.2475
00-0041272,13410,Ja'Mori Maclin,WR,Bills,2026,1.0,2026.0,0.2475,0.2475,0.0,0.001,,,0.0,
00-0039394,11795,Casey Washington,WR,Panthers,2026,1.0,2026.0,0.2475,0.2475,0.0,0.001,0.2475,0.001,0.0,0.2475
00-0041359,13813,Wesley Grimes,WR,49ers,2026,1.0,2026.0,0.2475,0.2475,0.0,0.001,,,0.0,
00-0040265,12914,Jaseem Reed,WR,Panthers,2026,1.0,2026.0,0.2475,0.2475,0.0,0.001,0.2475,0.001,0.0,0.2475
00-0040633,12896,Kyrese Rowan,WR,Saints,2026,1.0,2026.0,0.2475,0.2475,0.0,0.001,0.2475,0.001,0.0,0.2475
00-0036775,9854,Brandon Smith,WR,Steelers,2026,1.0,2026.0,0.2475,0.2475,0.0,0.001,0.2475,0.001,0.0,0.2475
00-0041195,13731,Jack Velling,TE,Falcons,2026,1.0,2026.0,0.2475,0.2475,0.0,0.001,,,0.0,
00-0038145,10388,Thomas Odukoya,TE,Chiefs,2026,1.0,2026.0,0.2475,0.2475,0.0,0.001,0.2475,0.001,0.0,0.2475
00-0040566,12684,CJ Dippre,TE,Buccaneers,2026,1.0,2026.0,0.2475,0.2475,0.0,0.001,0.2475,0.001,0.0,0.2475
00-0039550,12186,Shawn Bowman,TE,Cardinals,2026,1.0,2026.0,0.2475,0.2475,0.0,0.001,0.2475,0.001,0.0,0.2475
00-0039023,11111,Joel Wilson,TE,Titans,2026,1.0,2026.0,0.2475,0.2475,0.0,0.001,0.2475,0.001,0.0,0.2475
00-0041357,13810,Khalil Dinkins,TE,49ers,2026,1.0,2026.0,0.2475,0.2475,0.0,0.001,,,0.0,
00-0041252,13774,Kenny Fletcher Jr.,TE,Colts,2026,1.0,2026.0,0.2475,0.2475,0.0,0.001,,,0.0,
00-0040986,13470,Tyler Pezza,TE,Ravens,2026,1.0,2026.0,0.2475,0.2475,0.0,0.001,,,0.0,
00-0041016,13633,Patrick Gurd,TE,Raiders,2026,1.0,2026.0,0.2475,0.2475,0.0,0.001,,,0.0,
00-0041263,13498,Lake McRee,TE,Steelers,2026,1.0,2026.0,0.2475,0.2475,0.0,0.001,,,0.0,
00-0041327,13756,Cody Hardy,TE,Jets,2026,1.0,2026.0,0.2475,0.2475,0.0,0.001,,,0.0,
00-0040939,13644,Michael Trigg,TE,Cowboys,2026,1.0,2026.0,0.2475,0.2475,0.0,0.001,,,0.0,
00-0037340,10398,Zaire Mitchell-Paden,TE,Texans,2026,1.0,2026.0,0.2475,0.2475,0.0,0.001,0.2475,0.001,0.0,0.2475
00-0040697,13121,Thomas Gordon,TE,Lions,2026,1.0,2026.0,0.2475,0.2475,0.0,0.001,0.2475,0.001,0.0,0.2475
00-0039458,11904,Brenden Bates,TE,Jaguars,2026,1.0,2026.0,0.2475,0.2475,0.0,0.001,0.22,0.001,0.0,0.22
00-0041457,13692,Miles Kitselman,TE,Lions,2026,1.0,2026.0,0.2475,0.2475,0.0,0.001,,,0.0,
00-0041422,13789,Dan Villari,TE,Rams,2026,1.0,2026.0,0.2475,0.2475,0.0,0.001,,,0.0,
00-0039305,12019,Jack Westover,TE,Commanders,2026,1.0,2026.0,0.2475,0.2475,0.0,0.001,0.2475,0.001,0.0,0.2475
00-0041384,13600,Evan Svoboda,TE,Chargers,2026,1.0,2026.0,0.2475,0.2475,0.0,0.001,,,0.0,
00-0039631,11915,Cam Grandy,TE,Vikings,2026,1.0,2026.0,0.2475,0.2475,0.0,0.001,0.2475,0.001,0.0,0.2475
00-0040628,12991,Drake Dabney,TE,Packers,2026,1.0,2026.0,0.2475,0.2475,0.0,0.001,0.2475,0.001,0.0,0.2475
00-0040567,12774,Brock Lampe,TE,Bills,2026,1.0,2026.0,0.2475,0.2475,0.0,0.001,0.23375,0.001,0.0,0.23375
00-0040094,12887,Tre Watson,TE,Dolphins,2026,1.0,2026.0,0.2475,0.2475,0.0,0.001,0.2475,0.001,0.0,0.2475
00-0037440,10607,Obinna Eze,LT,Browns,2026,1.0,2026.0,0.2475,0.2475,0.0,0.001,0.23375,0.001,0.0,0.23375
00-0041306,13509,James Neal III,LT,Texans,2026,1.0,2026.0,0.2475,0.2475,0.0,0.001,,,0.0,
00-0039932,12265,Laekin Vakalahi,LT,Chargers,2026,1.0,2026.0,0.2475,0.2475,0.0,0.001,0.0,0.0,0.0,0.0
00-0039822,11683,Kiran Amegadjie,LT,Eagles,2026,1.0,2026.0,0.2475,0.2475,0.0,0.001,0.2475,0.001,0.0,0.2475
00-0040083,12928,Dalton Cooper,LT,Packers,2026,1.0,2026.0,0.2475,0.2475,0.0,0.001,0.2475,0.001,0.0,0.2475
00-0041014,13634,Niklas Henning,LT,Raiders,2026,1.0,2026.0,0.2475,0.2475,0.0,0.001,,,0.0,
00-0036267,8750,Jedrick Wills,LT,Bills,2026,1.0,2026.0,0.2475,0.2475,0.0,0.001,0.2475,0.001,0.0,0.2475
00-0041146,13749,Isaia Glass,LT,Panthers,2026,1.0,2026.0,0.2475,0.2475,0.0,0.001,,,0.0,
00-0041232,13518,Nolan Rucci,LT,Colts,2026,1.0,2026.0,0.2475,0.2475,0.0,0.001,,,0.0,
00-0040092,12824,Esa Pole,LT,Commanders,2026,1.0,2026.0,0.2475,0.2475,0.0,0.001,0.2475,0.001,0.0,0.2475
00-0041578,13841,Jarrod Gray,LT,Giants,2026,1.0,2026.0,0.2475,0.2475,0.0,0.001,,,0.0,
00-0039716,11975,Doug Nester,LT,Steelers,2026,1.0,2026.0,0.2475,0.2475,0.0,0.001,0.2475,0.001,0.0,0.2475
00-0036448,9426,Isaac Alarcon,LT,49ers,2026,1.0,2026.0,0.2475,0.2475,0.0,0.001,0.0,0.0,0.0,0.0
00-0041297,13559,Gavin Ortega,LT,Broncos,2026,1.0,2026.0,0.2475,0.2475,0.0,0.001,,,0.0,
00-0039507,12113,Marcellus Johnson,LT,Cowboys,2026,1.0,2026.0,0.2475,0.2475,0.0,0.001,0.2475,0.001,0.0,0.2475
00-0041192,13726,Riley Mahlman,LT,Falcons,2026,1.0,2026.0,0.2475,0.2475,0.0,0.001,,,0.0,
00-0040034,13001,Brant Banks,LT,Jets,2026,1.0,2026.0,0.2475,0.2475,0.0,0.001,0.2475,0.001,0.0,0.2475
,12853,Valentin Senn,LT,Cardinals,2026,1.0,2026.0,0.2475,0.2475,0.0,0.001,0.0,0.0,0.0,0.0
00-0040539,12982,Easton Kilty,LT,Saints,2026,1.0,2026.0,0.2475,0.2475,0.0,0.001,0.2475,0.001,0.0,0.2475
00-0040918,13554,Rasheed Miller,LT,Titans,2026,1.0,2026.0,0.2475,0.2475,0.0,0.001,,,0.0,
00-0040224,12578,Jack Nelson,LT,Vikings,2026,1.0,2026.0,0.2475,0.2475,0.0,0.001,0.2475,0.001,0.0,0.2475
00-0041144,13639,Ryan Schernecke,LT,Giants,2026,1.0,2026.0,0.2475,0.2475,0.0,0.001,,,0.0,
00-0039555,12192,Steven Jones,LG,Steelers,2026,1.0,2026.0,0.2475,0.2475,0.0,0.001,0.2475,0.001,0.0,0.2475
00-0041255,13768,Henry Lutovsky,LG,Buccaneers,2026,1.0,2026.0,0.2475,0.2475,0.0,0.001,,,0.0,
00-0039755,11862,K.T. Leveston,LG,Browns,2026,1.0,2026.0,0.2475,0.2475,0.0,0.001,0.2475,0.001,0.0,0.2475
00-0041276,13729,Kam Dewberry,LG,Falcons,2026,1.0,2026.0,0.2475,0.2475,0.0,0.001,,,0.0,
00-0040943,13699,Josh Gesky,LG,Packers,2026,1.0,2026.0,0.2475,0.2475,0.0,0.001,,,0.0,
00-0040909,13397,Evan Beerntsen,LG,Seahawks,2026,1.0,2026.0,0.2475,0.2475,0.0,0.001,,,0.0,
00-0039624,12095,Kyle Hergel,LG,Ravens,2026,1.0,2026.0,0.2475,0.2475,0.0,0.001,0.20625,0.001,0.0,0.20625
00-0040307,12828,Josh Priebe,LG,Vikings,2026,1.0,2026.0,0.2475,0.2475,0.0,0.001,0.20625,0.001,0.0,0.20625
00-0037138,10553,Josh Sills,LG,Colts,2026,1.0,2026.0,0.2475,0.2475,0.0,0.001,0.2475,0.001,0.0,0.2475
00-0040965,13591,Josh Thompson,LG,Falcons,2026,1.0,2026.0,0.2475,0.2475,0.0,0.001,,,0.0,
00-0039262,12001,Gottlieb Ayedze,LG,Dolphins,2026,1.0,2026.0,0.2475,0.2475,0.0,0.001,0.2475,0.001,0.0,0.2475
00-0040949,13700,Dillon Wade,LG,Packers,2026,1.0,2026.0,0.2475,0.2475,0.0,0.001,,,0.0,
00-0040410,12674,Eli Cox,C,Jaguars,2026,1.0,2026.0,0.2475,0.2475,0.0,0.001,0.2475,0.001,0.0,0.2475
00-0040427,13068,Ben Scott,C,Buccaneers,2026,1.0,2026.0,0.2475,0.2475,0.0,0.001,0.2475,0.001,0.0,0.2475
00-0040979,13460,Nick Dawkins,C,Jets,2026,1.0,2026.0,0.2475,0.2475,0.0,0.001,,,0.0,
00-0040958,13583,Pete Nygra,C,Chiefs,2026,1.0,2026.0,0.2475,0.2475,0.0,0.001,,,0.0,
00-0039544,12230,Will Putnam,C,Raiders,2026,1.0,2026.0,0.2475,0.2475,0.0,0.001,0.2475,0.001,0.0,0.2475
00-0040467,12764,Josh Kaltenberger,C,Chargers,2026,1.0,2026.0,0.2475,0.2475,0.0,0.001,0.2475,0.001,0.0,0.2475
00-0039442,12093,Kingsley Eguakun,C,Cardinals,2026,1.0,2026.0,0.2475,0.2475,0.0,0.001,0.20625,0.001,0.0,0.20625
00-0041425,13796,Austin Blaske,C,Rams,2026,1.0,2026.0,0.2475,0.2475,0.0,0.001,,,0.0,
00-0041234,13522,Geno VanDeMark,C,Giants,2026,1.0,2026.0,0.2475,0.2475,0.0,0.001,,,0.0,
00-0041124,13379,Gavin Gerhardt,C,Texans,2026,1.0,2026.0,0.2475,0.2475,0.0,0.001,,,0.0,
00-0040422,12787,Jake Majors,C,Eagles,2026,1.0,2026.0,0.2475,0.2475,0.0,0.001,0.2475,0.001,0.0,0.2475
00-0039700,11976,Drake Nugent,C,49ers,2026,1.0,2026.0,0.2475,0.2475,0.0,0.001,0.2475,0.001,0.0,0.2475
,12944,Federico Maranges,C,Seahawks,2026,1.0,2026.0,0.2475,0.2475,0.0,0.001,0.0,0.0,0.0,0.0
00-0036859,9694,Jimmy Morrissey,C,Jets,2026,1.0,2026.0,0.2475,0.2475,0.0,0.001,0.20625,0.001,0.0,0.20625
,13099,Vershon Lee,RG,Cardinals,2026,1.0,2026.0,0.2475,0.2475,0.0,0.001,0.2475,0.001,0.0,0.2475
00-0039508,12029,Jake Kubas,RG,Patriots,2026,1.0,2026.0,0.2475,0.2475,0.0,0.001,0.2475,0.001,0.0,0.2475
00-0039930,11829,Travis Clayton,RG,Bills,2026,1.0,2026.0,0.2475,0.2475,0.0,0.001,0.0,0.0,0.0,0.0
00-0040557,12966,Drew Moss,RG,Titans,2026,1.0,2026.0,0.2475,0.2475,0.0,0.001,0.22,0.001,0.0,0.22
00-0038426,11250,Lorenz Metz,RG,Patriots,2026,1.0,2026.0,0.2475,0.2475,0.0,0.001,0.0,0.0,0.0,0.0
00-0041164,13673,Caden Barnett,RG,Bears,2026,1.0,2026.0,0.2475,0.2475,0.0,0.001,,,0.0,
00-0038785,11338,Henry Byrd,RG,Vikings,2026,1.0,2026.0,0.2475,0.2475,0.0,0.001,0.2475,0.001,0.0,0.2475
00-0040451,12873,Xavier Truss,RT,Browns,2026,1.0,2026.0,0.2475,0.2475,0.0,0.001,0.23375,0.001,0.0,0.23375
00-0041224,13415,Da'Metrius Weatherspoon,RT,Patriots,2026,1.0,2026.0,0.2475,0.2475,0.0,0.001,,,0.0,
00-0041296,13568,Tyler Miller,RT,Broncos,2026,1.0,2026.0,0.2475,0.2475,0.0,0.001,,,0.0,
00-0041583,13771,Paul Rubelt,RT,Buccaneers,2026,1.0,2026.0,0.2475,0.2475,0.0,0.001,,,0.0,
00-0038792,11342,Demontrey Jacobs,RT,Cardinals,2026,1.0,2026.0,0.2475,0.2475,0.0,0.001,0.2475,0.001,0.0,0.2475
00-0041336,13761,Alex Wollschlaeger,RT,Saints,2026,1.0,2026.0,0.2475,0.2475,0.0,0.001,,,0.0,
00-0038852,11366,John Ojukwu,RT,Eagles,2026,1.0,2026.0,0.2475,0.2475,0.0,0.001,0.2475,0.001,0.0,0.2475
00-0039382,11770,Christian Jones,RT,Bears,2026,1.0,2026.0,0.2475,0.2475,0.0,0.001,0.2475,0.001,0.0,0.2475
00-0040391,12801,Mason Miller,RT,Lions,2026,1.0,2026.0,0.2475,0.2475,0.0,0.001,0.2475,0.001,0.0,0.2475
00-0038729,11355,Kilian Zierer,RT,Jaguars,2026,1.0,2026.0,0.2475,0.2475,0.0,0.001,0.0,0.0,0.0,0.0
00-0040101,12730,Reid Holskey,RT,Colts,2026,1.0,2026.0,0.2475,0.2475,0.0,0.001,0.2475,0.001,0.0,0.2475
00-0040217,12566,Chase Lundt,RT,Bills,2026,1.0,2026.0,0.2475,0.2475,0.0,0.001,0.2475,0.001,0.0,0.2475
00-0037845,10306,A.J. Arcuri,RT,Ravens,2026,1.0,2026.0,0.2475,0.2475,0.0,0.001,0.2475,0.001,0.0,0.2475
00-0040495,12647,Logan Brown,RT,Seahawks,2026,1.0,2026.0,0.2475,0.2475,0.0,0.001,0.2475,0.001,0.0,0.2475
,9954,Max Pircher,RT,Texans,2026,1.0,2026.0,0.2475,0.2475,0.0,0.001,0.0,0.0,0.0,0.0
00-0039317,11990,Ethan Driskell,RT,Chiefs,2026,1.0,2026.0,0.2475,0.2475,0.0,0.001,0.2475,0.001,0.0,0.2475
00-0040357,12884,Trey Washington,RT,Colts,2026,1.0,2026.0,0.2475,0.2475,0.0,0.001,0.2475,0.001,0.0,0.2475
00-0037040,10044,Roy Mbaeteka,RT,Colts,2026,1.0,2026.0,0.2475,0.2475,0.0,0.001,0.0,0.0,0.0,0.0
00-0041330,13752,Alan Herron,RT,Saints,2026,1.0,2026.0,0.2475,0.2475,0.0,0.001,,,0.0,
,12257,David Olajiga,IDL,Ravens,2026,1.0,2026.0,0.2475,0.2475,0.0,0.001,0.0,0.0,0.0,0.0
00-0039354,11705,McKinnley Jackson,IDL,49ers,2026,1.0,2026.0,0.2475,0.2475,0.0,0.001,0.23375,0.001,0.0,0.23375
00-0041007,13619,Gary Smith III,IDL,SEA/LV,2026,1.0,2026.0,0.2475,0.2475,0.0,0.001,,,0.0,
00-0039265,11995,Gabe Hall,IDL,Eagles,2026,1.0,2026.0,0.2475,0.2475,0.0,0.001,0.20625,0.001,0.0,0.20625
00-0041580,13395,Uar Bernard,IDL,Eagles,2026,1.0,2026.0,0.2475,0.2475,0.0,0.001,,,0.0,
00-0041225,13517,Cameron Ball,IDL,Colts,2026,1.0,2026.0,0.2475,0.2475,0.0,0.001,,,0.0,
00-0041534,13376,Tim Keenan III,IDL,Raiders,2026,1.0,2026.0,0.2475,0.2475,0.0,0.001,,,0.0,
00-0040655,12925,Keith Cooper,IDL,Dolphins,2026,1.0,2026.0,0.2475,0.2475,0.0,0.001,0.20625,0.001,0.0,0.20625
00-0041386,13613,Terry Webb,IDL,Chargers,2026,1.0,2026.0,0.2475,0.2475,0.0,0.001,,,0.0,
00-0040404,12817,Payton Page,IDL,Jets,2026,1.0,2026.0,0.2475,0.2475,0.0,0.001,0.2475,0.001,0.0,0.2475
00-0040902,13373,Brandon Cleveland,IDL,Raiders,2026,1.0,2026.0,0.2475,0.2475,0.0,0.001,,,0.0,
00-0039743,11724,Jordan Jefferson,IDL,Chargers,2026,1.0,2026.0,0.2475,0.2475,0.0,0.001,0.2475,0.001,0.0,0.2475
00-0041335,13760,Jay'Viar Suggs,IDL,Saints,2026,1.0,2026.0,0.2475,0.2475,0.0,0.001,,,0.0,
00-0041369,13782,Damonic Williams,IDL,Cardinals,2026,1.0,2026.0,0.2475,0.2475,0.0,0.001,,,0.0,
00-0040517,12732,Cam Horsley,IDL,Cardinals,2026,1.0,2026.0,0.2475,0.2475,0.0,0.001,0.2475,0.001,0.0,0.2475
,12619,Laki Tasi,IDL,Titans,2026,1.0,2026.0,0.2475,0.2475,0.0,0.001,0.0,0.0,0.0,0.0
00-0040371,12714,Eric Gregory,IDL,Patriots,2026,1.0,2026.0,0.2475,0.2475,0.0,0.001,0.2475,0.001,0.0,0.2475
00-0039400,11805,Zion Logue,IDL,Browns,2026,1.0,2026.0,0.2475,0.2475,0.0,0.001,0.2475,0.001,0.0,0.2475
00-0040572,12838,Jahvaree Ritzie,IDL,Vikings,2026,1.0,2026.0,0.2475,0.2475,0.0,0.001,,,0.0,
00-0041204,13539,T.J. Bollers,IDL,Jaguars,2026,1.0,2026.0,0.2475,0.2475,0.0,0.001,,,0.0,
00-0041428,13804,Jaxson Moi,IDL,Rams,2026,1.0,2026.0,0.2475,0.2475,0.0,0.001,,,0.0,
00-0040595,12813,Bill Norton,IDL,Rams,2026,1.0,2026.0,0.2475,0.2475,0.0,0.001,0.2475,0.001,0.0,0.2475
00-0040907,13394,Rayshaun Benny,IDL,Ravens,2026,1.0,2026.0,0.2475,0.2475,0.0,0.001,,,0.0,
00-0041315,13417,David Blay Jr.,IDL,Packers,2026,1.0,2026.0,0.2475,0.2475,0.0,0.001,,,0.0,
00-0040283,12718,Jared Harrison-Hunte,IDL,Cardinals,2026,1.0,2026.0,0.2475,0.2475,0.0,0.001,0.2475,0.001,0.0,0.2475
00-0041151,13750,Parker Petersen,IDL,Panthers,2026,1.0,2026.0,0.2475,0.2475,0.0,0.001,,,0.0,
00-0040864,13403,Jeffrey M'ba,IDL,Commanders,2026,1.0,2026.0,0.2475,0.2475,0.0,0.001,,,0.0,
00-0040982,13458,Aaron Graves,IDL,Texans,2026,1.0,2026.0,0.2475,0.2475,0.0,0.001,,,0.0,
00-0040931,13651,Tommy Dunn,IDL,Cowboys,2026,1.0,2026.0,0.2475,0.2475,0.0,0.001,,,0.0,
00-0040105,12757,Jayson Jones,IDL,Buccaneers,2026,1.0,2026.0,0.2475,0.2475,0.0,0.001,0.2475,0.001,0.0,0.2475
00-0040904,13386,Deven Eastern,IDL,Seahawks,2026,1.0,2026.0,0.2475,0.2475,0.0,0.001,,,0.0,
00-0040369,12676,Howard Cross III,IDL,Bengals,2026,1.0,2026.0,0.2475,0.2475,0.0,0.001,0.2475,0.001,0.0,0.2475
00-0040019,12577,Jay Toia,IDL,Cardinals,2026,1.0,2026.0,0.2475,0.2475,0.0,0.001,0.22,0.001,0.0,0.22
00-0038937,10888,Zacch Pickens,IDL,Falcons,2026,1.0,2026.0,0.2475,0.2475,0.0,0.001,0.2475,0.001,0.0,0.2475
00-0040414,12864,Junior Tafuna,IDL,Texans,2026,1.0,2026.0,0.2475,0.2475,0.0,0.001,0.2475,0.001,0.0,0.2475
00-0039269,12034,James Ester,IDL,Dolphins,2026,1.0,2026.0,0.2475,0.2475,0.0,0.001,0.20625,0.001,0.0,0.20625
00-0038661,11482,Chris Smith,IDL,Lions,2026,1.0,2026.0,0.2475,0.2475,0.0,0.001,0.2475,0.001,0.0,0.2475
00-0039609,12096,Kyler Baugh,IDL,Steelers,2026,1.0,2026.0,0.2475,0.2475,0.0,0.001,0.2475,0.001,0.0,0.2475
00-0037638,10777,Benton Whitley,ED,Patriots,2026,1.0,2026.0,0.2475,0.2475,0.0,0.001,0.22,0.001,0.0,0.22
00-0039332,11933,C.J. Ravenell,ED,Giants,2026,1.0,2026.0,0.2475,0.2475,0.0,0.001,0.22,0.001,0.0,0.22
00-0039931,12075,Julius Welschof,ED,Steelers,2026,1.0,2026.0,0.2475,0.2475,0.0,0.001,0.0,0.0,0.0,0.0
,12618,Mapalo Mwansa,ED,Panthers,2026,1.0,2026.0,0.2475,0.2475,0.0,0.001,0.0,0.0,0.0,0.0
00-0040972,13814,Aidan Hubbard,ED,Seahawks,2026,1.0,2026.0,0.2475,0.2475,0.0,0.001,,,0.0,
00-0041279,13475,Logan Fano,ED,Browns,2026,1.0,2026.0,0.2475,0.2475,0.0,0.001,,,0.0,
00-0041285,13479,Khordae Sydnor,ED,Browns,2026,1.0,2026.0,0.2475,0.2475,0.0,0.001,,,0.0,
00-0038144,10742,Adedayo Odeleye,ED,Cowboys,2026,1.0,2026.0,0.2475,0.2475,0.0,0.001,0.0,0.0,0.0,0.0
00-0039783,11885,Anthony Goodlow,ED,Panthers,2026,1.0,2026.0,0.2475,0.2475,0.0,0.001,0.2475,0.001,0.0,0.2475
,11483,David Ebuka Agoha,ED,Broncos,2026,1.0,2026.0,0.2475,0.2475,0.0,0.001,0.0,0.0,0.0,0.0
00-0040452,12883,Johnny Walker Jr.,ED,Broncos,2026,1.0,2026.0,0.2475,0.2475,0.0,0.001,0.2475,0.001,0.0,0.2475
00-0041458,13688,Anthony Lucas,ED,Lions,2026,1.0,2026.0,0.2475,0.2475,0.0,0.001,,,0.0,
00-0041385,13597,Nadame Tucker,ED,Browns,2026,1.0,2026.0,0.2475,0.2475,0.0,0.001,,,0.0,
00-0040944,13701,Nyjalik Kelly,ED,Packers,2026,1.0,2026.0,0.2475,0.2475,0.0,0.001,,,0.0,
00-0039494,12090,Kenny Dyson Jr.,ED,Vikings,2026,1.0,2026.0,0.2475,0.2475,0.0,0.001,0.20625,0.001,0.0,0.20625
00-0040604,12720,Jahfari Harvey,ED,Broncos,2026,1.0,2026.0,0.2475,0.2475,0.0,0.001,0.20625,0.001,0.0,0.20625
00-0041412,13428,Xavier Holmes,ED,Patriots,2026,1.0,2026.0,0.2475,0.2475,0.0,0.001,,,0.0,
00-0040472,12978,Garmon Randolph,ED,Bengals,2026,1.0,2026.0,0.2475,0.2475,0.0,0.001,0.2475,0.001,0.0,0.2475
00-0039155,10865,B.J. Ojulari,ED,Jaguars,2026,1.0,2026.0,0.2475,0.2475,0.0,0.001,0.23375,0.001,0.0,0.23375
00-0040434,12701,Trace Ford,ED,Giants,2026,1.0,2026.0,0.2475,0.2475,0.0,0.001,0.2475,0.001,0.0,0.2475
00-0039447,12136,Nate Lynn,ED,Jets,2026,1.0,2026.0,0.2475,0.2475,0.0,0.001,0.2475,0.001,0.0,0.2475
00-0039460,11918,Carl Jones Jr.,ED,Ravens,2026,1.0,2026.0,0.2475,0.2475,0.0,0.001,0.20625,0.001,0.0,0.20625
00-0041329,13753,Michael Heldman,ED,Chiefs,2026,1.0,2026.0,0.2475,0.2475,0.0,0.001,,,0.0,
00-0040176,12506,Bradyn Swinson,ED,Steelers,2026,1.0,2026.0,0.2475,0.2475,0.0,0.001,0.2475,0.001,0.0,0.2475
00-0039539,11876,Amari Gainer,ED,Dolphins,2026,1.0,2026.0,0.2475,0.2475,0.0,0.001,0.2475,0.001,0.0,0.2475
00-0041230,13519,Mitchell Melton,ED,Colts,2026,1.0,2026.0,0.2475,0.2475,0.0,0.001,,,0.0,
00-0041159,13439,Rodney McGraw,ED,Dolphins,2026,1.0,2026.0,0.2475,0.2475,0.0,0.001,,,0.0,
00-0040209,12554,Jalen Mcleod,ED,Jaguars,2026,1.0,2026.0,0.2475,0.2475,0.0,0.001,0.318333,0.001,0.0,0.318333
00-0040249,12614,Fadil Diggs,ED,Saints,2026,1.0,2026.0,0.2475,0.2475,0.0,0.001,0.2475,0.001,0.0,0.2475
00-0039791,11701,Adisa Isaac,ED,Ravens,2026,1.0,2026.0,0.2475,0.2475,0.0,0.001,0.2475,0.001,0.0,0.2475
00-0040926,13660,Joshua Weru,ED,Eagles,2026,1.0,2026.0,0.2475,0.2475,0.0,0.001,,,0.0,
00-0038462,11186,Keshawn Banks,ED,Vikings,2026,1.0,2026.0,0.2475,0.2475,0.0,0.001,0.20625,0.001,0.0,0.20625
00-0041006,13617,Cian Slone,ED,Raiders,2026,1.0,2026.0,0.2475,0.2475,0.0,0.001,,,0.0,
00-0036711,9868,Charles Snowden,ED,Commanders,2026,1.0,2026.0,0.2475,0.2475,0.0,0.001,0.20625,0.001,0.0,0.20625
00-0038801,11084,Andre Carter II,ED,Chargers,2026,1.0,2026.0,0.2475,0.2475,0.0,0.001,0.2475,0.001,0.0,0.2475
00-0041162,13431,Mason Reiger,ED,Eagles,2026,1.0,2026.0,0.2475,0.2475,0.0,0.001,,,0.0,
00-0040908,13396,Keyshawn James-Newby,ED,Eagles,2026,1.0,2026.0,0.2475,0.2475,0.0,0.001,,,0.0,
00-0040658,12847,Kaimon Rucker,ED,Ravens,2026,1.0,2026.0,0.2475,0.2475,0.0,0.001,0.2475,0.001,0.0,0.2475
,13136,Paschal Ekeji,ED,Jets,2026,1.0,2026.0,0.2475,0.2475,0.0,0.001,0.0,0.0,0.0,0.0
00-0038648,11079,Jalen Graham,LB,49ers,2026,1.0,2026.0,0.2475,0.2475,0.0,0.001,0.2475,0.001,0.0,0.2475
00-0041408,13687,Wayne Matthews,LB,Bears,2026,1.0,2026.0,0.2475,0.2475,0.0,0.001,,,0.0,
00-0040108,12790,Chandler Martin,LB,Giants,2026,1.0,2026.0,0.2475,0.2475,0.0,0.001,0.2475,0.001,0.0,0.2475
00-0041338,13766,Caden Fordham,LB,Buccaneers,2026,1.0,2026.0,0.2475,0.2475,0.0,0.001,,,0.0,
00-0040362,12910,Keonta Jenkins,LB,Bills,2026,1.0,2026.0,0.2475,0.2475,0.0,0.001,0.2475,0.001,0.0,0.2475
00-0039457,12025,Jacoby Windmon,LB,Steelers,2026,1.0,2026.0,0.2475,0.2475,0.0,0.001,0.2475,0.001,0.0,0.2475
00-0041410,13454,Jaden Keller,LB,Jets,2026,1.0,2026.0,0.2475,0.2475,0.0,0.001,,,0.0,
00-0041367,13787,Cameron Robertson,LB,Cardinals,2026,1.0,2026.0,0.2475,0.2475,0.0,0.001,,,0.0,
00-0041434,13778,Yasir Holmes,LB,Buccaneers,2026,1.0,2026.0,0.2475,0.2475,0.0,0.001,,,0.0,
00-0038737,11386,Isaiah Land,LB,Cowboys,2026,1.0,2026.0,0.2475,0.2475,0.0,0.001,0.2475,0.001,0.0,0.2475
00-0041424,13780,Javin Wright,LB,Buccaneers,2026,1.0,2026.0,0.2475,0.2475,0.0,0.001,,,0.0,
00-0041134,13401,Red Murdock,LB,Broncos,2026,1.0,2026.0,0.2475,0.2475,0.0,0.001,,,0.0,
00-0039944,12331,Jamie Sheriff,LB,Rams,2026,1.0,2026.0,0.2475,0.2475,0.0,0.001,0.2475,0.001,0.0,0.2475
00-0039288,12021,Jackson Sirmon,LB,Saints,2026,1.0,2026.0,0.2475,0.2475,0.0,0.001,0.2475,0.001,0.0,0.2475
00-0040501,12767,Austin Keys,LB,Commanders,2026,1.0,2026.0,0.2475,0.2475,0.0,0.001,0.23375,0.001,0.0,0.23375
00-0031550,3873,Shaq Thompson,LB,Bills,2026,1.0,2026.0,0.2475,0.2475,0.0,0.001,0.2475,0.001,0.0,0.2475
00-0036644,9641,Cameron McGrone,LB,Raiders,2026,1.0,2026.0,0.2475,0.2475,0.0,0.001,0.2475,0.001,0.0,0.2475
00-0039277,12057,Jimmy Ciarlo,LB,Seahawks,2026,1.0,2026.0,0.2475,0.2475,0.0,0.001,0.20625,0.001,0.0,0.20625
00-0041372,13598,Lander Barton,LB,Chargers,2026,1.0,2026.0,0.2475,0.2475,0.0,0.001,,,0.0,
00-0039346,11677,Junior Colson,LB,Chargers,2026,1.0,2026.0,0.2475,0.2475,0.0,0.001,0.2475,0.001,0.0,0.2475
00-0039637,12112,Maema Njongmeta,LB,Panthers,2026,1.0,2026.0,0.2475,0.2475,0.0,0.001,0.20625,0.001,0.0,0.20625
00-0038908,11092,Anfernee Orji,LB,Eagles,2026,1.0,2026.0,0.2475,0.2475,0.0,0.001,0.20625,0.001,0.0,0.20625
00-0041515,13843,Chase Wilson,LB,Titans,2026,1.0,2026.0,0.2475,0.2475,0.0,0.001,,,0.0,
00-0041421,13805,Darryl Peterson,LB,Rams,2026,1.0,2026.0,0.2475,0.2475,0.0,0.001,,,0.0,
00-0041236,13521,West Weeks,LB,Colts,2026,1.0,2026.0,0.2475,0.2475,0.0,0.001,,,0.0,
00-0041431,13717,Bangally Kamara,LB,Vikings,2026,1.0,2026.0,0.2475,0.2475,0.0,0.001,,,0.0,
00-0040299,12625,Eugene Asante,LB,Cardinals,2026,1.0,2026.0,0.2475,0.2475,0.0,0.001,0.2475,0.001,0.0,0.2475
00-0040896,13345,Domani Jackson,CB,Packers,2026,1.0,2026.0,0.2475,0.2475,0.0,0.001,,,0.0,
00-0038841,11517,Nick Whiteside,CB,Lions,2026,1.0,2026.0,0.2475,0.2475,0.0,0.001,0.2475,0.001,0.0,0.2475
00-0041416,13799,Nyzier Fourqurean,CB,Rams,2026,1.0,2026.0,0.2475,0.2475,0.0,0.001,,,0.0,
00-0040993,13462,Lardarius Webb Jr.,CB,Ravens,2026,1.0,2026.0,0.2475,0.2475,0.0,0.001,,,0.0,
00-0040961,13587,D'Arco Perkins-McAllister,CB,Chiefs,2026,1.0,2026.0,0.2475,0.2475,0.0,0.001,,,0.0,
00-0040347,12693,Johnathan Edwards,CB,Colts,2026,1.0,2026.0,0.2475,0.2475,0.0,0.001,0.23375,0.001,0.0,0.23375
00-0039586,12227,Tyrek Funderburk,CB,Cowboys,2026,1.0,2026.0,0.2475,0.2475,0.0,0.001,0.20625,0.001,0.0,0.20625
00-0040093,13003,Melvin Smith,CB,Chiefs,2026,1.0,2026.0,0.2475,0.2475,0.0,0.001,0.23375,0.001,0.0,0.23375
00-0039780,11917,Cam Lampkin,CB,Rams,2026,1.0,2026.0,0.2475,0.2475,0.0,0.001,0.2475,0.001,0.0,0.2475
00-0039333,11901,Brandon Codrington,CB,49ers,2026,1.0,2026.0,0.2475,0.2475,0.0,0.001,0.2475,0.001,0.0,0.2475
00-0040322,12950,Car'lin Vigers,CB,Steelers,2026,1.0,2026.0,0.2475,0.2475,0.0,0.001,0.2475,0.001,0.0,0.2475
00-0040397,12941,Jordan Clark,CB,Jets,2026,1.0,2026.0,0.2475,0.2475,0.0,0.001,0.20625,0.001,0.0,0.20625
00-0041341,13721,Da'Veawn Armstead,CB,Vikings,2026,1.0,2026.0,0.2475,0.2475,0.0,0.001,,,0.0,
00-0038966,11531,Natrone Brooks,CB,Vikings,2026,1.0,2026.0,0.2475,0.2475,0.0,0.001,0.20625,0.001,0.0,0.20625
00-0038788,11335,Art Green,CB,Cardinals,2026,1.0,2026.0,0.2475,0.2475,0.0,0.001,0.23375,0.001,0.0,0.23375
00-0040489,12878,Greedy Vance Jr.,CB,Raiders,2026,1.0,2026.0,0.2475,0.2475,0.0,0.001,0.2475,0.001,0.0,0.2475
00-0038696,11398,Keidron Smith,CB,Bears,2026,1.0,2026.0,0.2475,0.2475,0.0,0.001,0.23375,0.001,0.0,0.23375
00-0040450,12843,Jaden Robinson,CB,Giants,2026,1.0,2026.0,0.2475,0.2475,0.0,0.001,0.23375,0.001,0.0,0.23375
00-0039378,11761,Deantre Prince,CB,Bears,2026,1.0,2026.0,0.2475,0.2475,0.0,0.001,0.2475,0.001,0.0,0.2475
00-0040910,13399,Michael Dansby,CB,Seahawks,2026,1.0,2026.0,0.2475,0.2475,0.0,0.001,,,0.0,
00-0041320,13424,Kenneth Harris,CB,Colts,2026,1.0,2026.0,0.2475,0.2475,0.0,0.001,,,0.0,
00-0040372,13036,Bralyn Lux,CB,Bengals,2026,1.0,2026.0,0.2475,0.2475,0.0,0.001,0.2475,0.001,0.0,0.2475
00-0038388,10962,Darius Rush,CB,Steelers,2026,1.0,2026.0,0.2475,0.2475,0.0,0.001,0.22,0.001,0.0,0.22
00-0041454,13695,Aamaris Brown,CB,Lions,2026,1.0,2026.0,0.2475,0.2475,0.0,0.001,,,0.0,
,13849,Sean Fresch,CB,Broncos,2026,1.0,2026.0,0.2475,0.2475,0.0,0.001,,,0.0,
00-0041177,13666,Fred Davis II,CB,Commanders,2026,1.0,2026.0,0.2475,0.2475,0.0,0.001,,,0.0,
00-0041289,13563,Brent Austin,CB,Broncos,2026,1.0,2026.0,0.2475,0.2475,0.0,0.001,,,0.0,
00-0040559,12965,Jakob Robinson,CB,Titans,2026,1.0,2026.0,0.2475,0.2475,0.0,0.001,0.20625,0.001,0.0,0.20625
00-0040903,13380,Andre Fuller,CB,Seahawks,2026,1.0,2026.0,0.2475,0.2475,0.0,0.001,,,0.0,
00-0040296,12921,Corey Thornton,CB,Panthers,2026,1.0,2026.0,0.2475,0.2475,0.0,0.001,0.2475,0.001,0.0,0.2475
00-0040336,12805,Jabbar Muhammad,CB,Jaguars,2026,1.0,2026.0,0.2475,0.2475,0.0,0.001,0.282917,0.001,0.0,0.282917
00-0038684,11486,Ethan Bonner,CB,Dolphins,2026,1.0,2026.0,0.2475,0.2475,0.0,0.001,0.2475,0.001,0.0,0.2475
00-0039416,11834,Jaden Davis,CB,Texans,2026,1.0,2026.0,0.2475,0.2475,0.0,0.001,,,0.0,
00-0041114,13363,T.J. Hall,CB,Saints,2026,1.0,2026.0,0.2475,0.2475,0.0,0.001,,,0.0,
00-0040659,13087,Derrick Canteen,CB,Titans,2026,1.0,2026.0,0.2475,0.2475,0.0,0.001,,,0.0,
00-0041153,13744,DeVonta Smith,CB,Panthers,2026,1.0,2026.0,0.2475,0.2475,0.0,0.001,,,0.0,
00-0041411,13476,Michael Coats Jr.,CB,Browns,2026,1.0,2026.0,0.2475,0.2475,0.0,0.001,,,0.0,
00-0038877,11214,D'Shawn Jamison,CB,Cardinals,2026,1.0,2026.0,0.2475,0.2475,0.0,0.001,0.2475,0.001,0.0,0.2475
00-0041196,13444,Mory Bamba,CB,Jets,2026,1.0,2026.0,0.2475,0.2475,0.0,0.001,,,0.0,
00-0041275,13414,Kani Walker,CB,Bills,2026,1.0,2026.0,0.2475,0.2475,0.0,0.001,,,0.0,
00-0041413,13790,Nick Andersen,S,Rams,2026,1.0,2026.0,0.2475,0.2475,0.0,0.001,,,0.0,
00-0041130,13390,Miles Scott,S,Broncos,2026,1.0,2026.0,0.2475,0.2475,0.0,0.001,,,0.0,
00-0040425,12839,J.J. Roberts,S,Buccaneers,2026,1.0,2026.0,0.2475,0.2475,0.0,0.001,0.2475,0.001,0.0,0.2475
00-0041286,13478,Zion Washington,S,Browns,2026,1.0,2026.0,0.2475,0.2475,0.0,0.001,,,0.0,
00-0037844,10298,Russ Yeast,S,Bengals,2026,1.0,2026.0,0.2475,0.2475,0.0,0.001,0.2475,0.001,0.0,0.2475
00-0041362,13812,Jalen Stroman,S,49ers,2026,1.0,2026.0,0.2475,0.2475,0.0,0.001,,,0.0,
00-0040618,12739,Max Hurleman,S,Steelers,2026,1.0,2026.0,0.2475,0.2475,0.0,0.001,0.2475,0.001,0.0,0.2475
00-0038366,11162,Tanner Ingle,S,Rams,2026,1.0,2026.0,0.2475,0.2475,0.0,0.001,0.20625,0.001,0.0,0.20625
00-0040905,13388,Cole Wisniewski,S,Eagles,2026,1.0,2026.0,0.2475,0.2475,0.0,0.001,,,0.0,
00-0037468,10437,Raheem Layne,S,Giants,2026,1.0,2026.0,0.2475,0.2475,0.0,0.001,0.2475,0.001,0.0,0.2475
00-0040527,12655,Sebastian Castro,S,Steelers,2026,1.0,2026.0,0.2475,0.2475,0.0,0.001,0.2475,0.001,0.0,0.2475
00-0040339,12974,Cam'Ron Silmon-Craig,S,Jaguars,2026,1.0,2026.0,0.2475,0.2475,0.0,0.001,0.2475,0.001,0.0,0.2475
00-0040268,12650,Major Burns,S,Dolphins,2026,1.0,2026.0,0.2475,0.2475,0.0,0.001,,,0.0,
00-0040537,12680,Elliott Davison,S,Patriots,2026,1.0,2026.0,0.2475,0.2475,0.0,0.001,0.23375,0.001,0.0,0.23375
00-0040963,13589,DeShon Singleton,S,Chiefs,2026,1.0,2026.0,0.2475,0.2475,0.0,0.001,,,0.0,
00-0040251,12616,Trikweze Bridges,S,Bengals,2026,1.0,2026.0,0.2475,0.2475,0.0,0.001,0.2475,0.001,0.0,0.2475
00-0039241,11895,Beau Brade,S,Bengals,2026,1.0,2026.0,0.2475,0.2475,0.0,0.001,0.20625,0.001,0.0,0.20625
00-0040992,13463,Silas Walters,S,Buccaneers,2026,1.0,2026.0,0.2475,0.2475,0.0,0.001,,,0.0,
,13883,Maceo Beard,S,Vikings,2026,1.0,2026.0,0.2475,0.2475,0.0,0.001,,,0.0,
00-0041389,13495,Isaiah Nwokobia,S,Bengals,2026,1.0,2026.0,0.2475,0.2475,0.0,0.001,,,0.0,
00-0038392,10982,Daniel Scott,S,Colts,2026,1.0,2026.0,0.2475,0.2475,0.0,0.001,0.2475,0.001,0.0,0.2475
00-0040003,12357,Lenny Krieg,K,Packers,2026,1.0,2026.0,0.2475,0.2475,0.0,0.001,0.0,0.0,0.0,0.0
00-0041582,13620,Kansei Matsuzawa,K,Raiders,2026,1.0,2026.0,0.2475,0.2475,0.0,0.001,,,0.0,
00-0039229,11605,Charlie Smyth,K,Saints,2026,1.0,2026.0,0.2475,0.2475,0.0,0.001,0.0,0.0,0.0,0.0
,13852,Jack Bouwmeester,P,Rams,2026,1.0,2026.0,0.2475,0.2475,0.0,0.001,,,0.0,
00-0041284,13477,Wes Pahl,P,Browns,2026,1.0,2026.0,0.2475,0.2475,0.0,0.001,,,0.0,
00-0041167,13680,Beau Gardner,LS,Bears,2026,1.0,2026.0,0.2475,0.2475,0.0,0.001,,,0.0,
00-0034857,6892,Josh Allen,QB,Bills,2025,6.0,2030.0,330.0,55.0,147.0,0.19699999999999998,44.228,0.147,153.469,-109.24099999999999
00-0037834,10307,Brock Purdy,QB,49ers,2025,5.0,2029.0,265.0,53.0,100.0,0.19,23.70953,0.07,88.15412,-64.44459
00-0036932,9476,Micah Parsons,ED,Packers,2025,4.0,2028.0,186.0,46.5,120.0,0.16699999999999998,19.201706,0.061,75.137,-55.935294
00-0037236,10047,Aidan Hutchinson,ED,Lions,2025,4.0,2028.0,180.0,45.0,55.722,0.161,10.1464,0.031,42.765,-32.6186
00-0033886,5614,T.J. Watt,ED,Steelers,2025,3.0,2027.0,123.0,41.0,108.0,0.147,42.0,0.131,94.0,-52.0
00-0036900,9469,Ja'Marr Chase,WR,Bengals,2025,4.0,2028.0,161.0,40.25,73.9,0.14400000000000002,26.171176,0.08199999999999999,66.43,-40.258824000000004
00-0033868,5585,Myles Garrett,ED,LAR/CLE,2025,4.0,2028.0,160.0,40.0,88.8,0.14300000000000002,8.44,0.027000000000000003,30.37,-21.93
00-0034973,7897,Maxx Crosby,ED,BAL/LV,2025,3.0,2027.0,106.5,35.5,62.5,0.127,35.79125,0.114,64.10125,-28.309999999999995
00-0034869,6888,Sam Darnold,QB,Seahawks,2025,3.0,2027.0,100.5,33.5,37.5,0.12,37.9,0.121,43.1,-5.200000000000003
00-0035640,7855,D.K. Metcalf,WR,Steelers,2025,4.0,2028.0,131.999529,32.999882,60.000471,0.11800000000000001,13.225,0.040999999999999995,47.7,-34.475
00-0037740,10055,Garrett Wilson,WR,Jets,2025,4.0,2028.0,130.0,32.5,38.324819,0.11599999999999999,10.074819,0.031,38.824819,-28.75
00-0037190,10049,Ahmad Gardner,CB,NYJ/IND,2025,4.0,2028.0,120.4,30.1,40.5,0.10800000000000001,9.5,0.031,30.453473,-20.953473
00-0037237,10048,Derek Stingley Jr.,CB,Texans,2025,3.0,2027.0,90.0,30.0,48.026026,0.107,10.791,0.035,61.595,-50.804
00-0035659,7867,Terry McLaurin,WR,Commanders,2025,3.0,2027.0,87.0,29.0,44.65,0.10400000000000001,18.0,0.055,42.5,-24.5
00-0036410,8773,Tee Higgins,WR,Bengals,2025,4.0,2028.0,115.0,28.75,30.0,0.10300000000000001,26.514706,0.084,21.25,5.264706
00-0037009,9477,Rashawn Slater,LT,Chargers,2025,4.0,2028.0,114.0,28.5,56.0,0.102,23.8,0.078,67.2,-43.400000000000006
00-0037240,10057,Jameson Williams,WR,Lions,2025,3.0,2027.0,80.0,26.666667,30.579154,0.096,8.2706,0.026000000000000002,31.215,-22.9444
00-0037249,10109,Nik Bonitto,ED,Broncos,2025,4.0,2028.0,106.0,26.5,38.346,0.095,8.4212,0.027999999999999997,43.305,-34.8838
00-0036916,9537,Milton Williams,IDL,Patriots,2025,4.0,2028.0,104.0,26.0,51.0,0.09300000000000001,28.5,0.081,39.0,-10.5
00-0035248,7856,Zach Allen,IDL,Broncos,2025,4.0,2028.0,102.0,25.5,44.25,0.091,20.865,0.069,38.975,-18.110000000000003
00-0038038,10059,Kyle Hamilton,S,Ravens,2025,4.0,2028.0,100.4,25.1,48.022604,0.09,10.682604,0.034,40.142604,-29.46
00-0037757,10122,Bernhard Raimann,LT,Colts,2025,4.0,2028.0,100.0,25.0,45.0,0.09,9.2612,0.031,55.8288,-46.5676
00-0030561,2185,Lane Johnson,RT,Eagles,2025,1.0,2025.0,25.0,25.0,25.0,0.09,20.299,0.064,21.193,-0.8940000000000019
00-0036944,9472,Jaycee Horn,CB,Panthers,2025,4.0,2028.0,100.0,25.0,46.707,0.09,10.8994,0.035,56.59,-45.6906
00-0037243,10069,Tyler Smith,LG,Cowboys,2025,4.0,2028.0,96.0,24.0,41.661189,0.086,10.3023,0.031,49.3423,-39.04
00-0036660,9690,Trey Smith,RG,Chiefs,2025,4.0,2028.0,94.0,23.5,46.75,0.084,12.13861,0.04,56.485834,-44.347224
00-0034348,6925,Courtland Sutton,WR,Broncos,2025,4.0,2028.0,92.0,23.0,40.0,0.08199999999999999,23.575,0.078,39.425,-15.849999999999998
00-0035272,7942,Andrew Van Ginkel,ED,Vikings,2025,1.0,2025.0,23.0,23.0,22.44,0.08199999999999999,19.25,0.061,17.2,2.0500000000000007
00-0031279,2945,Jake Matthews,LT,Falcons,2025,2.0,2026.0,45.0,22.5,38.0,0.081,16.773714,0.055,51.273714,-34.5
00-0037835,10102,Luke Goedeke,LG,Buccaneers,2025,4.0,2028.0,90.0,22.5,27.406,0.081,7.47495,0.024,46.9348,-39.45985
00-0037275,10212,DaRon Bland,CB,Cowboys,2025,4.0,2028.0,90.0,22.5,36.346,0.081,8.419618,0.025,30.254904,-21.835286
00-0031381,2992,Davante Adams,WR,Rams,2025,2.0,2026.0,44.0,22.0,26.0,0.079,28.0,0.08900000000000001,14.0,14.0
00-0033921,5670,Chris Godwin,WR,Buccaneers,2025,3.0,2027.0,66.0,22.0,44.0,0.079,33.683,0.106,49.914,-16.231
00-0034759,6900,Kolton Miller,LT,Raiders,2025,3.0,2027.0,66.0,22.0,36.5,0.079,22.54,0.07200000000000001,27.5,-4.960000000000001
00-0033284,5650,Taylor Moton,RT,Panthers,2025,2.0,2026.0,44.0,22.0,36.8,0.079,21.103088,0.068,34.0075,-12.904412
00-0037817,10185,Zach Bako-Bewele,RT,Packers,2025,4.0,2028.0,88.0,22.0,30.2,0.079,11.831106,0.038,26.947952,-15.116846
00-0037192,10075,George Karlaftis,ED,Chiefs,2025,4.0,2028.0,88.0,22.0,32.0,0.079,7.402,0.025,37.928566,-30.526565999999995
00-0034285,7123,Zach Sieler,IDL,Dolphins,2025,3.0,2027.0,64.0,21.333333,34.0,0.076,11.0112,0.036000000000000004,36.262,-25.250799999999998
00-0037667,10142,Kerby Joseph,S,Lions,2025,4.0,2028.0,85.0,21.25,23.121,0.076,5.4722,0.017,19.8838,-14.4116
00-0034815,6955,Fred Warner,LB,49ers,2025,3.0,2027.0,63.0,21.0,18.15,0.075,17.865471,0.052000000000000005,31.055,-13.189529
00-0034844,6887,Saquon Barkley,RB,Eagles,2025,2.0,2026.0,41.2,20.6,36.0,0.07400000000000001,9.8811,0.031,26.775,-16.8939
00-0036869,9592,Dan Moore Jr.,LT,Titans,2025,4.0,2028.0,82.0,20.5,42.51,0.073,26.345,0.077,39.125,-12.780000000000001
00-0034960,8083,Jakobi Meyers,WR,Jaguars,2025,3.0,2027.0,60.0,20.0,30.0,0.07200000000000001,6.210588,0.02,18.405,-12.194412
00-0032965,4719,Ronnie Stanley,LT,Ravens,2025,3.0,2027.0,60.0,20.0,44.0,0.07200000000000001,9.859588,0.031,17.996,-8.136411999999998
00-0036942,9539,Osa Odighizuwa,IDL,SF/DAL,2025,4.0,2028.0,80.0,20.0,39.0,0.07200000000000001,5.122,0.015,16.75,-11.628
00-0036914,9494,Gregory Rousseau,ED,Bills,2025,4.0,2028.0,80.0,20.0,49.0,0.07200000000000001,11.79,0.039,43.123,-31.333
00-0036603,9957,Alaric Jackson,LT,Rams,2025,3.0,2027.0,57.75,19.25,30.0,0.069,25.375,0.081,28.425,-3.0500000000000007
00-0036551,9512,Aaron Banks,LG,Packers,2025,4.0,2028.0,77.0,19.25,27.0,0.069,12.003176,0.038,36.235,-24.231824
00-0033288,5732,George Kittle,TE,49ers,2025,4.0,2028.0,76.4,19.1,35.0,0.068,14.147529,0.042,43.201,-29.053471000000002
00-0034381,7015,Josh Sweat,ED,Cardinals,2025,4.0,2028.0,76.4,19.1,38.0,0.068,16.385,0.05,24.58,-8.194999999999997
00-0037744,10100,Trey McBride,TE,Cardinals,2025,4.0,2028.0,76.0,19.0,32.5,0.068,8.701,0.027000000000000003,19.286,-10.585
00-0036937,9540,Paulson Adebo,CB,Giants,2025,3.0,2027.0,54.0,18.0,34.75,0.064,24.19939,0.081,29.884074,-5.684683999999997
00-0035236,7824,Byron Murphy,CB,Vikings,2025,3.0,2027.0,54.0,18.0,34.78,0.064,8.322,0.026000000000000002,29.76,-21.438000000000002
00-0034778,6948,Carlton Davis,CB,Patriots,2025,3.0,2027.0,54.0,18.0,34.5,0.064,22.0,0.062,24.0,-2.0
00-0034573,7354,Charvarius Ward,CB,Colts,2025,3.0,2027.0,54.0,18.0,27.0,0.064,19.886666,0.066,26.313334,-6.426667999999999
00-0036483,9712,Will Fries,RG,Vikings,2025,5.0,2029.0,87.72,17.544,34.0,0.063,17.22,0.055,28.61,-11.39
00-0032391,4791,Joe Thuney,LG,Bears,2025,2.0,2026.0,35.0,17.5,33.5,0.063,14.5,0.047,26.0,-11.5
00-0037288,10230,Christian Benford,CB,Bills,2025,4.0,2028.0,69.0,17.25,18.85,0.062,7.396,0.025,23.036,-15.64
00-0036655,9678,Cole Van Lanen,LT,Jaguars,2025,3.0,2027.0,51.0,17.0,25.0,0.061,5.185294,0.017,21.3,-16.114706
00-0038112,10096,Cam Jurgens,C,PHI/BAL,2025,4.0,2028.0,68.0,17.0,23.346,0.061,5.5212,0.017,25.0618,-19.5406
00-0036321,8742,Chase Young,ED,Saints,2025,3.0,2027.0,51.0,17.0,27.17,0.061,9.61,0.03,35.246,-25.636000000000003
00-0036418,8814,Zack Baun,LB,Eagles,2025,3.0,2027.0,51.0,17.0,34.0,0.061,7.638,0.024,29.614,-21.976
00-0036962,9507,Trevon Moehrig,S,Panthers,2025,3.0,2027.0,51.0,17.0,34.5,0.061,21.27,0.068,27.3,-6.030000000000001
00-0036480,9518,Dayo Odeyingbo,ED,Bears,2025,3.0,2027.0,48.0,16.0,29.5,0.057,13.5,0.044000000000000004,24.215,-10.715
00-0037268,10202,Zyon McCollum,CB,Buccaneers,2025,3.0,2027.0,48.0,16.0,20.0,0.057,5.2553,0.017,24.7135,-19.458199999999998
00-0034384,7027,D.J. Reed,CB,Lions,2025,3.0,2027.0,48.0,16.0,32.0,0.057,17.867,0.055,27.188,-9.320999999999998
00-0037812,10117,Abraham Lucas,RT,Seahawks,2025,3.0,2027.0,46.0,15.333333,12.79,0.055,10.4185,0.033,15.0235,-4.605
00-0036998,9500,Jevon Holland,S,Giants,2025,3.0,2027.0,45.3,15.1,27.4,0.054000000000000006,12.665931,0.042,23.093334,-10.427402999999998
00-0035890,9070,Tershawn Wharton,IDL,Panthers,2025,3.0,2027.0,45.05,15.016667,30.25,0.054000000000000006,8.855333,0.027999999999999997,23.716667,-14.861334000000001
00-0032764,4758,Derrick Henry,RB,Ravens,2025,2.0,2026.0,30.0,15.0,25.0,0.054000000000000006,5.589,0.018000000000000002,10.696,-5.106999999999999
00-0033908,5655,Cooper Kupp,WR,Seahawks,2025,3.0,2027.0,45.0,15.0,17.5,0.054000000000000006,17.47,0.055999999999999994,17.0,0.46999999999999886
00-0036256,8893,Colton McKivitz,LT,49ers,2025,3.0,2027.0,45.0,15.0,18.71,0.054000000000000006,5.823555,0.017,10.111223,-4.287668000000001
00-0036557,9619,Jaylon Moore,LT,Chiefs,2025,2.0,2026.0,30.0,15.0,21.24,0.054000000000000006,18.685,0.062,10.745,7.9399999999999995
00-0036260,8754,Javon Kinlaw,IDL,Commanders,2025,3.0,2027.0,45.0,15.0,30.0,0.054000000000000006,16.2,0.049,25.4,-9.2
00-0036621,9522,Nick Bolton,LB,Chiefs,2025,3.0,2027.0,45.0,15.0,30.0,0.054000000000000006,19.25,0.064,23.5,-4.25
00-0036500,9610,Jamien Sherwood,LB,Jets,2025,3.0,2027.0,45.0,15.0,30.0,0.054000000000000006,11.5,0.036000000000000004,25.0,-13.5
00-0036629,9589,Cam Bynum,S,Colts,2025,4.0,2028.0,60.0,15.0,26.0,0.054000000000000006,15.01,0.05,23.5,-8.49
00-0036258,8815,Jonah Jackson,RG,Bears,2025,3.0,2027.0,44.5,14.833333,24.5,0.053,12.75,0.040999999999999995,21.75,-9.0
00-0031583,3985,Grady Jarrett,IDL,Bears,2025,3.0,2027.0,43.5,14.5,27.25,0.052000000000000005,18.925,0.061,22.25,-3.3249999999999993
00-0034828,6926,Harold Landry,ED,Patriots,2025,3.0,2027.0,43.5,14.5,26.0,0.052000000000000005,16.35,0.046,19.0,-2.6499999999999986
00-0037756,10121,Travis Jones,IDL,Ravens,2025,3.0,2027.0,40.5,13.5,16.756889,0.048,5.563111,0.018000000000000002,16.974334,-11.411223
00-0035632,7907,Amani Hooker,S,Titans,2025,3.0,2027.0,40.5,13.5,24.86,0.048,11.9575,0.035,17.7425,-5.785
00-0038111,10084,Kyler Gordon,CB,Bears,2025,3.0,2027.0,40.0,13.333333,21.256,0.048,12.91,0.042,27.5,-14.59
00-0037261,10193,Khalil Shakir,WR,Bills,2025,4.0,2028.0,53.0,13.25,18.1,0.047,6.792,0.023,16.696,-9.904000000000002
00-0034753,6971,Mark Andrews,TE,Ravens,2025,3.0,2027.0,39.267,13.089,20.944444,0.047,6.979624,0.022000000000000002,13.871875,-6.892250999999999
00-0033297,5784,D.J. Jones,IDL,Broncos,2025,3.0,2027.0,39.0,13.0,26.0,0.047,14.57,0.048,19.4,-4.829999999999998
00-0037246,10082,Jalen Pitre,CB,Texans,2025,3.0,2027.0,39.0,13.0,20.656,0.047,5.683765,0.018000000000000002,16.5,-10.816234999999999
00-0036564,9644,Talanoa Hufanga,S,Broncos,2025,3.0,2027.0,39.0,13.0,20.0,0.047,13.5,0.044000000000000004,17.0,-3.5
00-0037841,10256,Quentin Lake,S,Rams,2025,3.0,2027.0,38.25,12.75,8.5,0.046,8.263176,0.026000000000000002,25.25,-16.986824
00-0038041,10174,Jake Ferguson,TE,Cowboys,2025,4.0,2028.0,50.0,12.5,20.656,0.045,5.6,0.017,16.85,-11.250000000000002
00-0035112,8098,Patrick Mekari,RG,Jaguars,2025,3.0,2027.0,37.5,12.5,20.0,0.045,7.385098,0.024,11.646667,-4.261569000000001
00-0036550,9491,Rashod Bateman,WR,Ravens,2025,3.0,2027.0,36.75,12.25,16.5,0.044000000000000004,6.180687,0.02,10.248334,-4.067647
00-0040676,12361,Cam Ward,QB,Titans,2025,4.0,2028.0,48.839604,12.209901,48.839604,0.044000000000000004,11.09991,0.032,39.959676,-28.859766
00-0037278,10216,Luke Wattenberg,C,Broncos,2025,4.0,2028.0,48.0,12.0,13.366667,0.043,3.572,0.012,14.815,-11.242999999999999
00-0036987,9568,Brandon Stephens,CB,Jets,2025,3.0,2027.0,36.0,12.0,22.98,0.043,13.97,0.043,19.49,-5.519999999999998
00-0037253,10130,Marcus Jones,CB,Patriots,2025,3.0,2027.0,36.0,12.0,17.5,0.043,6.7025,0.019,14.9425,-8.240000000000002
00-0036348,8945,Josh Metellus,S,Vikings,2025,3.0,2027.0,36.0,12.0,14.605,0.043,5.955,0.019,11.435,-5.48
00-0040718,12362,Travis Hunter,WR,Jaguars,2025,4.0,2028.0,46.649112,11.662278,46.649112,0.042,10.602071,0.034,38.167455,-27.565383999999995
00-0037248,10108,James Cook,RB,Bills,2025,4.0,2028.0,46.0,11.5,15.28,0.040999999999999995,5.88,0.02,9.21,-3.330000000000001
00-0033881,5607,Evan Engram,TE,Broncos,2025,2.0,2026.0,23.0,11.5,16.5,0.040999999999999995,14.136666,0.047,10.333334,3.8033319999999993
00-0040677,12363,Abdul Carter,ED,Giants,2025,4.0,2028.0,45.25518,11.313795,45.25518,0.040999999999999995,10.285268,0.034,37.026966,-26.741698
00-0036945,9475,Justin Fields,QB,Chiefs,2025,1.0,2025.0,11.0,11.0,11.0,0.039,3.0,0.01,3.0,0.0
00-0037840,10209,Kyren Williams,RB,Rams,2025,3.0,2027.0,33.0,11.0,15.145,0.039,12.9325,0.040999999999999995,17.81,-4.8774999999999995
00-0034800,6954,B.J. Hill,IDL,Bengals,2025,3.0,2027.0,33.0,11.0,11.0,0.039,12.116666,0.038,7.333334,4.783332000000001
00-0037251,10123,Alex Wright,ED,Browns,2025,3.0,2027.0,33.0,11.0,12.30511,0.039,3.970995,0.012,15.431867,-11.460872
00-0034720,7595,Robert Spillane,LB,Patriots,2025,3.0,2027.0,33.0,11.0,20.6,0.039,12.32,0.035,14.3,-1.9800000000000004
00-0040699,12364,Will Campbell,LT,Patriots,2025,4.0,2028.0,43.662098,10.915525,43.662098,0.039,9.923204,0.027999999999999997,35.723535,-25.800331
00-0031411,2973,Demarcus Lawrence,ED,Seahawks,2025,3.0,2027.0,32.5,10.833333,13.0,0.039,11.783333,0.037000000000000005,9.266667,2.5166660000000007
00-0037254,10134,Terrel Bernard,LB,Bills,2025,4.0,2028.0,42.0,10.5,14.1,0.038,5.352,0.018000000000000002,13.262,-7.91
00-0034361,6953,Justin Reid,S,Saints,2025,3.0,2027.0,31.5,10.5,22.25,0.038,5.19,0.016,18.45,-13.259999999999998
00-0036040,9380,Juwan Johnson,TE,Saints,2025,3.0,2027.0,30.75,10.25,21.25,0.037000000000000005,7.613,0.024,22.505,-14.892
00-0040685,12365,Mason Graham,IDL,Browns,2025,4.0,2028.0,40.874192,10.218548,40.874192,0.037000000000000005,9.289589,0.027000000000000003,33.442521,-24.152932
00-0036988,9541,Josh Palmer,WR,Bills,2025,3.0,2027.0,30.0,10.0,15.0,0.036000000000000004,11.75,0.039,14.24,-2.49
00-0033131,4780,Maliek Collins,IDL,Browns,2025,2.0,2026.0,20.0,10.0,13.0,0.036000000000000004,5.307824,0.016,8.716,-3.408175999999999
00-0035386,8427,T.J. Edwards,LB,Bears,2025,2.0,2026.0,20.0,10.0,16.65,0.036000000000000004,7.458333,0.024,12.716667,-5.258334
00-0033928,5678,Jourdan Lewis,CB,Jaguars,2025,3.0,2027.0,30.0,10.0,20.0,0.036000000000000004,6.599804,0.021,15.666667,-9.066863000000001
00-0036416,8801,Kristian Fulton,CB,Chiefs,2025,2.0,2026.0,20.0,10.0,15.0,0.036000000000000004,13.0,0.043,8.0,5.0
00-0034350,6933,Uchenna Nwosu,ED,Seahawks,2025,2.0,2026.0,19.51,9.755,6.98,0.035,20.018334,0.064,8.508334,11.51
00-0036994,9567,Ernest Jones,LB,Seahawks,2025,3.0,2027.0,28.5,9.5,10.0,0.034,11.483333,0.037000000000000005,9.666667,1.8166659999999997
00-0034234,7581,Poona Ford,IDL,Rams,2025,3.0,2027.0,27.6,9.2,15.6,0.033,11.433333,0.036000000000000004,12.766667,-1.3333340000000007
00-0040122,12366,Ashton Jeanty,RB,Raiders,2025,4.0,2028.0,35.895812,8.973953,35.895812,0.032,8.158139,0.026000000000000002,29.369301,-21.211162
00-0035763,9379,Malcolm Roach,IDL,Broncos,2025,3.0,2027.0,26.3,8.766667,9.746667,0.031,3.101333,0.01,11.746667,-8.645334
00-0034829,6927,Mike Gesicki,TE,Bengals,2025,3.0,2027.0,25.5,8.5,6.5,0.03,7.584313,0.024,4.333334,3.250979
00-0036293,8804,Jeremy Chinn,S,Raiders,2025,2.0,2026.0,16.258,8.129,12.25,0.028999999999999998,9.555,0.03,6.25,3.3049999999999997
00-0031330,3005,Morgan Moses,RT,Patriots,2025,3.0,2027.0,24.0,8.0,11.0,0.028999999999999998,10.4,0.03,7.3,3.1000000000000005
00-0036964,9577,Derrick Barnes,LB,Lions,2025,3.0,2027.0,24.0,8.0,16.0,0.028999999999999998,9.764,0.03,13.056,-3.292
00-0040123,12367,Armand Membou,RT,Jets,2025,4.0,2028.0,31.913104,7.978276,31.913104,0.028999999999999998,7.252978,0.022000000000000002,26.110722,-18.857744
00-0035249,7860,Josh Oliver,TE,Vikings,2025,3.0,2027.0,23.25,7.75,15.645,0.027999999999999997,9.934,0.032,15.703,-5.769
00-0036995,9569,Baron Browning,ED,Cardinals,2025,2.0,2026.0,15.0,7.5,10.0,0.027000000000000003,9.415,0.028999999999999998,4.75,4.664999999999999
00-0037007,9554,Patrick Jones II,ED,Panthers,2025,2.0,2026.0,15.0,7.5,10.25,0.027000000000000003,10.115,0.032,5.365,4.75
00-0037587,10377,Nate Landman,LB,Rams,2025,3.0,2027.0,22.5,7.5,10.277777,0.027000000000000003,7.225,0.023,11.825,-4.6
00-0036132,8883,Ben Bredeson,LG,Buccaneers,2025,3.0,2027.0,22.0,7.333333,12.5,0.026000000000000002,8.766,0.027999999999999997,10.064,-1.298
00-0032387,4762,Jarran Reed,IDL,Seahawks,2025,3.0,2027.0,22.0,7.333333,8.0,0.026000000000000002,7.38,0.023,5.0,2.38
00-0036642,9637,Tedarrell Slaton,IDL,Bengals,2025,2.0,2026.0,14.1,7.05,5.0,0.025,9.16,0.028999999999999998,2.5,6.66
00-0036898,9531,Davis Mills,QB,Texans,2025,1.0,2025.0,7.0,7.0,10.25,0.025,8.125,0.026000000000000002,7.675,0.4500000000000002
00-0036628,9588,John Bates,TE,Commanders,2025,3.0,2027.0,21.0,7.0,11.52,0.025,5.793333,0.018000000000000002,7.676667,-1.8833340000000005
00-0036985,9559,Robert Hainsey,C,Jaguars,2025,3.0,2027.0,21.0,7.0,10.0,0.025,4.525921,0.015,9.916667,-5.390746
00-0036903,9581,Bobby Brown III,IDL,Panthers,2025,3.0,2027.0,21.0,7.0,6.8,0.025,8.033333,0.026000000000000002,6.441667,1.591666000000001
00-0035933,9215,Michael Hoecht,ED,Bills,2025,3.0,2027.0,21.0,7.0,12.43,0.025,3.400717,0.011000000000000001,9.552,-6.151282999999999
00-0036990,9544,Divine Deablo,LB,Falcons,2025,2.0,2026.0,14.0,7.0,6.66,0.025,8.92,0.028999999999999998,4.0,4.92
00-0035672,7879,Cody Barton,LB,Titans,2025,3.0,2027.0,21.0,7.0,13.3,0.025,8.23,0.024,9.61,-1.379999999999999
00-0040124,12368,Tetairoa McMillan,WR,Panthers,2025,4.0,2028.0,27.93039,6.982598,27.93039,0.025,6.347816,0.02,22.852137,-16.504320999999997
00-0040125,12369,Kelvin Banks Jr.,LT,Saints,2025,4.0,2028.0,27.731246,6.932812,27.731246,0.025,6.302556,0.02,22.689201,-16.386645
00-0036813,9907,Christian Elliss,LB,Patriots,2025,2.0,2026.0,13.508,6.754,7.75,0.024,8.555,0.024,3.5,5.055
00-0040126,12370,Colston Loveland,TE,Bears,2025,4.0,2028.0,26.636008,6.659002,26.636008,0.024,6.053638,0.02,21.793098,-15.739460000000001
00-0034356,6940,Donte Jackson,CB,Chargers,2025,2.0,2026.0,13.0,6.5,7.0,0.023,8.5,0.027999999999999997,2.5,6.0
00-0033038,4819,Eric Murray,S,Jaguars,2025,3.0,2027.0,19.5,6.5,10.0,0.023,4.233137,0.013999999999999999,8.833334,-4.6001970000000005
00-0036992,9564,Elijah Molden,S,Chargers,2025,3.0,2027.0,18.75,6.25,11.625,0.022000000000000002,7.916666,0.026000000000000002,9.833334,-1.9166680000000005
00-0034277,7075,DeShon Elliott,S,Steelers,2025,2.0,2026.0,12.5,6.25,7.17,0.022000000000000002,6.08,0.019,4.0,2.08
00-0040660,12371,Mykel Williams,ED,49ers,2025,4.0,2028.0,24.943354,6.235839,24.943354,0.022000000000000002,5.424238,0.016,19.674081,-14.249843000000002
00-0035264,7924,Jarrett Stidham,QB,Broncos,2025,2.0,2026.0,12.0,6.0,6.99,0.021,8.0,0.026000000000000002,3.5,4.5
00-0034114,7632,Coleman Shelton,RG,Rams,2025,2.0,2026.0,12.0,6.0,9.0,0.021,9.5,0.03,5.5,4.0
00-0036982,9548,Chauncey Golston,ED,Giants,2025,3.0,2027.0,18.0,6.0,12.0,0.021,6.917647,0.023,8.25,-1.3323530000000003
00-0034843,6915,Mike Hughes,CB,Falcons,2025,3.0,2027.0,18.0,6.0,9.64,0.021,5.466666,0.018000000000000002,6.653334,-1.186668
00-0037228,10552,Jaylen Warren,RB,Steelers,2025,2.0,2026.0,11.904,5.952,11.765,0.021,7.033333,0.022000000000000002,3.966667,3.0666659999999997
00-0040007,12372,Tyler Booker,LG,Cowboys,2025,4.0,2028.0,22.553718,5.63843,22.553718,0.02,5.077894,0.015,18.309189,-13.231295
00-0036222,8951,Isaiah Rodgers,CB,Vikings,2025,2.0,2026.0,11.045,5.5225,7.995,0.02,7.9125,0.025,5.9125,2.0
00-0036622,9526,Josh Myers,C,Jets,2025,2.0,2026.0,11.0,5.5,5.2,0.02,4.3,0.013000000000000001,4.34,-0.040000000000000036
00-0033381,6120,Adam Butler,IDL,Raiders,2025,3.0,2027.0,16.5,5.5,8.0,0.02,6.573333,0.021,7.416667,-0.8433340000000005
00-0033860,5764,Davon Godchaux,IDL,Saints,2025,2.0,2026.0,11.0,5.5,7.45,0.02,3.019,0.01,7.706,-4.687
00-0040127,12373,Kenneth Grant,IDL,Dolphins,2025,4.0,2028.0,21.956312,5.489078,21.956312,0.02,4.990071,0.016,17.964255,-12.974184000000001
00-0032569,5244,Wil Lutz,K,Broncos,2025,3.0,2027.0,16.1,5.366667,7.711666,0.019,2.498666,0.008,6.253333,-3.7546669999999995
00-0037525,10413,Jordan Mason,RB,Vikings,2025,2.0,2026.0,10.5,5.25,7.23,0.019,5.79,0.018000000000000002,5.2,0.5899999999999999
00-0037005,9547,Tommy Tremble,TE,Panthers,2025,2.0,2026.0,10.5,5.25,6.0,0.019,8.0,0.026000000000000002,4.0,4.0
00-0035277,7949,Michael Jackson Sr.,CB,Panthers,2025,2.0,2026.0,10.5,5.25,5.7,0.019,7.8,0.025,4.0,3.8
00-0040128,12374,Tyler Warren,TE,Colts,2025,4.0,2028.0,20.96065,5.240163,20.96065,0.019,4.763784,0.016,17.149623,-12.385838999999997
00-0040577,12375,Jalon Walker,ED,Falcons,2025,4.0,2028.0,20.56237,5.140593,20.56237,0.018000000000000002,4.673266,0.015,16.823757,-12.150491
00-0038416,11238,Tyson Bagent,QB,Bears,2025,2.0,2026.0,10.0,5.0,2.53,0.018000000000000002,4.75,0.015,5.0,-0.25
00-0037805,10146,Jeremy Ruckert,TE,Jets,2025,2.0,2026.0,10.0,5.0,4.972157,0.018000000000000002,3.5,0.011000000000000001,3.74,-0.2400000000000002
00-0032445,4934,Ted Karras,C,Bengals,2025,1.0,2025.0,5.0,5.0,1.0,0.018000000000000002,4.5,0.013999999999999999,0.5,4.0
00-0035254,7898,Anthony Nelson,ED,Buccaneers,2025,2.0,2026.0,10.0,5.0,5.5,0.018000000000000002,5.366,0.017,3.464,1.9019999999999997
00-0040706,12376,Walter Nolen,IDL,Cardinals,2025,4.0,2028.0,19.36755,4.841888,19.36755,0.017,4.401716,0.013000000000000001,15.846177,-11.444461
00-0036833,9926,Ryan Neuzil,C,Falcons,2025,2.0,2026.0,9.5,4.75,6.25,0.017,6.225,0.02,3.4,2.8249999999999997
00-0040756,12377,Shemar Stewart,ED,Bengals,2025,4.0,2028.0,18.969276,4.742319,18.969276,0.017,4.311199,0.013999999999999999,15.520317,-11.209118
00-0040639,12378,Grey Zabel,LT,Seahawks,2025,4.0,2028.0,18.47146,4.617865,18.47146,0.017,4.198059,0.013000000000000001,15.113013,-10.914954000000002
00-0040129,12379,Emeka Egbuka,WR,Buccaneers,2025,4.0,2028.0,18.17273,4.543183,18.17273,0.016,4.130166,0.013000000000000001,14.868597,-10.738430999999999
00-0040720,12380,Jahdae Barron,CB,Broncos,2025,4.0,2028.0,18.073176,4.518294,18.073176,0.016,4.10754,0.013999999999999999,14.787144,-10.679604
00-0037801,10803,Kavontae Turpin,WR,Cowboys,2025,3.0,2027.0,13.5,4.5,5.0,0.016,4.641176,0.013999999999999999,2.4,2.241176
00-0032667,5389,Roy Robertson-Harris,IDL,Giants,2025,2.0,2026.0,9.0,4.5,5.3,0.016,5.75,0.019,2.4,3.35
00-0040678,12381,Derrick Harmon,IDL,Steelers,2025,4.0,2028.0,17.973604,4.493401,17.973604,0.016,4.08491,0.013000000000000001,14.705676,-10.620766
00-0040666,12382,Omarion Hampton,RB,Chargers,2025,4.0,2028.0,17.774464,4.443616,17.774464,0.016,4.039651,0.013000000000000001,14.542743,-10.503091999999999
00-0040667,12383,Matthew Golden,WR,Packers,2025,4.0,2028.0,17.575338,4.393835,17.575338,0.016,3.994395,0.013000000000000001,14.379822,-10.385427
00-0040661,12384,Donovan Jackson,LT,Vikings,2025,4.0,2028.0,17.177054,4.294264,17.177054,0.015,3.903876,0.012,14.053953,-10.150077
00-0034760,6957,Nathan Shepherd,IDL,Saints,2025,2.0,2026.0,8.52,4.26,4.551,0.015,4.348,0.013999999999999999,10.1908,-5.8427999999999995
00-0040691,12385,Jaxson Dart,QB,Giants,2025,4.0,2028.0,16.977942,4.244486,16.977942,0.015,3.858623,0.013000000000000001,13.891044,-10.032421000000001
00-0033555,5704,Mack Hollins,WR,Patriots,2025,2.0,2026.0,8.4,4.2,3.5,0.015,4.95,0.013999999999999999,1.15,3.8000000000000003
00-0040578,12386,James Pearce Jr.,ED,Falcons,2025,4.0,2028.0,16.778874,4.194719,16.778874,0.015,3.366693,0.011000000000000001,6.632064,-3.2653709999999996
00-0040688,12387,Malaki Starks,S,Ravens,2025,4.0,2028.0,16.579658,4.144915,16.579658,0.015,3.768104,0.012,13.565175,-9.797070999999999
00-0040672,12388,Tyleik Williams,IDL,Lions,2025,4.0,2028.0,16.48009,4.120023,16.48009,0.015,3.745475,0.012,13.48371,-9.738235
00-0034160,7034,Michael Dickson,P,Seahawks,2025,4.0,2028.0,16.2,4.05,7.5,0.015,3.8,0.012,6.7,-2.9000000000000004
00-0032146,3870,Bud Dupree,ED,Chargers,2025,1.0,2025.0,4.005,4.005,2.495,0.013999999999999999,3.74,0.012,1.25,2.49
00-0032775,4839,Demarcus Robinson,WR,49ers,2025,2.0,2026.0,8.0,4.0,6.0,0.013999999999999999,2.701867,0.008,3.755468,-1.053601
00-0034639,7426,Mike Ford,CB,Falcons,2025,1.0,2025.0,4.0,4.0,1.14,0.013999999999999999,2.155,0.006999999999999999,0.25,1.9049999999999998
00-0034437,7132,Logan Cooke,P,Jaguars,2025,4.0,2028.0,16.0,4.0,9.0,0.013999999999999999,2.69,0.009000000000000001,7.3,-4.609999999999999
00-0035190,8572,A.J. Cole,P,Raiders,2025,4.0,2028.0,15.8,3.95,10.0,0.013999999999999999,5.0,0.016,5.5,-0.5
00-0040686,12389,Josh Conerly Jr.,LT,Commanders,2025,4.0,2028.0,15.681094,3.920274,15.681094,0.013999999999999999,3.563885,0.011000000000000001,12.829986,-9.266100999999999
00-0040709,12390,Maxwell Hairston,CB,Bills,2025,4.0,2028.0,15.257982,3.814496,15.257982,0.013999999999999999,3.467723,0.012,12.483804,-9.016081
00-0034771,6961,Mason Rudolph,QB,Steelers,2025,2.0,2026.0,7.5,3.75,3.0,0.013000000000000001,4.6225,0.013999999999999999,1.6225,2.9999999999999996
00-0029892,2298,Kyle Juszczyk,FB,49ers,2025,2.0,2026.0,7.5,3.75,7.0,0.013000000000000001,2.896,0.009000000000000001,4.734,-1.838
00-0040708,12391,Jihaad Campbell,LB,Eagles,2025,4.0,2028.0,14.903574,3.725894,14.903574,0.013000000000000001,3.387176,0.011000000000000001,12.193833,-8.806657
00-0037512,10646,Isaiah Pola-Mao,S,Raiders,2025,2.0,2026.0,7.45,3.725,3.5,0.013000000000000001,4.86,0.015,0.75,4.11
00-0040116,12392,Josh Simmons,LT,Chiefs,2025,4.0,2028.0,14.675356,3.668839,14.675356,0.013000000000000001,3.335308,0.011000000000000001,12.00711,-8.671802000000001
00-0036972,9479,Mac Jones,QB,49ers,2025,2.0,2026.0,7.0,3.5,4.75,0.013000000000000001,3.13,0.009000000000000001,3.342,-0.2120000000000002
00-0038738,11379,Hunter Luepke,RB,Cowboys,2025,2.0,2026.0,7.0,3.5,5.03,0.013000000000000001,3.0,0.009000000000000001,3.5,-0.5
00-0035021,8178,Ashton Dulin,WR,Colts,2025,2.0,2026.0,6.5,3.25,2.94,0.012,3.57,0.012,0.67,2.9
00-0034278,7081,Tremon Smith,CB,Texans,2025,2.0,2026.0,6.5,3.25,4.5,0.012,3.5,0.011000000000000001,1.75,1.75
00-0029692,917,Bryan Anger,P,Cowboys,2025,2.0,2026.0,6.4,3.2,3.3,0.011000000000000001,4.1,0.012,1.0,3.0999999999999996
00-0037301,10249,Theo Jackson,S,Vikings,2025,3.0,2027.0,9.315,3.105,5.38,0.011000000000000001,2.67,0.008,3.28,-0.6099999999999999
00-0037547,10632,Daniel Whelan,P,Packers,2025,2.0,2026.0,6.2,3.1,2.1,0.011000000000000001,2.35,0.006999999999999999,1.4,0.9500000000000002
00-0033870,5587,Solomon Thomas,IDL,TEN/DAL,2025,2.0,2026.0,6.0,3.0,3.0,0.011000000000000001,2.470588,0.006999999999999999,0.0,2.470588
00-0036504,9664,Brandin Echols,CB,Steelers,2025,2.0,2026.0,6.0,3.0,1.83,0.011000000000000001,3.915,0.012,0.915,3.0
00-0037561,10737,Markquese Bell,S,Cowboys,2025,3.0,2027.0,9.0,3.0,6.2,0.011000000000000001,2.833333,0.009000000000000001,3.166667,-0.3333339999999998
00-0032943,4941,Riley Dixon,P,Buccaneers,2025,2.0,2026.0,6.0,3.0,3.0,0.011000000000000001,3.0,0.009000000000000001,0.0,3.0
00-0040579,12393,Carson Schwesinger,LB,Browns,2025,4.0,2028.0,11.8004,2.9501,11.8004,0.011000000000000001,2.681909,0.008,9.654873,-6.972964
00-0040130,12394,Jayden Higgins,WR,Texans,2025,4.0,2028.0,11.700824,2.925206,11.700824,0.01,2.659278,0.009000000000000001,9.573402,-6.914123999999999
00-0040733,12395,Nick Emmanwori,S,Seahawks,2025,4.0,2028.0,11.60126,2.900315,11.60126,0.01,2.63665,0.008,3.80796,-1.17131
00-0036354,8993,Kyle Hinton,RG,Falcons,2025,2.0,2026.0,5.75,2.875,2.575,0.01,3.25,0.011000000000000001,0.5,2.75
00-0040784,12396,Quinshon Judkins,RB,Browns,2025,4.0,2028.0,11.402116,2.850529,11.402116,0.01,2.59139,0.008,9.329004,-6.737613999999999
00-0040742,12397,Jonah Savaiinaea,LT,Dolphins,2025,4.0,2028.0,11.322472,2.830618,11.322472,0.01,2.573289,0.008,9.263841,-6.690551999999999
00-0040734,12398,TreVeyon Henderson,RB,Patriots,2025,4.0,2028.0,11.14326,2.785815,11.14326,0.01,2.532559,0.006999999999999999,9.117213,-6.584654
00-0036338,8872,Troy Dye,LB,Chargers,2025,2.0,2026.0,5.5,2.75,3.0,0.01,3.4,0.011000000000000001,1.25,2.15
00-0040735,12399,Luther Burden,WR,Bears,2025,4.0,2028.0,10.964034,2.741009,10.964034,0.01,2.491826,0.008,8.970573,-6.478747
00-0040743,12400,Tyler Shough,QB,Saints,2025,4.0,2028.0,10.804728,2.701182,10.804728,0.01,2.45562,0.008,8.840232,-6.384612000000001
00-0036883,9596,Tommy Togiai,IDL,Texans,2025,1.0,2025.0,2.68,2.68,2.295,0.01,2.506765,0.008,0.811177,1.695588
00-0037457,10428,Jake Hansen,LB,Texans,2025,1.0,2025.0,2.675,2.675,1.65,0.01,2.273529,0.006999999999999999,0.875,1.398529
00-0040724,12401,T.J. Sanders,IDL,Bills,2025,4.0,2028.0,10.645408,2.661352,10.072496,0.01,2.419411,0.008,8.136967,-5.717556
00-0040736,12402,Mason Taylor,TE,Jets,2025,4.0,2028.0,10.466192,2.616548,9.559309,0.009000000000000001,2.37868,0.006999999999999999,7.656383,-5.277703
00-0040721,12403,Alfred Collins,IDL,49ers,2025,4.0,2028.0,10.306904,2.576726,9.071886,0.009000000000000001,2.342478,0.006999999999999999,7.197904,-4.8554260000000005
00-0040725,12404,Donovan Ezeiruaku,ED,Cowboys,2025,4.0,2028.0,10.15509,2.538773,8.775723,0.009000000000000001,2.307975,0.006999999999999999,6.929343,-4.621368
00-0035704,7833,Drew Lock,QB,Seahawks,2025,2.0,2026.0,5.0,2.5,2.25,0.009000000000000001,2.75,0.009000000000000001,0.5,2.25
00-0035537,7977,Ty Johnson,RB,Bills,2025,2.0,2026.0,5.0,2.5,2.49,0.009000000000000001,3.275,0.011000000000000001,0.82,2.455
00-0037004,9545,Hunter Long,TE,ARI/JAX,2025,2.0,2026.0,5.0,2.5,3.0,0.009000000000000001,2.132353,0.006999999999999999,1.0,1.1323530000000002
00-0033576,5760,Eric Saubert,TE,Seahawks,2025,1.0,2025.0,2.5,2.5,0.788888,0.009000000000000001,2.13,0.006999999999999999,0.75,1.38
00-0034754,6973,Oren Burks,LB,Bengals,2025,2.0,2026.0,5.0,2.5,0.75,0.009000000000000001,2.675,0.008,0.375,2.3
00-0037129,10382,Josh Blackwell,CB,Bears,2025,2.0,2026.0,5.0,2.5,2.45,0.009000000000000001,2.605,0.008,0.375,2.23
00-0040744,12405,J.T. Tuimoloau,ED,Colts,2025,4.0,2028.0,9.942464,2.485616,8.405411,0.009000000000000001,2.259651,0.006999999999999999,6.59769,-4.338039
00-0040737,12406,Terrance Ferguson,TE,Rams,2025,4.0,2028.0,9.713466,2.428367,8.046753,0.009000000000000001,2.207606,0.006999999999999999,6.280668,-4.073062
00-0040751,12407,Will Johnson,CB,Cardinals,2025,4.0,2028.0,9.410768,2.352692,8.046753,0.008,2.138811,0.006999999999999999,5.949069,-3.8102579999999997
00-0040745,12408,Aireontae Ersery,LT,Texans,2025,4.0,2028.0,9.211646,2.302912,7.369317,0.008,2.093556,0.006999999999999999,5.694472,-3.6009160000000002
00-0040738,12409,Demetrius Knight,LB,Bengals,2025,4.0,2028.0,9.012498,2.253125,7.114211,0.008,2.048295,0.006,5.475575,-3.42728
00-0036862,9713,Bennett Skowronek,WR,Steelers,2025,2.0,2026.0,4.5,2.25,1.08,0.008,2.79,0.009000000000000001,0.54,2.25
00-0040739,12410,Elijah Arroyo,TE,Seahawks,2025,4.0,2028.0,8.813372,2.203343,6.872548,0.008,2.003039,0.006,4.894833,-2.8917940000000004
00-0038586,10968,Atonio Mafi,LG,Titans,2025,1.0,2025.0,2.175,2.175,0.0,0.008,1.145,0.003,0.0,1.145
00-0040746,12411,Nic Scourton,ED,Panthers,2025,4.0,2028.0,8.614236,2.153559,6.660008,0.008,1.957781,0.006,5.093783,-3.1360020000000004
00-0038100,10158,Percy Butler,S,Commanders,2025,1.0,2025.0,2.15,2.15,3.406,0.008,2.8,0.009000000000000001,0.675,2.125
00-0040752,12412,Oluwafemi Oladejo,ED,Titans,2025,4.0,2028.0,8.415106,2.103777,6.427591,0.008,1.912524,0.006,4.897572,-2.9850480000000004
00-0040747,12413,Benjamin Morrison,CB,Buccaneers,2025,4.0,2028.0,8.215962,2.053991,6.192127,0.006999999999999999,1.867264,0.006,4.698316,-2.831052
00-0040726,12414,Anthony Belton,LT,Packers,2025,4.0,2028.0,8.016826,2.004207,5.848303,0.006999999999999999,1.822006,0.006,4.390698,-2.5686920000000004
00-0030070,2226,John Jenkins,IDL,Ravens,2025,1.0,2025.0,2.0,2.0,0.345,0.006999999999999999,1.8275,0.006,0.1725,1.6549999999999998
00-0034391,7039,Siran Neal,CB,49ers,2025,2.0,2026.0,4.0,2.0,2.255,0.006999999999999999,1.75,0.005,0.8,0.95
00-0040727,12415,Tre Harris,WR,Chargers,2025,4.0,2028.0,7.817692,1.954423,5.578241,0.006999999999999999,1.776748,0.006,4.156843,-2.3800950000000003
,12416,Ozzy Trapilo,RT,Bears,2025,4.0,2028.0,7.718142,1.929536,5.394005,0.006999999999999999,1.754123,0.006,3.990707,-2.2365839999999997
00-0040728,12417,Tate Ratledge,RG,Lions,2025,4.0,2028.0,7.65838,1.914595,5.251742,0.006999999999999999,1.740541,0.005,3.859309,-2.118768
00-0040729,12418,Jack Bech,WR,Raiders,2025,4.0,2028.0,7.558822,1.889706,5.077207,0.006999999999999999,1.717914,0.005,3.702876,-1.984962
00-0037141,10670,Joey Blount,S,Cardinals,2025,2.0,2026.0,3.75,1.875,0.4,0.006999999999999999,1.78,0.005,0.2,1.58
00-0040722,12419,Mike Green,ED,Ravens,2025,4.0,2028.0,7.419408,1.854852,4.871004,0.006999999999999999,1.686229,0.005,3.522021,-1.835792
00-0040556,12769,Corey Kiner,RB,Patriots,2025,1.0,2025.0,1.845,1.845,0.0,0.006999999999999999,1.005,0.003,0.0,1.005
00-0040730,12420,R.J. Harvey,RB,Broncos,2025,4.0,2028.0,7.359674,1.839919,4.727294,0.006999999999999999,1.672653,0.006,3.389172,-1.716519
00-0040731,12421,Trey Amos,CB,Commanders,2025,4.0,2028.0,7.28002,1.820005,4.568725,0.006999999999999999,1.65455,0.005,3.245085,-1.590535
00-0040741,12422,Shemar Turner,IDL,Bears,2025,4.0,2028.0,7.220286,1.805072,4.423048,0.006,1.640974,0.005,3.110269,-1.4692950000000002
00-0040748,12423,Omarr Norman-Lott,IDL,Chiefs,2025,4.0,2028.0,7.200376,1.800094,4.317355,0.006,1.636449,0.005,3.008196,-1.3717469999999998
00-0033526,5700,Samaje Perine,RB,Bengals,2025,2.0,2026.0,3.6,1.8,0.4,0.006,2.0,0.006,0.6,1.4
00-0040749,12424,Andrew Mukuba,S,Eagles,2025,4.0,2028.0,7.160538,1.790135,4.196063,0.006,1.627395,0.005,2.894147,-1.2667519999999999
00-0040694,12425,Darius Alexander,IDL,Giants,2025,4.0,2028.0,6.76207,1.690518,1.557868,0.006,1.536834,0.005,1.168401,0.368433
00-0040640,12426,Ashton Gillotte,ED,Chiefs,2025,4.0,2028.0,6.744624,1.686156,1.54518,0.006,1.532869,0.005,1.158885,0.3739840000000001
00-0040663,12427,Harold Fannin Jr.,TE,Browns,2025,4.0,2028.0,6.742886,1.685722,1.543916,0.006,1.532474,0.005,1.157937,0.3745369999999999
00-0040641,12428,Darien Porter,CB,Raiders,2025,4.0,2028.0,6.724094,1.681024,1.530248,0.006,1.528203,0.005,1.147686,0.380517
00-0040131,12429,Kyle Williams,WR,Patriots,2025,4.0,2028.0,6.703572,1.675893,1.515324,0.006,1.523539,0.004,1.136493,0.387046
00-0040669,12430,Isaac TeSlaa,WR,Lions,2025,4.0,2028.0,6.664452,1.666113,1.486872,0.006,1.514648,0.005,1.115154,0.399494
00-0040642,12431,Vernon Broughton,IDL,Saints,2025,4.0,2028.0,6.637796,1.659449,1.467488,0.006,1.50859,0.005,1.100616,0.40797400000000006
00-0040132,12432,Landon Jackson,ED,Bills,2025,4.0,2028.0,6.618982,1.654746,1.453804,0.006,1.504314,0.005,1.090353,0.413961
00-0036124,9324,Khalil Dorsey,CB,Lions,2025,2.0,2026.0,3.3,1.65,0.3,0.006,1.693823,0.005,0.15,1.5438230000000002
00-0040133,12433,Azareye'h Thomas,CB,Jets,2025,4.0,2028.0,6.593646,1.648412,1.43538,0.006,1.498556,0.005,1.076535,0.422021
00-0040134,12434,Pat Bryant,WR,Broncos,2025,4.0,2028.0,6.58108,1.64527,1.42624,0.006,1.4957,0.005,1.06968,0.42602000000000007
00-0040135,12435,Nick Martin,LB,49ers,2025,4.0,2028.0,6.561668,1.640417,1.41212,0.006,1.491288,0.004,1.05909,0.43219799999999986
00-0040008,12436,Shavon Revel,CB,Cowboys,2025,4.0,2028.0,6.506756,1.626689,1.372176,0.006,1.478805,0.004,1.029132,0.449673
00-0040136,12437,Princely Umanmielen,ED,Panthers,2025,4.0,2028.0,6.500542,1.625136,1.367668,0.006,1.477396,0.005,1.025751,0.45164499999999985
00-0032497,5045,Reid Ferguson,LS,Bills,2025,4.0,2028.0,6.5,1.625,2.365,0.006,1.6025,0.005,0.8325,0.77
00-0040137,12438,Jordan Burch,ED,Cardinals,2025,4.0,2028.0,6.489476,1.622369,1.35962,0.006,1.474881,0.005,1.019715,0.4551660000000002
00-0040138,12439,Jaylin Noel,WR,Texans,2025,4.0,2028.0,6.466856,1.616714,1.343168,0.006,1.46974,0.005,1.007376,0.462364
00-0040139,12440,Justin Walley,CB,Colts,2025,4.0,2028.0,6.444016,1.611004,1.326556,0.006,1.464549,0.005,0.994917,0.46963200000000005
00-0035118,8102,Matt Orzech,LS,Packers,2025,3.0,2027.0,4.83,1.61,0.75,0.006,1.5025,0.005,0.5625,0.94
00-0040140,12441,Dylan Fairchild,LG,Bengals,2025,4.0,2028.0,6.42118,1.605295,1.309948,0.006,1.459359,0.005,0.982461,0.47689800000000004
00-0035408,8359,Nick Moore,LS,Ravens,2025,4.0,2028.0,6.415,1.60375,2.776111,0.006,1.455,0.005,2.175,-0.7199999999999998
00-0040141,12442,Kevin Winston Jr.,S,Titans,2025,4.0,2028.0,6.404992,1.601248,1.298176,0.006,1.45568,0.004,0.973632,0.48204800000000003
00-0040142,12443,Kaleb Johnson,RB,GB/PIT,2025,4.0,2028.0,6.372062,1.593016,1.274228,0.006,1.129639,0.004,0.0,1.129639
00-0040143,12444,Jacob Parrish,CB,Buccaneers,2025,4.0,2028.0,6.348646,1.587162,1.257196,0.006,1.442874,0.005,0.942897,0.499977
00-0040670,12445,Nohl Williams,CB,Chiefs,2025,4.0,2028.0,6.335512,1.583878,1.247644,0.006,1.439889,0.005,0.935733,0.5041559999999999
00-0040144,12446,Jamaree Caldwell,IDL,Chargers,2025,4.0,2028.0,6.313266,1.578317,1.231464,0.006,1.434833,0.005,0.923598,0.511235
00-0040009,12447,Savion Williams,WR,Packers,2025,4.0,2028.0,6.292454,1.573114,1.216328,0.006,1.430103,0.005,0.912246,0.5178569999999999
00-0040145,12448,Caleb Ransaw,S,Jaguars,2025,4.0,2028.0,6.28108,1.57027,1.208056,0.006,1.427518,0.005,0.906042,0.521476
00-0040146,12449,Wyatt Milum,LT,Jaguars,2025,4.0,2028.0,6.277304,1.569326,1.205312,0.006,1.42666,0.005,0.903984,0.522676
00-0040580,12450,Josaiah Stewart,ED,Rams,2025,4.0,2028.0,6.275412,1.568853,1.203936,0.006,1.42623,0.005,0.902952,0.5232780000000001
00-0040068,12451,Emery Jones Jr.,RT,Ravens,2025,4.0,2028.0,6.27352,1.56838,1.20256,0.006,1.4258,0.005,0.90192,0.5238799999999999
00-0040673,12452,Jalen Milroe,QB,Seahawks,2025,4.0,2028.0,6.264086,1.566022,1.1957,0.006,1.423656,0.005,0.896775,0.526881
00-0040643,12453,Jonas Sanker,S,Saints,2025,4.0,2028.0,6.245202,1.561301,1.181964,0.006,1.419364,0.004,0.886473,0.5328910000000001
00-0040704,12454,Dillon Gabriel,QB,Browns,2025,4.0,2028.0,6.226322,1.556581,1.168232,0.006,1.415073,0.004,0.876174,0.538899
00-0040147,12455,Jared Wilson,C,Patriots,2025,4.0,2028.0,6.207432,1.551858,1.154496,0.006,1.41078,0.004,0.865872,0.544908
00-0040148,12456,Xavier Watts,S,Falcons,2025,4.0,2028.0,6.188556,1.547139,1.140768,0.006,1.40649,0.005,0.855576,0.550914
00-0040154,12462,Tai Felton,WR,Vikings,2025,4.0,2028.0,6.161184,1.540296,1.12086,0.006,1.400269,0.004,0.840645,0.559624
00-0040151,12459,Charles Grant,LT,Raiders,2025,4.0,2028.0,6.161184,1.540296,1.12086,0.006,1.400269,0.004,0.840645,0.559624
00-0040150,12458,Caleb Rogers,RT,Raiders,2025,4.0,2028.0,6.161184,1.540296,1.12086,0.006,1.400269,0.004,0.840645,0.559624
00-0040153,12461,Sai'vion Jones,IDL,Broncos,2025,4.0,2028.0,6.161184,1.540296,1.12086,0.006,1.400269,0.005,0.840645,0.559624
00-0040149,12457,Jaylin Smith,CB,Texans,2025,4.0,2028.0,6.161184,1.540296,1.12086,0.006,1.400269,0.005,0.840645,0.559624
00-0040152,12460,Upton Stout,S,49ers,2025,4.0,2028.0,6.161184,1.540296,1.12086,0.006,1.400269,0.004,0.840645,0.559624
00-0033752,6218,Storm Norton,RT,Falcons,2025,2.0,2026.0,3.0,1.5,0.5,0.005,0.715,0.002,0.1,0.615
00-0034198,7259,Trent Sieg,LS,Cowboys,2025,3.0,2027.0,4.45,1.483333,1.805,0.005,1.483333,0.004,1.666667,-0.18333399999999989
00-0036082,9351,Liam McCullough,LS,Falcons,2025,4.0,2028.0,5.78,1.445,1.9,0.005,1.44,0.005,0.675,0.7649999999999999
00-0040705,12463,Chimere Dike,WR,Titans,2025,4.0,2028.0,5.400952,1.350238,1.100952,0.005,1.380238,0.004,0.825714,0.5545240000000001
00-0040719,12464,Bhayshul Tuten,RB,Jaguars,2025,4.0,2028.0,5.31625,1.329063,1.07652,0.005,1.31413,0.004,0.80739,0.50674
00-0040715,12465,Cam Skattebo,RB,Giants,2025,4.0,2028.0,5.27304,1.31826,1.07304,0.005,1.27326,0.004,0.80478,0.46848
00-0040716,12466,Craig Woodson,S,Patriots,2025,4.0,2028.0,5.266456,1.316614,1.066448,0.005,1.271614,0.004,0.799842,0.47177199999999997
00-0040581,12468,Dont'e Thornton Jr.,WR,Raiders,2025,4.0,2028.0,5.2509,1.312725,1.0509,0.005,0.802725,0.003,0.788175,0.014550000000000063
00-0040710,12469,Deone Walker,IDL,Bills,2025,4.0,2028.0,5.247052,1.311763,1.047052,0.005,1.266763,0.004,0.785289,0.48147400000000007
00-0040582,12470,Arian Smith,WR,Jets,2025,4.0,2028.0,5.241652,1.310413,1.041652,0.005,0.85208,0.003,0.781239,0.07084099999999993
00-0040662,12471,Ty Robinson,IDL,Eagles,2025,4.0,2028.0,5.235668,1.308917,1.035668,0.005,1.263917,0.004,0.776751,0.487166
00-0040155,12472,Danny Stutsman,LB,Saints,2025,4.0,2028.0,5.228364,1.307091,1.028364,0.005,1.262091,0.004,0.771273,0.4908180000000001
00-0040711,12473,C.J. West,IDL,49ers,2025,4.0,2028.0,5.211092,1.302773,1.011092,0.005,0.84444,0.002,0.758319,0.086121
00-0040644,12474,Trevor Etienne,RB,Panthers,2025,4.0,2028.0,5.208744,1.302186,1.008744,0.005,0.792186,0.003,0.756558,0.03562799999999999
00-0040645,12475,Cody Simon,LB,Cardinals,2025,4.0,2028.0,5.20476,1.30119,1.00476,0.005,1.25619,0.004,0.75357,0.50262
00-0040583,12476,Woody Marks,RB,Texans,2025,4.0,2028.0,5.203768,1.300942,1.003768,0.005,1.255942,0.004,0.752826,0.5031159999999999
00-0040156,12478,Billy Bowman Jr.,S,Falcons,2025,4.0,2028.0,5.186152,1.296538,0.986152,0.005,1.251538,0.004,0.739614,0.511924
00-0040157,12479,Barrett Carter,LB,Bengals,2025,4.0,2028.0,5.182116,1.295529,0.982116,0.005,1.250529,0.004,0.736587,0.513942
00-0040584,12480,Gunnar Helm,TE,Titans,2025,4.0,2028.0,5.172908,1.293227,0.972908,0.005,1.248227,0.004,0.729681,0.518546
00-0040158,12481,David Walker,ED,Buccaneers,2025,4.0,2028.0,5.163256,1.290814,0.963256,0.005,1.125814,0.004,0.722442,0.40337200000000006
00-0040159,12482,Lathan Ransom,S,Panthers,2025,4.0,2028.0,5.157116,1.289279,0.957116,0.005,1.244279,0.004,0.717837,0.526442
00-0040160,12483,Jack Sawyer,ED,Steelers,2025,4.0,2028.0,5.150932,1.287733,0.950932,0.005,1.242733,0.004,0.713199,0.5295340000000001
00-0040010,12484,Barryn Sorrell,ED,Packers,2025,4.0,2028.0,5.141852,1.285463,0.941852,0.005,1.240463,0.004,0.706389,0.534074
00-0040162,12486,Dylan Sampson,RB,Browns,2025,4.0,2028.0,5.130564,1.282641,0.930564,0.005,0.798474,0.002,0.697923,0.10055100000000006
00-0040163,12487,Jalen Travis,LT,Colts,2025,4.0,2028.0,5.121268,1.280317,0.921268,0.005,1.235317,0.004,0.690951,0.544366
00-0040164,12488,Jaylin Lane,WR,Commanders,2025,4.0,2028.0,5.11384,1.27846,0.91384,0.005,1.23346,0.004,0.68538,0.54808
00-0040069,12489,Teddye Buchanan,LB,Ravens,2025,4.0,2028.0,5.102896,1.275724,0.902896,0.005,1.230724,0.004,0.677172,0.5535519999999999
00-0040165,12490,Malachi Moore,S,Jets,2025,4.0,2028.0,5.09814,1.274535,0.89814,0.005,1.229535,0.004,0.673605,0.55593
00-0040166,12491,Quincy Riley,CB,Saints,2025,4.0,2028.0,5.087236,1.271809,0.887236,0.005,1.226809,0.004,0.665427,0.561382
00-0040167,12492,Ruben Hyppolite II,LB,Bears,2025,4.0,2028.0,5.079588,1.269897,0.879588,0.005,0.759897,0.002,0.659691,0.10020600000000002
00-0040646,12493,Jalen Royals,WR,Chiefs,2025,4.0,2028.0,5.0672,1.2668,0.8672,0.005,1.2218,0.004,0.6504,0.5714
00-0040168,12494,Que Robinson,ED,Broncos,2025,4.0,2028.0,5.054256,1.263564,0.854256,0.005,1.218564,0.004,0.640692,0.5778719999999999
00-0039576,12190,Spencer Shrader,K,Colts,2025,2.0,2026.0,2.51,1.255,0.75,0.004,1.375,0.005,0.175,1.2
00-0040170,12496,Elic Ayomanor,WR,Titans,2025,4.0,2028.0,4.865816,1.216454,0.665816,0.004,1.171454,0.003,0.499362,0.672092
00-0040172,12498,Jordan Watkins,WR,49ers,2025,4.0,2028.0,4.865816,1.216454,0.665816,0.004,1.171454,0.003,0.499362,0.672092
00-0040171,12497,Joshua Farmer,IDL,Patriots,2025,4.0,2028.0,4.865816,1.216454,0.665816,0.004,1.171454,0.003,0.499362,0.672092
00-0040169,12495,Tonka Hemingway,IDL,Raiders,2025,4.0,2028.0,4.865816,1.216454,0.665816,0.004,1.171454,0.004,0.499362,0.672092
00-0036281,8749,C.J. Henderson,CB,Falcons,2025,2.0,2026.0,2.385,1.1925,0.0,0.004,1.215,0.004,0.0,1.215
00-0036885,9601,Tre Brown,CB,Jets,2025,2.0,2026.0,2.385,1.1925,0.0,0.004,0.615,0.002,0.0,0.615
00-0040173,12499,Tyrion Ingram-Dawkins,ED,Vikings,2025,4.0,2028.0,4.677376,1.169344,0.477376,0.004,1.124344,0.004,0.358032,0.766312
00-0040174,12500,Cam'Ron Jackson,IDL,Panthers,2025,4.0,2028.0,4.673156,1.168289,0.473156,0.004,1.123289,0.004,0.354867,0.7684219999999999
00-0040070,12501,Carson Vinson,LT,Ravens,2025,4.0,2028.0,4.669596,1.167399,0.469596,0.004,1.122399,0.004,0.352197,0.7702019999999999
00-0040647,12502,Rylie Mills,IDL,Seahawks,2025,4.0,2028.0,4.6675,1.166875,0.4675,0.004,1.121875,0.004,0.350625,0.77125
00-0040175,12503,Jordan Phillips,IDL,Dolphins,2025,4.0,2028.0,4.658304,1.164576,0.458304,0.004,1.119576,0.004,0.343728,0.7758479999999999
00-0040668,12504,Shedeur Sanders,QB,Browns,2025,4.0,2028.0,4.64738,1.161845,0.44738,0.004,1.116845,0.003,0.335535,0.7813100000000001
00-0040071,12505,Mac McWilliams,CB,Eagles,2025,4.0,2028.0,4.64412,1.16103,0.44412,0.004,1.11603,0.004,0.33309,0.7829400000000001
00-0040177,12507,Jordan James,RB,49ers,2025,4.0,2028.0,4.639684,1.159921,0.439684,0.004,1.114921,0.003,0.329763,0.785158
00-0040585,12508,Ty Hamilton,IDL,Rams,2025,4.0,2028.0,4.638588,1.159647,0.438588,0.004,1.114647,0.004,0.328941,0.785706
00-0037804,10140,Zachary Carter,IDL,Cardinals,2025,2.0,2026.0,2.315,1.1575,0.0,0.004,0.615,0.002,0.0,0.615
00-0040178,12510,Jason Marshall Jr.,CB,Dolphins,2025,4.0,2028.0,4.625292,1.156323,0.425292,0.004,1.111323,0.004,0.318969,0.792354
00-0040179,12511,DJ Giddens,RB,Colts,2025,4.0,2028.0,4.624744,1.156186,0.424744,0.004,1.111186,0.004,0.318558,0.792628
00-0040011,12512,Shemar James,LB,Cowboys,2025,4.0,2028.0,4.623436,1.155859,0.423436,0.004,1.110859,0.003,0.317577,0.793282
00-0040180,12513,Jalen Rivers,LT,Bengals,2025,4.0,2028.0,4.620988,1.155247,0.420988,0.004,1.110247,0.003,0.315741,0.7945059999999999
00-0040181,12514,Marcus Mbow,RT,Giants,2025,4.0,2028.0,4.618384,1.154596,0.418384,0.004,1.109596,0.004,0.313788,0.7958080000000001
00-0040182,12515,Dante Trader Jr.,S,Dolphins,2025,4.0,2028.0,4.614784,1.153696,0.0,0.004,1.108696,0.004,0.311088,0.7976079999999999
00-0040072,12516,Jeffrey Bassa,LB,Chiefs,2025,4.0,2028.0,4.613652,1.153413,0.413652,0.004,1.108413,0.004,0.310239,0.7981740000000002
00-0040183,12517,Elijah Roberts,ED,Buccaneers,2025,4.0,2028.0,4.609796,1.152449,0.409796,0.004,1.107449,0.003,0.307347,0.8001019999999999
00-0040184,12518,KeAndre Lambert-Smith,WR,Chargers,2025,4.0,2028.0,4.608004,1.152001,0.408004,0.004,0.667834,0.002,0.306003,0.361831
00-0040012,12519,Collin Oliver,ED,Packers,2025,4.0,2028.0,4.604084,1.151021,0.404084,0.004,0.641021,0.002,0.303063,0.3379579999999999
00-0040185,12520,Marques Sigle,S,49ers,2025,4.0,2028.0,4.602376,1.150594,0.402376,0.004,1.105594,0.003,0.301782,0.803812
00-0040013,12521,Smael Mondon Jr.,LB,Eagles,2025,4.0,2028.0,4.59546,1.148865,0.39546,0.004,1.103865,0.003,0.296595,0.8072700000000002
00-0040186,12522,Francisco Mauigoa,LB,Jets,2025,4.0,2028.0,4.594528,1.148632,0.394528,0.004,1.103632,0.003,0.295896,0.807736
00-0040187,12523,Mitchell Evans,TE,Panthers,2025,4.0,2028.0,4.590968,1.147742,0.390968,0.004,1.102742,0.004,0.293226,0.8095160000000001
00-0037156,10714,Irvin Charles,WR,Seahawks,2025,1.0,2025.0,1.145,1.145,0.0,0.004,1.145,0.004,0.0,1.145
00-0040188,12524,Yahya Black,IDL,Steelers,2025,4.0,2028.0,4.579836,1.144959,0.379836,0.004,1.099959,0.003,0.284877,0.8150819999999999
00-0040189,12525,Oronde Gadsden II,TE,Chargers,2025,4.0,2028.0,4.574036,1.143509,0.374036,0.004,1.098509,0.004,0.280527,0.817982
00-0040648,12526,Tory Horton,WR,Seahawks,2025,4.0,2028.0,4.56504,1.14126,0.36504,0.004,1.09626,0.003,0.27378,0.82248
00-0040190,12527,Jackson Slater,LG,Titans,2025,4.0,2028.0,4.560612,1.140153,0.360612,0.004,1.095153,0.003,0.270459,0.824694
00-0040587,12528,Drew Kendall,C,Eagles,2025,4.0,2028.0,4.555076,1.138769,0.355076,0.004,1.093769,0.003,0.266307,0.8274619999999999
00-0040194,12533,Jackson Hawes,TE,Bills,2025,4.0,2028.0,4.520216,1.130054,0.320216,0.004,1.085054,0.004,0.240162,0.844892
00-0040649,12535,Robbie Ouzts,TE,Seahawks,2025,4.0,2028.0,4.520216,1.130054,0.320216,0.004,0.620054,0.002,0.240162,0.379892
00-0040193,12531,Miles Frazier,RG,Lions,2025,4.0,2028.0,4.520216,1.130054,0.320216,0.004,1.085054,0.003,0.240162,0.844892
00-0040196,12536,Tyler Baron,ED,Jets,2025,4.0,2028.0,4.520216,1.130054,0.320216,0.004,0.620054,0.002,0.240162,0.379892
00-0040195,12534,Denzel Burke,CB,Cardinals,2025,4.0,2028.0,4.520216,1.130054,0.320216,0.004,1.085054,0.003,0.240162,0.844892
00-0040192,12530,Jordan Hancock,S,Bills,2025,4.0,2028.0,4.520216,1.130054,0.320216,0.004,0.671721,0.002,0.240162,0.431559
00-0040197,12537,Dorian Strong,CB,Bills,2025,4.0,2028.0,4.485356,1.121339,0.285356,0.004,0.221339,0.001,0.214017,0.007321999999999995
00-0040073,12538,Bilhal Kone,CB,Ravens,2025,4.0,2028.0,4.477144,1.119286,0.277144,0.004,0.584286,0.002,0.207858,0.376428
00-0040198,12539,Ollie Gordon II,RB,Dolphins,2025,4.0,2028.0,4.472664,1.118166,0.272664,0.004,1.073166,0.003,0.204498,0.868668
00-0040199,12540,JJ Pegues,IDL,Raiders,2025,4.0,2028.0,4.46714,1.116785,0.26714,0.004,1.071785,0.003,0.200355,0.8714299999999999
00-0040200,12542,Andres Borregales,K,Patriots,2025,4.0,2028.0,4.456484,1.114121,0.256484,0.004,1.069121,0.003,0.192363,0.8767579999999999
00-0040201,12543,Marcus Harris,CB,Titans,2025,4.0,2028.0,4.453016,1.113254,0.253016,0.004,1.068254,0.003,0.189762,0.878492
00-0040687,12567,Cameron Williams,RT,ATL/PHI,2025,4.0,2028.0,4.451568,1.112892,0.676568,0.004,0.515,0.002,0.125,0.39
00-0040203,12545,Will Howard,QB,Steelers,2025,4.0,2028.0,4.4481,1.112025,0.2481,0.004,1.067025,0.003,0.186075,0.8809499999999999
00-0040074,12546,Tyler Loop,K,Ravens,2025,4.0,2028.0,4.444772,1.111193,0.244772,0.004,1.066193,0.003,0.183579,0.882614
00-0040204,12547,Jaylen Reed,S,NE/HOU,2025,4.0,2028.0,4.4438,1.11095,0.2438,0.004,1.005,0.003,0.0,1.005
00-0040206,12549,Riley Leonard,QB,Colts,2025,4.0,2028.0,4.435244,1.108811,0.235244,0.004,1.063811,0.004,0.176433,0.887378
00-0040015,12551,Myles Hinton,LT,PHI/CIN,2025,4.0,2028.0,4.433264,1.108316,0.233264,0.004,0.885,0.003,0.0,0.885
00-0040650,12552,Bryce Cabeldue,RT,SEA/LV,2025,4.0,2028.0,4.43226,1.108065,0.23226,0.004,1.005,0.003,0.0,1.005
00-0040208,12553,Tahj Brooks,RB,Bengals,2025,4.0,2028.0,4.430856,1.107714,0.230856,0.004,1.062714,0.003,0.173142,0.8895719999999999
00-0040210,12555,Luke Newman,LG,Bears,2025,4.0,2028.0,4.43006,1.107515,0.23006,0.004,1.062515,0.003,0.172545,0.8899700000000001
00-0040211,12557,Graham Mertz,QB,Texans,2025,4.0,2028.0,4.428484,1.107121,0.228484,0.004,0.597121,0.002,0.171363,0.425758
00-0040016,12558,Warren Brinson,IDL,Packers,2025,4.0,2028.0,4.426384,1.106596,0.226384,0.004,1.061596,0.003,0.169788,0.8918079999999999
00-0040213,12560,Rayuan Lane III,S,Jaguars,2025,4.0,2028.0,4.422176,1.105544,0.222176,0.004,1.060544,0.003,0.166632,0.8939119999999999
00-0040215,12562,Gavin Bartholomew,TE,Vikings,2025,4.0,2028.0,4.415824,1.103956,0.215824,0.004,1.058956,0.003,0.161868,0.897088
00-0040075,12563,LaJohntay Wester,WR,Ravens,2025,4.0,2028.0,4.414868,1.103717,0.214868,0.004,1.058717,0.003,0.161151,0.8975659999999999
00-0040017,12564,Ajani Cornelius,RT,Cowboys,2025,4.0,2028.0,4.413976,1.103494,0.213976,0.004,1.058494,0.003,0.160482,0.898012
00-0040216,12565,Kain Medrano,LB,Commanders,2025,4.0,2028.0,4.408344,1.102086,0.208344,0.004,1.057086,0.003,0.156258,0.900828
00-0040219,12571,Hayden Conner,LG,Cardinals,2025,4.0,2028.0,4.37428,1.09357,0.17428,0.004,1.04857,0.003,0.13071,0.91786
00-0040076,12570,Aeneas Peebles,IDL,Ravens,2025,4.0,2028.0,4.37428,1.09357,0.17428,0.004,1.04857,0.003,0.13071,0.91786
00-0040221,12574,R.J. Mickens,S,Chargers,2025,4.0,2028.0,4.37428,1.09357,0.17428,0.004,1.04857,0.003,0.13071,0.91786
00-0040223,12576,Jeremy Crawshaw,P,Broncos,2025,4.0,2028.0,4.37428,1.09357,0.17428,0.004,1.04857,0.003,0.13071,0.91786
00-0037563,10392,Malik Davis,RB,Cowboys,2025,2.0,2026.0,2.175,1.0875,0.0,0.004,0.59,0.002,0.0,0.59
00-0038640,11068,Jalen Brooks,WR,Cardinals,2025,2.0,2026.0,2.175,1.0875,0.0,0.004,1.145,0.003,0.0,1.145
00-0038653,11404,Cory Durden,IDL,Patriots,2025,2.0,2026.0,2.175,1.0875,0.0,0.004,1.145,0.003,0.0,1.145
00-0038506,11067,Jordon Riley,IDL,Packers,2025,2.0,2026.0,2.175,1.0875,0.0,0.004,0.59,0.002,0.0,0.59
00-0037310,10262,James Houston,ED,Cowboys,2025,2.0,2026.0,2.175,1.0875,0.0,0.004,1.145,0.003,0.0,1.145
00-0037431,10603,Kingsley Jonathan,ED,Jets,2025,2.0,2026.0,2.175,1.0875,0.0,0.004,0.565,0.002,0.0,0.565
00-0038764,11493,Patrick O'Connell,LB,Seahawks,2025,2.0,2026.0,2.175,1.0875,0.0,0.004,1.145,0.004,0.0,1.145
00-0038401,11028,Jarrick Bernard-Converse,CB,Giants,2025,2.0,2026.0,2.175,1.0875,0.0,0.004,0.59,0.002,0.0,0.59
00-0040225,12579,Thomas Fidone II,TE,Giants,2025,4.0,2028.0,4.349516,1.087379,0.149516,0.004,1.042379,0.003,0.112137,0.9302419999999999
00-0040226,12580,Marcus Bryant,LT,Patriots,2025,4.0,2028.0,4.348328,1.087082,0.148328,0.004,0.577082,0.002,0.111246,0.465836
00-0040227,12581,Jonah Monheim,C,Jaguars,2025,4.0,2028.0,4.344308,1.086077,0.144308,0.004,1.041077,0.003,0.108231,0.9328460000000001
00-0040228,12582,Cody Lindenberg,LB,Raiders,2025,4.0,2028.0,4.341168,1.085292,0.141168,0.004,1.040292,0.003,0.105876,0.934416
00-0040230,12585,Kitan Crawford,S,Cardinals,2025,4.0,2028.0,4.337892,1.084473,0.137892,0.004,0.600306,0.002,0.103419,0.496887
00-0040231,12586,Carson Bruener,LB,Steelers,2025,4.0,2028.0,4.33694,1.084235,0.13694,0.004,1.039235,0.003,0.102705,0.9365299999999999
00-0040589,12587,Kurtis Rourke,QB,49ers,2025,4.0,2028.0,4.334236,1.083559,0.134236,0.004,0.918559,0.003,0.100677,0.817882
00-0040078,12588,Brashard Smith,RB,Chiefs,2025,4.0,2028.0,4.333476,1.083369,0.133476,0.004,1.038369,0.003,0.100107,0.9382620000000002
00-0040232,12589,Donte Kent,CB,Steelers,2025,4.0,2028.0,4.333452,1.083363,0.133452,0.004,0.548363,0.002,0.100089,0.44827400000000006
00-0040234,12591,Quinn Ewers,QB,MIA/JAX,2025,4.0,2028.0,4.331576,1.082894,0.131576,0.004,1.005,0.003,0.0,1.005
00-0040235,12592,Hunter Wohler,S,Colts,2025,4.0,2028.0,4.331068,1.082767,0.131068,0.004,0.917767,0.003,0.098301,0.819466
00-0040236,12593,Kyle Monangai,RB,Bears,2025,4.0,2028.0,4.32814,1.082035,0.12814,0.004,1.037035,0.003,0.096105,0.9409299999999999
00-0040652,12594,Mason Richman,LT,Seahawks,2025,4.0,2028.0,4.325924,1.081481,0.125924,0.004,0.571481,0.002,0.094443,0.477038
00-0040237,12595,Tez Johnson,WR,Buccaneers,2025,4.0,2028.0,4.32394,1.080985,0.12394,0.004,1.035985,0.003,0.092955,0.9430299999999999
00-0040238,12596,LeQuint Allen,RB,Jaguars,2025,4.0,2028.0,4.318756,1.079689,0.118756,0.004,1.034689,0.003,0.089067,0.945622
00-0040590,12602,Konata Mumpfield,WR,Rams,2025,4.0,2028.0,4.308536,1.077134,0.108536,0.004,1.032134,0.003,0.081402,0.9507320000000001
00-0040242,12605,Jacory Croskey-Merritt,RB,Commanders,2025,4.0,2028.0,4.305428,1.076357,0.105428,0.004,1.031357,0.003,0.079071,0.9522860000000001
00-0040023,12610,John Williams,LG,Packers,2025,4.0,2028.0,4.301672,1.075418,0.101672,0.004,1.030418,0.003,0.076254,0.954164
00-0040245,12609,Connor Colby,RG,49ers,2025,4.0,2028.0,4.301672,1.075418,0.101672,0.004,1.030418,0.003,0.076254,0.954164
00-0040248,12613,Zeek Biggers,IDL,Dolphins,2025,4.0,2028.0,4.301672,1.075418,0.101672,0.004,1.030418,0.003,0.076254,0.954164
00-0040246,12611,Julian Ashby,LS,Patriots,2025,4.0,2028.0,4.301672,1.075418,0.101672,0.004,1.030418,0.003,0.076254,0.954164
00-0039438,11864,Nick Gargiulo,RG,Broncos,2025,2.0,2026.0,2.093,1.0465,0.058,0.004,0.569,0.002,0.029,0.5399999999999999
00-0038679,11469,Tyrell Shavers,WR,Bills,2025,2.0,2026.0,2.042,1.021,0.007,0.004,0.5685,0.002,0.0035,0.5650000000000001
00-0039451,12014,Isaiah Williams,WR,Jets,2025,2.0,2026.0,2.035,1.0175,0.0,0.004,1.075,0.003,0.0,1.075
00-0037480,10515,Dylan Cook,LT,Steelers,2025,2.0,2026.0,2.035,1.0175,0.0,0.004,1.075,0.003,0.0,1.075
00-0039237,11836,Nick Samac,C,CAR/MIN,2025,2.0,2026.0,2.035,1.0175,0.0,0.004,0.621667,0.002,0.0,0.621667
00-0039764,12289,Elijah Chatman,IDL,CLE/NYG,2025,2.0,2026.0,2.035,1.0175,0.0,0.004,0.565,0.002,0.0,0.565
00-0038724,11349,Ali Gaye,ED,TEN/HOU,2025,2.0,2026.0,2.035,1.0175,0.0,0.004,0.565,0.002,0.0,0.565
00-0039878,11768,Edefuan Ulofoshio,LB,Browns,2025,2.0,2026.0,2.035,1.0175,0.0,0.004,0.54,0.002,0.0,0.54
00-0039770,11925,Charles Woods,CB,NE/LAR,2025,2.0,2026.0,2.035,1.0175,0.0,0.004,1.075,0.003,0.0,1.075
00-0039676,11928,Chigozie Anusiem,CB,Raiders,2025,2.0,2026.0,2.035,1.0175,0.0,0.004,0.565,0.002,0.0,0.565
00-0039323,12266,Ryan Rehkow,P,Bengals,2025,2.0,2026.0,2.035,1.0175,0.0,0.004,1.075,0.003,0.0,1.075
00-0040417,12947,Ben Chukwuma,RT,Buccaneers,2025,3.0,2027.0,3.02,1.006667,0.3,0.004,1.023333,0.003,0.036667,0.986666
00-0040782,13128,Isaiah Bond,WR,Browns,2025,3.0,2027.0,3.018,1.006,3.018,0.004,1.022666,0.003,2.160334,-1.1376680000000001
00-0040382,12704,Josh Fryar,RT,Cardinals,2025,3.0,2027.0,3.0,1.0,0.269,0.004,1.016666,0.003,0.023334,0.9933320000000001
00-0040081,12642,Jake Briningstool,TE,Chiefs,2025,3.0,2027.0,2.995,0.998333,0.264,0.004,0.895,0.003,0.02,0.875
00-0040631,12775,Willie Lampkin,RG,LAR/PHI,2025,3.0,2027.0,2.995,0.998333,0.03,0.004,0.885,0.003,0.0,0.885
00-0040061,12943,Connor O'Toole,IDL,Seahawks,2025,3.0,2027.0,2.995,0.998333,0.264,0.004,1.015,0.003,0.02,0.9949999999999999
00-0040563,12659,Efton Chism III,WR,Patriots,2025,3.0,2027.0,2.99,0.996667,0.259,0.004,1.013333,0.003,0.016667,0.996666
00-0040058,12763,Nick Kallerup,TE,Seahawks,2025,3.0,2027.0,2.99,0.996667,0.259,0.004,1.013333,0.003,0.016667,0.996666
00-0040492,12629,Tyler Batty,ED,Vikings,2025,3.0,2027.0,2.99,0.996667,0.259,0.004,0.548333,0.002,0.016667,0.531666
00-0040613,12909,Shaun Dolac,LB,Rams,2025,3.0,2027.0,2.99,0.996667,0.025,0.004,1.013333,0.003,0.016667,0.996666
00-0040277,12882,Jahdae Walker,WR,Bears,2025,3.0,2027.0,2.985,0.995,0.17,0.004,1.011666,0.003,0.013334,0.998332
00-0040509,12963,Ben Yurosek,TE,Vikings,2025,3.0,2027.0,2.985,0.995,0.254,0.004,0.546666,0.002,0.013334,0.533332
00-0040255,12737,Adin Huntington,ED,Browns,2025,3.0,2027.0,2.985,0.995,0.18,0.004,1.011666,0.003,0.013334,0.998332
00-0040496,12656,Chaz Chambliss,ED,Vikings,2025,3.0,2027.0,2.985,0.995,0.22,0.004,1.011666,0.003,0.013334,0.998332
00-0040342,12863,Danny Striggow,ED,Jaguars,2025,3.0,2027.0,2.985,0.995,0.254,0.004,1.011666,0.003,0.013334,0.998332
00-0040100,12726,Jay Higgins,LB,Ravens,2025,3.0,2027.0,2.985,0.995,0.03,0.004,1.011666,0.003,0.013334,0.998332
00-0040024,12984,Darius Cooper,WR,Eagles,2025,3.0,2027.0,2.98,0.993333,0.09,0.004,1.01,0.003,0.01,1.0
00-0040041,12860,Nazir Stackhouse,IDL,Titans,2025,3.0,2027.0,2.98,0.993333,0.165,0.004,1.005,0.003,0.0,1.005
00-0040574,13057,Elijah Ponder,ED,Patriots,2025,3.0,2027.0,2.98,0.993333,0.115,0.004,1.01,0.003,0.01,1.0
00-0040449,12833,Karene Reid,LB,Broncos,2025,3.0,2027.0,2.98,0.993333,0.249,0.004,1.01,0.003,0.01,1.0
00-0040289,12791,Bam Martin-Scott,LB,Panthers,2025,3.0,2027.0,2.98,0.993333,0.29,0.004,0.545,0.002,0.01,0.535
00-0040279,12698,Ryan Fitzgerald,K,Panthers,2025,3.0,2027.0,2.98,0.993333,0.145,0.004,1.01,0.003,0.01,1.0
00-0040500,12734,Joe Huber,RG,Vikings,2025,3.0,2027.0,2.975,0.991667,0.21,0.004,1.008333,0.003,0.006667,1.001666
00-0040261,12792,Easton Mascarenas-Arnold,LB,Browns,2025,3.0,2027.0,2.975,0.991667,0.11,0.004,1.008333,0.003,0.006667,1.001666
00-0040263,12797,Donovan McMillon,S,Browns,2025,3.0,2027.0,2.975,0.991667,0.21,0.004,1.008333,0.003,0.006667,1.001666
00-0040379,12881,William Wagner,LS,Bengals,2025,3.0,2027.0,2.975,0.991667,0.01,0.004,1.008333,0.003,0.006667,1.001666
00-0040409,12988,Austin Brinkman,LS,Texans,2025,3.0,2027.0,2.975,0.991667,0.11,0.004,1.008333,0.003,0.006667,1.001666
00-0040466,12849,Raheim Sanders,RB,Browns,2025,3.0,2027.0,2.97,0.99,0.06,0.004,1.005,0.003,0.0,1.005
00-0040503,12793,Dorian Mausi,LB,Titans,2025,3.0,2027.0,2.97,0.99,0.05,0.004,0.54,0.002,0.0,0.54
00-0040460,12888,Marlowe Wax,LB,Chargers,2025,3.0,2027.0,2.968,0.989333,0.003,0.004,1.006,0.003,0.002,1.004
00-0040329,12973,B.J. Green II,IDL,Jaguars,2025,3.0,2027.0,2.9675,0.989167,0.0825,0.004,0.566666,0.002,0.001667,0.564999
00-0040506,13054,Myles Price,WR,Vikings,2025,3.0,2027.0,2.965,0.988333,0.0,0.004,1.005,0.003,0.0,1.005
00-0040363,12780,Keleki Latu,TE,Bills,2025,3.0,2027.0,2.965,0.988333,0.0,0.004,1.005,0.003,0.0,1.005
00-0040624,12897,Elijah Williams,ED,Vikings,2025,3.0,2027.0,2.965,0.988333,0.0,0.004,1.005,0.003,0.0,1.005
00-0040118,12986,Cooper McDonald,LB,Chiefs,2025,3.0,2027.0,2.965,0.988333,0.0,0.004,0.565833,0.002,0.0,0.565833
00-0040634,13077,Jordan Turner,LB,Broncos,2025,3.0,2027.0,2.965,0.988333,0.0,0.004,1.005,0.003,0.0,1.005
00-0040636,13075,Keyon Martin,CB,Ravens,2025,3.0,2027.0,2.965,0.988333,0.0,0.004,1.005,0.003,0.0,1.005
00-0040398,12669,Brady Cook,QB,Dolphins,2025,2.0,2026.0,1.845,0.9225,0.0,0.003,1.005,0.003,0.0,1.005
00-0040244,12608,Moliki Matavao,TE,Saints,2025,2.0,2026.0,1.845,0.9225,0.0,0.003,0.54,0.002,0.0,0.54
00-0038564,10925,Cameron Latu,TE,Patriots,2025,2.0,2026.0,1.845,0.9225,0.0,0.003,1.005,0.003,0.0,1.005
00-0040488,13051,Carter Runyon,TE,Raiders,2025,2.0,2026.0,1.845,0.9225,0.0,0.003,0.54,0.002,0.0,0.54
00-0038818,11420,Luke Haggard,LT,Buccaneers,2025,2.0,2026.0,1.845,0.9225,0.0,0.003,1.005,0.003,0.0,1.005
00-0036535,9661,William Sherman,LG,Saints,2025,2.0,2026.0,1.845,0.9225,0.0,0.003,1.005,0.003,0.0,1.005
00-0039446,12254,Bryan Hudson,C,Giants,2025,2.0,2026.0,1.845,0.9225,0.0,0.003,0.885,0.003,0.0,0.885
00-0039174,11326,Chukwuebuka Godrick,RT,KC/MIA,2025,2.0,2026.0,1.845,0.9225,0.0,0.003,1.005,0.003,0.0,1.005
00-0040512,12675,Brandon Crenshaw-Dickson,RT,Titans,2025,2.0,2026.0,1.845,0.9225,0.0,0.003,1.005,0.003,0.0,1.005
00-0040384,12855,Elijah Simmons,IDL,Buccaneers,2025,2.0,2026.0,1.845,0.9225,0.0,0.003,1.005,0.003,0.0,1.005
00-0038514,11318,Truman Jones,ED,Titans,2025,2.0,2026.0,1.845,0.9225,0.0,0.003,1.005,0.003,0.0,1.005
00-0040328,12688,Ethan Downs,ED,Chiefs,2025,2.0,2026.0,1.845,0.9225,0.0,0.003,0.515,0.002,0.0,0.515
00-0040326,12972,Branson Combs,LB,Jaguars,2025,2.0,2026.0,1.845,0.9225,0.0,0.003,1.005,0.003,0.0,1.005
00-0040066,12904,Jackson Woodard,LB,Dolphins,2025,2.0,2026.0,1.845,0.9225,0.0,0.003,1.005,0.003,0.0,1.005
00-0040507,12962,Zemaiah Vaughn,CB,Vikings,2025,2.0,2026.0,1.845,0.9225,0.0,0.003,0.885,0.003,0.0,0.885
00-0040089,12770,Kevin Knowles II,CB,Buccaneers,2025,2.0,2026.0,1.845,0.9225,0.0,0.003,1.005,0.003,0.0,1.005
00-0040020,12597,Micah Robinson,CB,Titans,2025,2.0,2026.0,1.845,0.9225,0.0,0.003,1.005,0.003,0.0,1.005
00-0040243,12606,Korie Black,CB,Giants,2025,2.0,2026.0,1.845,0.9225,0.0,0.003,0.54,0.002,0.0,0.54
00-0038521,11323,Reese Taylor,CB,Dolphins,2025,2.0,2026.0,1.845,0.9225,0.0,0.003,1.005,0.003,0.0,1.005
00-0040033,12627,Johnathan Baldwin,S,Packers,2025,2.0,2026.0,1.845,0.9225,0.0,0.003,0.515,0.002,0.0,0.515
00-0040045,12662,Alijah Clark,S,Cowboys,2025,2.0,2026.0,1.845,0.9225,0.0,0.003,1.005,0.003,0.0,1.005
00-0040104,12749,Keondre Jackson,S,Ravens,2025,2.0,2026.0,1.845,0.9225,0.0,0.003,1.005,0.003,0.0,1.005
00-0039634,11888,Austin McNamara,P,Jets,2025,2.0,2026.0,1.845,0.9225,0.0,0.003,1.005,0.003,0.0,1.005
00-0038703,11204,Kendell Brooks,S,Titans,2025,2.0,2026.0,1.765,0.8825,0.0,0.003,0.565,0.002,0.0,0.565
00-0033077,4848,Dak Prescott,QB,Cowboys,2024,4.0,2027.0,240.0,60.0,129.0,0.235,43.50843,0.131,174.989999,-131.481569
00-0036264,8766,Jordan Love,QB,Packers,2024,4.0,2027.0,220.0,55.0,100.8,0.215,36.122437,0.115,120.173193,-84.050756
00-0036971,9465,Trevor Lawrence,QB,Jaguars,2024,5.0,2028.0,275.0,55.0,142.0,0.215,24.0,0.077,65.5,-41.5
00-0033106,4714,Jared Goff,QB,Lions,2024,4.0,2027.0,212.0,53.0,113.611832,0.20800000000000002,37.6,0.11699999999999999,76.8,-39.199999999999996
00-0036322,8762,Justin Jefferson,WR,Vikings,2024,4.0,2027.0,140.0,35.0,88.743,0.13699999999999998,21.16885,0.067,62.5698,-41.40095
00-0036358,8757,CeeDee Lamb,WR,Cowboys,2024,4.0,2027.0,136.0,34.0,67.0,0.133,19.154314,0.057999999999999996,74.62314,-55.46882600000001
00-0035676,7842,A.J. Brown,WR,PHI/NE,2024,3.0,2026.0,96.0,32.0,51.0,0.125,7.04,0.02,33.0,-25.96
00-0032762,4750,Chris Jones,IDL,Chiefs,2024,5.0,2028.0,158.75,31.75,60.0,0.124,44.85,0.149,64.25,-19.4
00-0036963,9576,Amon-Ra St. Brown,WR,Lions,2024,4.0,2027.0,120.01,30.0025,34.666,0.11699999999999999,12.31,0.038,44.817,-32.507
00-0036261,8765,Brandon Aiyuk,WR,49ers,2024,4.0,2027.0,120.0,30.0,45.0,0.11699999999999999,12.45079,0.037000000000000005,8.37837,4.072419999999999
00-0036613,9470,Jaylen Waddle,WR,DEN/MIA,2024,3.0,2026.0,84.75,28.25,35.978546,0.111,4.8782,0.016,31.834795,-26.956595
00-0035642,7798,Josh Hines-Allen,ED,Jaguars,2024,5.0,2028.0,141.25,28.25,76.5,0.111,18.84,0.061,26.2,-7.359999999999999
00-0035713,7807,Brian Burns,ED,Giants,2024,5.0,2028.0,141.0,28.2,76.0,0.11,21.383333,0.071,55.75,-34.366667
00-0036406,8753,Tristan Wirfs,RT,Buccaneers,2024,5.0,2028.0,140.625,28.125,52.244,0.11,36.328582,0.115,61.588164,-25.259582
00-0036880,9471,Penei Sewell,RT,Lions,2024,4.0,2027.0,112.0,28.0,42.986236,0.11,13.12016,0.040999999999999995,41.013764,-27.893604000000003
00-0034827,6909,D.J. Moore,WR,CHI/BUF,2024,4.0,2027.0,110.0,27.5,43.65,0.10800000000000001,6.752,0.022000000000000002,38.985,-32.233
00-0036616,9487,Christian Darrisaw,LT,Vikings,2024,4.0,2027.0,104.0,26.0,43.725,0.102,13.279085,0.042,34.616929,-21.337843999999997
00-0036912,9474,DeVonta Smith,WR,Eagles,2024,3.0,2026.0,75.0,25.0,33.997554,0.098,10.72651,0.034,48.210934,-37.484424000000004
00-0036130,8811,Nnamdi Madubuike,IDL,Ravens,2024,4.0,2027.0,98.0,24.5,53.5,0.096,29.872059,0.095,36.616177,-6.744118
00-0036624,9536,Alim McNeill,IDL,Lions,2024,4.0,2027.0,97.0,24.25,28.060667,0.095,28.966,0.09,32.85,-3.8840000000000003
00-0033055,4718,Jalen Ramsey,CB,MIA/PIT,2024,3.0,2026.0,72.3,24.1,24.235,0.094,19.5,0.061,5.5,14.0
00-0036220,8747,Derrick Brown,IDL,Panthers,2024,4.0,2027.0,96.0,24.0,41.165,0.094,10.952,0.035,33.15,-22.198
00-0036874,9473,Patrick Surtain II,CB,Broncos,2024,4.0,2027.0,96.0,24.0,40.688565,0.094,12.6984,0.042,34.811435,-22.113035000000004
00-0032378,4720,DeForest Buckner,IDL,Colts,2024,2.0,2025.0,46.0,23.0,43.25,0.09,26.6,0.08800000000000001,20.8,5.800000000000001
00-0034429,7118,Jordan Mailata,LT,Eagles,2024,3.0,2026.0,66.0,22.0,41.0,0.086,15.855233,0.05,25.974699,-10.119466000000001
00-0033120,4739,Kenny Clark,IDL,DAL/GB,2024,3.0,2026.0,64.0,21.333333,17.5,0.084,6.7,0.02,18.5,-11.8
00-0036411,8785,"Antoine Winfield, Jr.",S,Buccaneers,2024,4.0,2027.0,84.1,21.025,45.0,0.08199999999999999,27.466,0.087,27.864,-0.3979999999999997
00-0037002,9501,Landon Dickerson,LG,Eagles,2024,4.0,2027.0,84.0,21.0,28.89,0.08199999999999999,10.275,0.033,22.057,-11.781999999999998
00-0036981,9502,Christian Barmore,IDL,Patriots,2024,4.0,2027.0,84.0,21.0,31.822128,0.08199999999999999,17.1,0.049,22.8,-5.699999999999999
00-0033538,5604,Garett Bolles,LT,Broncos,2024,4.0,2027.0,82.0,20.5,23.735,0.08,13.2,0.043,20.635,-7.435000000000002
00-0036285,8756,A.J. Terrell,CB,Falcons,2024,4.0,2027.0,81.0,20.25,42.344,0.079,13.5,0.044000000000000004,48.5,-35.0
00-0033904,5649,Dion Dawkins,LT,Bills,2024,3.0,2026.0,60.06,20.02,30.205,0.078,24.837834,0.08199999999999999,22.396834,2.4410000000000025
00-0036325,8779,Robert Hunt,RG,Panthers,2024,5.0,2028.0,100.0,20.0,44.0,0.078,24.3,0.078,34.9,-10.599999999999998
00-0036974,9497,Tyson Campbell,CB,JAX/CLE,2024,4.0,2027.0,76.5,19.125,31.4,0.075,4.916,0.015,10.5,-5.584
00-0033280,5592,Christian McCaffrey,RB,49ers,2024,2.0,2025.0,38.0,19.0,24.0,0.07400000000000001,10.856472,0.032,9.698416,1.1580560000000002
00-0036292,8790,Jaylon Johnson,CB,Bears,2024,4.0,2027.0,76.0,19.0,43.8,0.07400000000000001,24.5,0.079,25.6,-1.1000000000000014
00-0036618,9515,Samuel Cosmi,RG,Commanders,2024,4.0,2027.0,74.0,18.5,26.616,0.07200000000000001,20.26,0.062,27.5,-7.239999999999998
00-0036623,9527,Creed Humphrey,C,Chiefs,2024,4.0,2027.0,72.0,18.0,35.0,0.07,18.1,0.06,25.05,-6.949999999999999
00-0037001,9562,Quinn Meinerz,RG,Broncos,2024,4.0,2027.0,72.0,18.0,24.0,0.07,9.2082,0.03,23.756,-14.5478
00-0036976,9557,Spencer Brown,RT,Bills,2024,4.0,2027.0,72.0,18.0,19.855,0.07,8.97,0.03,18.08,-9.109999999999998
00-0033890,5622,Budda Baker,S,Cardinals,2024,3.0,2026.0,54.0,18.0,17.441666,0.07,19.21625,0.059000000000000004,13.8775,5.338749999999999
00-0036563,9636,Deommodore Lenoir,CB,49ers,2024,5.0,2028.0,89.8,17.96,15.468889,0.07,8.87,0.026000000000000002,7.8,1.0699999999999994
00-0036407,8755,Jerry Jeudy,WR,Browns,2024,3.0,2026.0,52.5,17.5,41.0,0.069,10.3724,0.031,16.725,-6.352600000000001
00-0036388,8776,Xavier McKinney,S,Packers,2024,4.0,2027.0,67.0,16.75,23.0,0.066,9.860235,0.031,23.035,-13.174765
00-0036339,8875,Kevin Dotson,RG,Rams,2024,3.0,2026.0,48.0,16.0,24.0,0.063,17.416668,0.055999999999999994,9.416668,8.000000000000002
00-0032164,3865,Arik Armstead,ED,Jaguars,2024,3.0,2026.0,43.5,14.5,28.0,0.057,19.385294,0.063,7.5,11.885293999999998
00-0036323,8768,Patrick Queen,LB,Steelers,2024,3.0,2026.0,41.0,13.666666,13.84,0.054000000000000006,17.193334,0.054000000000000006,6.363334,10.83
00-0036975,9509,Walker Little,LT,Jaguars,2024,3.0,2026.0,40.5,13.5,25.944256,0.053,14.499953,0.047,18.235112,-3.7351590000000012
00-0036952,9703,Jonathon Cooper,ED,Broncos,2024,4.0,2027.0,54.0,13.5,16.731111,0.053,5.78,0.019,18.8,-13.02
00-0036417,8809,Damien Lewis,LG,Panthers,2024,4.0,2027.0,53.0,13.25,26.215,0.052000000000000005,16.72,0.054000000000000006,7.5,9.219999999999999
00-0033952,5730,Grover Stewart,IDL,Colts,2024,3.0,2026.0,39.0,13.0,17.99,0.051,14.25,0.047,2.0,12.25
00-0036915,9516,Jeremiah Owusu-Koramoah,LB,Browns,2024,3.0,2026.0,37.5,12.5,20.0,0.049,4.772765,0.013999999999999999,13.224175,-8.451410000000001
00-0036894,9519,Pat Freiermuth,TE,Steelers,2024,4.0,2027.0,48.4,12.1,11.6,0.047,6.943333,0.022000000000000002,14.185,-7.2416670000000005
00-0035700,7815,Josh Jacobs,RB,Packers,2024,4.0,2027.0,48.0,12.0,12.5,0.047,14.542647,0.046,6.25,8.292647
00-0034373,7001,Dorance Armstrong Jr.,ED,Commanders,2024,3.0,2026.0,33.0,11.0,16.125,0.043,11.5775,0.035,9.0,2.5775000000000006
00-0034974,7899,Julian Love,S,Seahawks,2024,3.0,2026.0,33.0,11.0,11.965,0.043,12.876666,0.040999999999999995,5.25,7.626666
00-0034302,7245,Frankie Luvu,ED,Commanders,2024,3.0,2026.0,31.0,10.333333,14.625,0.04,11.295,0.034,6.9,4.395
00-0034376,7006,Taron Johnson,CB,BUF/LV,2024,3.0,2026.0,30.75,10.25,16.65,0.04,8.67,0.027999999999999997,1.175,7.495
00-0034413,7085,Foyesade Oluokun,LB,Jaguars,2024,3.0,2026.0,30.0,10.0,21.5,0.039,17.1085,0.055,10.266,6.842499999999999
00-0039918,11609,Caleb Williams,QB,Bears,2024,4.0,2027.0,39.486058,9.871515,39.486058,0.039,10.768925,0.035,23.332671,-12.563746000000002
00-0039910,11610,Jayden Daniels,QB,Commanders,2024,4.0,2027.0,37.74665,9.436663,37.74665,0.037000000000000005,10.294541,0.031,22.304839,-12.010298
00-0039851,11611,Drake Maye,QB,Patriots,2024,4.0,2027.0,36.639764,9.159941,36.639764,0.036000000000000004,9.992663,0.027999999999999997,21.65077,-11.658107000000001
00-0036875,9584,Rhamondre Stevenson,RB,Patriots,2024,4.0,2027.0,36.0,9.0,17.116,0.035,7.423529,0.021,8.05,-0.6264710000000004
00-0039849,11612,Marvin Harrison Jr.,WR,Cardinals,2024,4.0,2027.0,35.374742,8.843686,35.374742,0.035,9.647657,0.028999999999999998,20.903257,-11.2556
00-0036555,9590,Chuba Hubbard,RB,Panthers,2024,4.0,2027.0,33.2,8.3,12.058,0.032,7.4761,0.024,9.0183,-1.5422000000000002
00-0039897,11613,Joe Alt,RT,Chargers,2024,4.0,2027.0,33.160944,8.290236,33.160944,0.032,9.043894,0.03,19.595104,-10.55121
00-0036327,8798,Ezra Cleveland,LG,Jaguars,2024,3.0,2026.0,24.0,8.0,14.25,0.031,11.420588,0.037000000000000005,4.2,7.220588
00-0036244,8873,Colby Parkinson,TE,Rams,2024,3.0,2026.0,22.5,7.5,10.25,0.028999999999999998,9.083334,0.028999999999999998,2.083334,7.000000000000001
00-0034782,6981,Harrison Phillips,IDL,Jets,2024,2.0,2025.0,15.0,7.5,10.266667,0.028999999999999998,7.5,0.023,0.0,7.5
00-0036927,9524,Pete Werner,LB,Saints,2024,3.0,2026.0,22.5,7.5,11.185185,0.028999999999999998,3.938,0.012,12.014,-8.075999999999999
00-0035276,7948,Blake Cashman,LB,Vikings,2024,3.0,2026.0,22.5,7.5,9.475,0.028999999999999998,9.182353,0.028999999999999998,4.65,4.5323530000000005
00-0039337,11614,Malik Nabers,WR,Giants,2024,4.0,2027.0,29.20775,7.301938,29.20775,0.028999999999999998,7.96575,0.027000000000000003,17.259125,-9.293375000000001
00-0035261,7919,Tony Pollard,RB,Titans,2024,3.0,2026.0,21.75,7.25,10.49,0.027999999999999997,9.25,0.027000000000000003,2.0,7.25
00-0036933,9480,Zaven Collins,LB,Cardinals,2024,2.0,2025.0,14.0,7.0,11.25,0.027000000000000003,6.053217,0.018000000000000002,1.7,4.353217
00-0036221,8810,Brandon Jones,S,Broncos,2024,3.0,2026.0,20.0,6.666667,11.0,0.026000000000000002,9.243334,0.03,1.833334,7.410000000000001
00-0039731,11615,J.C. Latham,LT,Titans,2024,4.0,2027.0,26.045188,6.511297,26.045188,0.025,7.103233,0.021,15.390338,-8.287105
00-0033303,5819,Harrison Butker,K,Chiefs,2024,4.0,2027.0,25.6,6.4,15.0,0.025,7.305,0.024,10.005,-2.700000000000001
00-0036637,9626,Noah Gray,TE,Chiefs,2024,3.0,2026.0,18.0,6.0,10.016,0.023,6.97,0.023,3.0,3.9699999999999998
00-0035133,8152,Keisean Nixon,CB,Packers,2024,3.0,2026.0,18.0,6.0,6.5,0.023,7.166668,0.023,2.166668,5.0
00-0039917,11616,Michael Penix Jr.,QB,Falcons,2024,4.0,2027.0,22.882636,5.720659,22.882636,0.022000000000000002,6.240719,0.02,13.521558,-7.280839
00-0039919,11617,Rome Odunze,WR,Bears,2024,4.0,2027.0,22.7245,5.681125,22.7245,0.022000000000000002,6.197591,0.02,13.428114,-7.230523000000001
00-0037224,10613,Cameron Dicker,K,Chargers,2024,4.0,2027.0,22.004,5.501,8.735,0.022000000000000002,5.725,0.019,1.8,3.925
00-0036854,9613,Evan McPherson,K,Bengals,2024,3.0,2026.0,16.5,5.5,5.0,0.022000000000000002,4.983333,0.016,2.5,2.483333
00-0039923,11618,J.J. McCarthy,QB,NYG/MIN,2024,4.0,2027.0,21.854796,5.463699,21.854796,0.021,0.895833,0.003,4.671033,-3.7752000000000003
00-0039790,11619,Olu Fashanu,LT,Jets,2024,4.0,2027.0,20.51071,5.127678,20.51071,0.02,5.59383,0.017,12.119965,-6.526135000000001
00-0039732,11620,Bo Nix,QB,Broncos,2024,4.0,2027.0,18.613166,4.653292,18.613166,0.018000000000000002,5.076318,0.017,10.998689,-5.922371000000001
00-0039338,11621,Brock Bowers,TE,Raiders,2024,4.0,2027.0,18.138784,4.534696,18.138784,0.018000000000000002,4.946941,0.016,10.718372,-5.771431000000001
00-0039339,11622,Taliese Fuaga,LT,Saints,2024,4.0,2027.0,17.348158,4.33704,17.348158,0.017,4.731316,0.015,10.251185,-5.519869
00-0039340,11623,Laiatu Latu,ED,Colts,2024,4.0,2027.0,17.031894,4.257974,17.031894,0.017,4.645062,0.015,10.064301,-5.419239
00-0035144,7946,Mack Wilson,LB,Cardinals,2024,3.0,2026.0,12.75,4.25,6.445,0.017,4.726668,0.013999999999999999,1.166668,3.56
00-0035358,8400,Chase McLaughlin,K,Buccaneers,2024,3.0,2026.0,12.3,4.1,5.0,0.016,3.8,0.012,0.0,3.8
00-0039309,11624,Byron Murphy,IDL,Seahawks,2024,4.0,2027.0,16.083122,4.020781,16.083122,0.016,4.386306,0.013999999999999999,9.503663,-5.117356999999999
00-0036754,9878,Brock Wright,TE,Lions,2024,3.0,2026.0,12.0,4.0,4.6,0.016,4.734,0.015,2.127,2.607
00-0036429,8930,Charlie Woerner,TE,Falcons,2024,3.0,2026.0,12.0,4.0,4.16,0.016,5.75,0.019,1.0,4.75
00-0039924,11625,Dallas Turner,ED,Vikings,2024,4.0,2027.0,15.766862,3.941716,15.766862,0.015,4.300053,0.013999999999999999,9.316782,-5.016729
00-0039925,11626,Amarius Mims,RT,Bengals,2024,4.0,2027.0,15.371558,3.84289,15.371558,0.015,4.192243,0.013000000000000001,9.083193,-4.890949999999999
00-0039852,11627,Jared Verse,ED,CLE/LAR,2024,4.0,2027.0,15.134346,3.783587,15.134346,0.015,2.17085,0.006,5.029625,-2.858775
00-0039871,11628,Troy Fautanu,LG,Steelers,2024,4.0,2027.0,15.055296,3.763824,15.055296,0.015,4.10599,0.013000000000000001,8.896312,-4.790322
00-0039911,11629,Chop Robinson,ED,Dolphins,2024,4.0,2027.0,14.976228,3.744057,14.976228,0.015,4.084426,0.013000000000000001,8.84959,-4.7651639999999995
00-0039888,11630,Quinyon Mitchell,CB,Eagles,2024,4.0,2027.0,14.818096,3.704524,14.818096,0.015,4.041299,0.013000000000000001,8.756148,-4.714848999999999
00-0039893,11631,Brian Thomas Jr.,WR,Jaguars,2024,4.0,2027.0,14.659978,3.664995,14.659978,0.013999999999999999,3.998176,0.013000000000000001,8.662715,-4.664539
00-0039904,11633,Jordan Morgan,RT,Packers,2024,4.0,2027.0,14.185596,3.546399,14.185596,0.013999999999999999,3.868799,0.012,8.382398,-4.513599
00-0039905,11634,Graham Barton,C,Buccaneers,2024,4.0,2027.0,14.027456,3.506864,14.027456,0.013999999999999999,3.82567,0.012,8.288951,-4.463281
00-0035631,7843,Drew Sample,TE,Bengals,2024,3.0,2026.0,10.5,3.5,2.35,0.013999999999999999,2.85,0.009000000000000001,0.0,2.85
00-0039854,11635,Darius Robinson,IDL,Cardinals,2024,4.0,2027.0,13.869328,3.467332,13.869328,0.013999999999999999,3.782544,0.012,8.195512,-4.412968000000001
00-0039894,11636,Xavier Worthy,WR,Chiefs,2024,4.0,2027.0,13.790264,3.447566,13.790264,0.013000000000000001,3.760981,0.012,8.148792,-4.387811
00-0039341,11637,Tyler Guyton,LT,Cowboys,2024,4.0,2027.0,13.155806,3.288952,13.155806,0.013000000000000001,3.587947,0.011000000000000001,7.773885,-4.185938
00-0039232,11638,Nate Wiggins,CB,Ravens,2024,4.0,2027.0,12.819822,3.204956,12.819822,0.013000000000000001,3.496315,0.011000000000000001,7.575349,-4.079034
00-0036347,8943,Blake Brandel,LT,Vikings,2024,3.0,2026.0,9.5,3.166667,3.1,0.012,4.466668,0.013999999999999999,0.666668,3.8000000000000003
00-0039916,11639,Ricky Pearsall,WR,49ers,2024,4.0,2027.0,12.538398,3.1346,12.538398,0.012,3.419563,0.01,7.409053,-3.98949
00-0039342,11640,Xavier Legette,WR,Panthers,2024,4.0,2027.0,12.357176,3.089294,12.357176,0.012,3.370139,0.011000000000000001,7.301968,-3.9318289999999996
00-0034975,7904,Justice Hill,RB,Ravens,2024,2.0,2025.0,6.0,3.0,4.441176,0.012,3.813727,0.012,0.666668,3.147059
00-0037205,10611,Brenden Schooler,S,Patriots,2024,3.0,2026.0,9.0,3.0,2.6,0.012,2.998529,0.009000000000000001,1.45,1.548529
00-0039901,11641,Keon Coleman,WR,Bills,2024,4.0,2027.0,10.074258,2.518565,9.640495,0.01,2.747525,0.009000000000000001,5.519208,-2.771683
00-0039915,11642,Ladd McConkey,WR,Chargers,2024,4.0,2027.0,9.995186,2.498797,9.185943,0.01,2.72596,0.009000000000000001,5.097004,-2.371044
00-0039733,11643,Ruke Orhorhoro,IDL,ATL/JAX,2024,4.0,2027.0,9.916126,2.479032,8.735167,0.01,1.696466,0.005,2.662706,-0.96624
00-0039906,11644,Jer'Zhan Newton,IDL,Commanders,2024,4.0,2027.0,9.75799,2.439498,8.432355,0.01,2.66127,0.008,4.44045,-1.7791800000000002
00-0039886,11646,T'Vondre Sweat,IDL,NYJ/TEN,2024,4.0,2027.0,9.55244,2.38811,7.926795,0.009000000000000001,1.663404,0.005,2.135365,-0.4719610000000001
00-0039734,11647,Braden Fiske,IDL,Rams,2024,4.0,2027.0,9.410122,2.352531,7.643653,0.009000000000000001,2.566397,0.008,3.794058,-1.2276610000000003
00-0039841,11648,Cooper DeJean,CB,Eagles,2024,4.0,2027.0,9.283622,2.320906,7.469987,0.009000000000000001,2.531897,0.008,3.672142,-1.1402450000000002
00-0039860,11649,Kool-Aid McKinstry,CB,Saints,2024,4.0,2027.0,9.157108,2.289277,7.282112,0.009000000000000001,2.497393,0.008,3.536022,-1.0386289999999998
00-0039343,11650,Kamari Lassiter,CB,Texans,2024,4.0,2027.0,9.0148,2.253698,7.090508,0.009000000000000001,2.458582,0.008,3.402636,-0.9440540000000004
00-0039807,11651,Max Melton,CB,Cardinals,2024,4.0,2027.0,8.888308,2.222077,6.931266,0.009000000000000001,2.424084,0.006999999999999999,3.29514,-0.8710559999999998
00-0039735,11652,Jackson Powers-Johnson,RG,Raiders,2024,4.0,2027.0,8.767762,2.191941,6.777157,0.009000000000000001,2.391208,0.008,3.190346,-0.7991380000000001
00-0039850,11653,Edgerrin Cooper,LB,Packers,2024,4.0,2027.0,8.59892,2.14973,6.568275,0.008,2.34516,0.006999999999999999,3.050535,-0.7053750000000001
00-0039344,11654,Jonathon Brooks,RB,Panthers,2024,4.0,2027.0,8.417082,2.104271,6.240268,0.008,2.295568,0.006999999999999999,1.470756,0.8248119999999999
00-0039861,11655,Tyler Nubin,S,Giants,2024,4.0,2027.0,8.176718,2.04418,5.935968,0.008,2.230014,0.006999999999999999,2.590947,-0.3609329999999997
00-0039889,11656,Maason Smith,IDL,ATL/JAX,2024,4.0,2027.0,8.0186,2.00465,5.703444,0.008,1.523964,0.005,1.097254,0.42671000000000014
00-0039908,11657,Kris Jenkins Jr.,IDL,Bengals,2024,4.0,2027.0,7.860464,1.965116,5.480322,0.008,2.143763,0.006999999999999999,2.264678,-0.1209150000000001
00-0039898,11658,Mike Sainristil,CB,Commanders,2024,4.0,2027.0,7.702336,1.925584,5.258934,0.008,2.100637,0.006,2.107978,-0.007341000000000264
00-0039896,11659,Zach Frazier,C,Steelers,2024,4.0,2027.0,7.544214,1.886054,5.039272,0.006999999999999999,2.057513,0.006,1.953003,0.1045100000000001
00-0039890,11660,Adonai Mitchell,WR,IND/NYJ,2024,4.0,2027.0,7.386086,1.846522,4.817431,0.006999999999999999,1.466462,0.005,0.7,0.766462
00-0039912,11661,Ben Sinnott,TE,Commanders,2024,4.0,2027.0,7.22795,1.806988,4.597851,0.006999999999999999,1.971259,0.006,1.640962,0.33029700000000006
00-0039895,11662,Michael Hall Jr.,IDL,Browns,2024,4.0,2027.0,7.069828,1.767457,4.37941,0.006999999999999999,1.928135,0.006,1.487208,0.44092699999999985
00-0039899,11663,Patrick Paul,LT,Dolphins,2024,4.0,2027.0,6.911696,1.727924,4.163624,0.006999999999999999,1.885008,0.006,1.336112,0.548896
00-0039867,11666,Javon Bullard,S,Packers,2024,4.0,2027.0,6.706132,1.676533,3.735287,0.006999999999999999,1.828945,0.006,0.904378,0.924567
00-0039857,11667,Blake Fisher,RT,Texans,2024,4.0,2027.0,6.595438,1.64886,3.562252,0.006,1.798753,0.006,0.864122,0.9346310000000001
00-0039872,11668,Cole Bishop,S,Bills,2024,4.0,2027.0,6.547996,1.636999,3.469816,0.006,1.785817,0.006,0.79109,0.994727
00-0039862,11669,Ennis Rakestraw,CB,Lions,2024,4.0,2027.0,6.484746,1.621187,3.420941,0.006,1.768567,0.005,0.76809,1.000477
00-0039233,11670,Roger Rosengarten,RT,Ravens,2024,4.0,2027.0,6.437314,1.609329,3.384289,0.006,1.755631,0.006,0.750842,1.004789
00-0039844,11671,Kingsley Suamataia,LG,Chiefs,2024,4.0,2027.0,6.421506,1.605377,3.372071,0.006,1.75132,0.006,0.745092,1.0062280000000001
00-0039345,11672,Renardo Green,CB,49ers,2024,4.0,2027.0,6.389874,1.597469,3.347629,0.006,1.742693,0.005,0.73359,1.009103
00-0039921,11674,Trey Benson,RB,Cardinals,2024,4.0,2027.0,6.059606,1.514902,1.226984,0.006,1.65262,0.005,0.613492,1.0391279999999998
00-0039913,11675,Brandon Coleman,LT,Commanders,2024,4.0,2027.0,6.058224,1.514556,1.22598,0.006,1.652243,0.005,0.61299,1.039253
00-0039863,11676,Caedan Wallace,LT,MIA/NE,2024,4.0,2027.0,6.043304,1.510826,1.215128,0.006,1.344392,0.004,0.0,1.344392
00-0039821,11678,Andru Phillips,CB,Giants,2024,4.0,2027.0,5.995942,1.498986,1.180684,0.006,1.635257,0.005,0.590342,1.044915
00-0039808,11679,Isaiah Adams,LG,Cardinals,2024,4.0,2027.0,5.974778,1.493695,1.165292,0.006,1.629485,0.005,0.582646,1.046839
00-0039347,11680,Trevin Wallace,LB,NYJ/CAR,2024,4.0,2027.0,5.959836,1.489959,1.154424,0.006,1.261804,0.004,0.0,1.261804
00-0039348,11681,Cooper Beebe,C,Cowboys,2024,4.0,2027.0,5.939718,1.48493,1.139796,0.006,1.619923,0.005,0.569898,1.050025
00-0039809,11684,Jonah Elliss,ED,Broncos,2024,4.0,2027.0,5.870714,1.467679,1.089608,0.006,1.601104,0.005,0.544804,1.0563000000000002
00-0039349,11685,Delmar Glaze,RT,Raiders,2024,4.0,2027.0,5.86579,1.466448,1.086028,0.006,1.599761,0.005,0.543014,1.056747
00-0039838,11686,Calen Bullock,S,Texans,2024,4.0,2027.0,5.856998,1.46425,1.079636,0.006,1.597363,0.005,0.539818,1.0575450000000002
00-0031156,3642,Tyler Ott,LS,Commanders,2024,3.0,2026.0,4.39,1.463333,1.61,0.006,1.508334,0.005,0.133334,1.375
00-0039736,11687,Matt Goncalves,LT,Colts,2024,4.0,2027.0,5.839038,1.45976,1.066572,0.006,1.592465,0.005,0.533286,1.0591789999999999
00-0039839,11689,Christian Haynes,RG,Seahawks,2024,4.0,2027.0,5.802764,1.450692,1.040192,0.006,1.582572,0.005,0.520096,1.0624760000000002
00-0039737,11690,Tip Reiman,TE,Cardinals,2024,4.0,2027.0,5.789912,1.447478,1.030844,0.006,1.579067,0.005,0.515422,1.063645
00-0039738,11691,Blake Corum,RB,Rams,2024,4.0,2027.0,5.763762,1.440941,1.011828,0.006,1.571935,0.005,0.505914,1.066021
00-0039739,11692,Roman Wilson,WR,Steelers,2024,4.0,2027.0,5.745168,1.436292,0.998304,0.006,1.566864,0.005,0.499152,1.067712
00-0039350,11693,Zak Zinter,LG,Browns,2024,4.0,2027.0,5.73474,1.433685,0.99072,0.006,1.56402,0.005,0.49536,1.06866
00-0039351,11694,Dominick Puni,RG,49ers,2024,4.0,2027.0,5.700548,1.425137,0.965852,0.006,1.554695,0.005,0.482926,1.071769
00-0039352,11695,Marist Liufau,LB,Cowboys,2024,4.0,2027.0,5.691514,1.422879,0.959284,0.006,1.552231,0.005,0.479642,1.0725889999999998
00-0039811,11696,MarShawn Lloyd,RB,Packers,2024,4.0,2027.0,5.688518,1.42213,0.957104,0.006,1.551414,0.005,0.478552,1.0728620000000002
00-0039846,11697,Tykee Smith,S,Buccaneers,2024,4.0,2027.0,5.687018,1.421755,0.956012,0.006,1.551005,0.005,0.478006,1.072999
00-0039812,11699,Ty'Ron Hopper,LB,Packers,2024,4.0,2027.0,5.678024,1.419506,0.949472,0.006,1.548552,0.005,0.474736,1.0738159999999999
00-0039855,11700,Jalen McMillan,WR,Buccaneers,2024,4.0,2027.0,5.663024,1.415756,0.938564,0.006,1.544461,0.005,0.469282,1.075179
00-0039740,11702,Jalyx Hunt,ED,Eagles,2024,4.0,2027.0,5.633034,1.408259,0.916752,0.006,1.536282,0.005,0.458376,1.077906
00-0039873,11703,DeWayne Carter,IDL,Bills,2024,4.0,2027.0,5.618048,1.404512,0.905852,0.005,1.532195,0.005,0.452926,1.079269
00-0039355,11708,Luke McCaffrey,WR,Commanders,2024,4.0,2027.0,5.596312,1.399078,0.890044,0.005,1.526267,0.005,0.445022,1.081245
00-0039741,11706,Payton Wilson,LB,Steelers,2024,4.0,2027.0,5.596312,1.399078,0.890044,0.005,1.526267,0.005,0.445022,1.081245
00-0039353,11704,Jarrian Jones,CB,Jaguars,2024,4.0,2027.0,5.596312,1.399078,0.890044,0.005,1.526267,0.005,0.445022,1.081245
00-0039834,11707,Kamren Kinchens,S,Rams,2024,4.0,2027.0,5.596312,1.399078,0.890044,0.005,1.526267,0.005,0.445022,1.081245
00-0039356,11709,Ja'Tavion Sanders,TE,Panthers,2024,4.0,2027.0,5.044236,1.261059,0.874236,0.005,1.293559,0.004,0.437118,0.8564409999999999
00-0034051,6431,Christian Kuntz,LS,Steelers,2024,3.0,2026.0,3.765,1.225,0.325,0.005,1.323334,0.004,0.108334,1.215
00-0039868,11710,Troy Franklin,WR,Broncos,2024,4.0,2027.0,4.889836,1.222459,0.854836,0.005,1.288709,0.004,0.427418,0.861291
00-0039864,11712,Dadrion Taylor-Demerson,S,Cardinals,2024,4.0,2027.0,4.866844,1.216711,0.846844,0.005,1.286711,0.004,0.423422,0.863289
00-0039835,11713,Justin Eboigbe,ED,Chargers,2024,4.0,2027.0,4.859012,1.214753,0.839012,0.005,1.284753,0.004,0.419506,0.8652470000000001
00-0039858,11714,Cedric Gray,LB,Titans,2024,4.0,2027.0,4.854492,1.213623,0.834492,0.005,1.283623,0.004,0.417246,0.866377
00-0039847,11715,Theo Johnson,TE,Giants,2024,4.0,2027.0,4.851436,1.212859,0.831436,0.005,1.282859,0.004,0.415718,0.8671409999999999
00-0039859,11717,Brandon Dorlus,IDL,Falcons,2024,4.0,2027.0,4.842396,1.210599,0.822396,0.005,1.280599,0.004,0.411198,0.8694010000000001
00-0039813,11719,Evan Williams,S,Packers,2024,4.0,2027.0,4.82288,1.20572,0.80288,0.005,1.27572,0.004,0.40144,0.87428
00-0039357,11720,Decamerion Richardson,CB,LV/NO,2024,4.0,2027.0,4.821016,1.205254,0.801016,0.005,1.075,0.003,0.0,1.075
00-0039792,11721,Devontez Walker,WR,Ravens,2024,4.0,2027.0,4.817852,1.204463,0.797852,0.005,1.274463,0.004,0.398926,0.8755369999999999
00-0039814,11723,Erick All,TE,Bengals,2024,4.0,2027.0,4.813104,1.203276,0.793104,0.005,1.273276,0.004,0.396552,0.8767240000000001
00-0039744,11725,Tanor Bortolini,C,Colts,2024,4.0,2027.0,4.799872,1.199968,0.779872,0.005,1.269968,0.004,0.389936,0.8800319999999999
00-0039815,11726,Tyrice Knight,LB,Seahawks,2024,4.0,2027.0,4.79256,1.19814,0.77256,0.005,1.26814,0.004,0.38628,0.8818600000000001
00-0039358,11727,Mason McCormick,LG,Steelers,2024,4.0,2027.0,4.784896,1.196224,0.764896,0.005,1.266224,0.004,0.382448,0.883776
00-0039874,11728,Jaylen Wright,RB,Dolphins,2024,4.0,2027.0,4.78002,1.195005,0.76002,0.005,1.265005,0.004,0.38001,0.884995
00-0039793,11729,A.J. Barner,TE,Seahawks,2024,4.0,2027.0,4.775108,1.193777,0.755108,0.005,1.263777,0.004,0.377554,0.886223
00-0039745,11730,Tory Taylor,P,Bears,2024,4.0,2027.0,4.7679,1.191975,0.7479,0.005,1.261975,0.004,0.37395,0.8880250000000001
00-0039359,11731,Cade Stover,TE,Texans,2024,4.0,2027.0,4.758936,1.189734,0.738936,0.005,1.259734,0.004,0.369468,0.8902659999999999
00-0039360,11732,Malik Mustapha,S,49ers,2024,4.0,2027.0,4.758936,1.189734,0.738936,0.005,1.259734,0.004,0.369468,0.8902659999999999
00-0039361,11733,Bucky Irving,RB,Buccaneers,2024,4.0,2027.0,4.751552,1.187888,0.731552,0.005,1.257888,0.004,0.365776,0.8921119999999999
00-0039362,11734,Giovanni Manu,LT,Lions,2024,4.0,2027.0,4.745656,1.186414,0.725656,0.005,0.428914,0.001,0.362828,0.06608600000000003
00-0039746,11735,Will Shipley,RB,Eagles,2024,4.0,2027.0,4.736964,1.184241,0.716964,0.005,1.254241,0.004,0.358482,0.895759
00-0039875,11736,Ray Davis,RB,Bills,2024,4.0,2027.0,4.733188,1.183297,0.713188,0.005,1.253297,0.004,0.356594,0.896703
00-0039363,11737,Isaac Guerendo,RB,49ers,2024,4.0,2027.0,4.724528,1.181132,0.704525,0.005,1.251132,0.004,0.352264,0.8988679999999999
00-0039234,11738,T.J. Tampa,CB,Ravens,2024,4.0,2027.0,4.718456,1.179614,0.698456,0.005,1.249614,0.004,0.349228,0.900386
00-0039824,11739,Jared Wiley,TE,Chiefs,2024,4.0,2027.0,4.70862,1.177155,0.68862,0.005,1.247155,0.004,0.34431,0.902845
00-0039364,11740,Sione Vaki,RB,Lions,2024,4.0,2027.0,4.548708,1.137177,0.528708,0.004,1.207177,0.004,0.264354,0.942823
00-0039794,11742,Braelon Allen,RB,Jets,2024,4.0,2027.0,4.548708,1.137177,0.528708,0.004,1.207177,0.004,0.264354,0.942823
00-0039365,11743,Jacob Cowing,WR,49ers,2024,4.0,2027.0,4.548716,1.137177,0.528708,0.004,1.207177,0.004,0.264354,0.942823
00-0039825,11741,Jaden Hicks,S,Chiefs,2024,4.0,2027.0,4.548708,1.137177,0.528708,0.004,1.207177,0.004,0.264354,0.942823
00-0039795,11744,Nehemiah Pritchett,CB,Seahawks,2024,4.0,2027.0,4.399072,1.099768,0.379072,0.004,1.169768,0.004,0.189536,0.9802319999999999
00-0039366,11745,Tarheeb Still,CB,Chargers,2024,4.0,2027.0,4.39572,1.09893,0.37572,0.004,1.16893,0.004,0.18786,0.98107
00-0039368,11747,Jordan Magee,LB,Commanders,2024,4.0,2027.0,4.391228,1.097807,0.371228,0.004,1.167807,0.004,0.185614,0.9821930000000001
00-0039369,11748,Cam Hart,CB,Chargers,2024,4.0,2027.0,4.383928,1.095982,0.363928,0.004,1.165982,0.004,0.181964,0.9840180000000001
00-0039876,11749,Sedrick Van Pran-Granger,C,BUF/IND,2024,4.0,2027.0,4.375252,1.093813,0.355252,0.004,1.075,0.004,0.0,1.075
00-0039370,11751,J.D. Bertrand,LB,Falcons,2024,4.0,2027.0,4.370024,1.092506,0.350024,0.004,1.162506,0.004,0.175012,0.9874940000000001
00-0039840,11752,Austin Booker,ED,Bears,2024,4.0,2027.0,4.36914,1.092285,0.349136,0.004,1.162285,0.004,0.17457,0.987715
00-0039371,11753,Kris Abrams-Draine,CB,Broncos,2024,4.0,2027.0,4.368272,1.092068,0.348272,0.004,1.162068,0.004,0.174136,0.987932
00-0039372,11754,Jarvis Brownlee,CB,TEN/NYJ,2024,4.0,2027.0,4.362036,1.090509,0.342036,0.004,1.075,0.003,0.0,1.075
00-0039377,11759,Jaylon Carlies,S,Colts,2024,4.0,2027.0,4.36124,1.09031,0.33624,0.004,1.15906,0.004,0.16812,0.9909399999999999
00-0039374,11756,Tommy Eichenberg,LB,Raiders,2024,4.0,2027.0,4.357712,1.089428,0.337712,0.004,1.159428,0.004,0.168856,0.9905719999999999
00-0039375,11757,Josh Newton,CB,Bengals,2024,4.0,2027.0,4.357276,1.089319,0.337276,0.004,1.159319,0.004,0.168638,0.9906809999999999
00-0039376,11758,Spencer Rattler,QB,Saints,2024,4.0,2027.0,4.35648,1.08912,0.33648,0.004,1.15912,0.004,0.16824,0.99088
00-0039836,11762,Brennan Jackson,ED,LV/LAR,2024,4.0,2027.0,4.349368,1.087342,0.329368,0.004,1.075,0.003,0.0,1.075
00-0039826,11763,Jeremiah Trotter Jr.,LB,Eagles,2024,4.0,2027.0,4.348468,1.087117,0.328468,0.004,1.157117,0.004,0.164234,0.992883
00-0039380,11765,Chau Smith-Wade,CB,Panthers,2024,4.0,2027.0,4.343984,1.085996,0.323984,0.004,1.155996,0.004,0.161992,0.994004
00-0039827,11767,Hunter Nourzad,C,Chiefs,2024,4.0,2027.0,4.339516,1.084879,0.319516,0.004,1.154879,0.004,0.159758,0.9951209999999999
00-0039817,11771,Jacob Monk,C,Packers,2024,4.0,2027.0,4.321616,1.080404,0.301616,0.004,1.150404,0.004,0.150808,0.9995959999999999
00-0039796,11773,Rasheen Ali,RB,Ravens,2024,4.0,2027.0,4.309868,1.077467,0.289868,0.004,1.147467,0.004,0.144934,1.0025330000000001
00-0039384,11774,Tyrone Tracy Jr.,RB,Giants,2024,4.0,2027.0,4.306352,1.076588,0.286352,0.004,1.146588,0.004,0.143176,1.003412
00-0039798,11781,Isaiah Davis,RB,Jets,2024,4.0,2027.0,4.274276,1.068569,0.254276,0.004,1.138569,0.004,0.127138,1.011431
00-0039310,11780,Trevor Keegan,LG,DAL/MIN/PHI,2024,4.0,2027.0,4.274276,1.068569,0.254276,0.004,1.075,0.003,0.0,1.075
00-0039879,11776,Javon Solomon,ED,Bills,2024,4.0,2027.0,4.274276,1.068569,0.254276,0.004,1.138569,0.004,0.127138,1.011431
00-0039388,11783,Jaylan Ford,LB,Saints,2024,4.0,2027.0,4.274276,1.068569,0.254276,0.004,1.138569,0.004,0.127138,1.011431
00-0039789,11784,Qwan'Tez Stiggers,CB,Jets,2024,4.0,2027.0,4.274276,1.068569,0.254276,0.004,1.138569,0.004,0.127138,1.011431
00-0039387,11782,Caelen Carson,CB,Cowboys,2024,4.0,2027.0,4.274276,1.068569,0.254276,0.004,1.138569,0.003,0.127138,1.011431
00-0039818,11777,Kitan Oladapo,S,Packers,2024,4.0,2027.0,4.274276,1.068569,0.254276,0.004,1.138569,0.004,0.127138,1.011431
00-0039828,11785,Walter Rouse,LT,MIN/NE,2024,4.0,2027.0,4.246592,1.061648,0.226592,0.004,1.075,0.003,0.0,1.075
00-0039389,11786,Logan Lee,IDL,Steelers,2024,4.0,2027.0,4.240072,1.060018,0.220072,0.004,1.130018,0.004,0.110036,1.019982
00-0039390,11788,Marcellas Dial,CB,MIA/NE,2024,4.0,2027.0,4.232128,1.058032,0.212128,0.004,1.075,0.003,0.0,1.075
00-0039829,11791,Darius Muasau,LB,NYG/NE,2024,4.0,2027.0,4.220912,1.055228,0.200912,0.004,1.075,0.003,0.0,1.075
00-0039880,11792,Malik Washington,WR,Dolphins,2024,4.0,2027.0,4.21956,1.05489,0.19956,0.004,1.12489,0.004,0.09978,1.02511
00-0039236,11793,Johnny Wilson,WR,Eagles,2024,4.0,2027.0,4.217008,1.054252,0.197008,0.004,0.589252,0.002,0.098504,0.490748
00-0039396,11797,Mekhi Wingo,IDL,Lions,2024,4.0,2027.0,4.2068,1.0517,0.1868,0.004,1.1217,0.003,0.0934,1.0283
00-0039749,11804,Tyler Davis,IDL,Rams,2024,4.0,2027.0,4.202552,1.050638,0.182552,0.004,1.120638,0.004,0.091276,1.029362
00-0039401,11807,Khristian Boyd,IDL,Saints,2024,4.0,2027.0,4.198828,1.049707,0.178828,0.004,1.119707,0.004,0.089414,1.030293
00-0039819,11810,Travis Glover,LT,Packers,2024,4.0,2027.0,4.19138,1.047845,0.17138,0.004,1.117845,0.004,0.08569,1.032155
00-0039404,11811,Will Reichard,K,Vikings,2024,4.0,2027.0,4.19062,1.047655,0.17062,0.004,1.117655,0.004,0.08531,1.032345
00-0039882,11812,Tylan Grable,LT,Bills,2024,4.0,2027.0,4.189912,1.047478,0.169912,0.004,1.117478,0.004,0.084956,1.032522
00-0039842,11815,Mike Jerrell,RT,ATL/SEA,2024,4.0,2027.0,4.18006,1.045015,0.16006,0.004,1.075,0.004,0.0,1.075
00-0039407,11816,Dylan Laube,RB,Raiders,2024,4.0,2027.0,4.175192,1.043798,0.155192,0.004,1.113798,0.004,0.077596,1.036202
00-0039751,11821,Jordan Whittington,WR,Rams,2024,4.0,2027.0,4.158388,1.039597,0.138388,0.004,1.109597,0.004,0.069194,1.040403
00-0039753,11825,Beaux Limmer,C,Rams,2024,4.0,2027.0,4.158388,1.039597,0.138388,0.004,1.109597,0.004,0.069194,1.040403
00-0039408,11818,Christian Mahogany,RG,Lions,2024,4.0,2027.0,4.158388,1.039597,0.138388,0.004,1.109597,0.003,0.069194,1.040403
00-0039752,11822,Cedric Johnson,ED,Bengals,2024,4.0,2027.0,4.158388,1.039597,0.138388,0.004,1.109597,0.003,0.069194,1.040403
00-0039409,11820,Cam Little,K,Jaguars,2024,4.0,2027.0,4.158388,1.039597,0.138388,0.004,1.109597,0.004,0.069194,1.040403
00-0039412,11830,Javontae Jean-Baptiste,ED,Commanders,2024,4.0,2027.0,4.141188,1.035297,0.121188,0.004,1.105297,0.003,0.060594,1.044703
00-0039417,11835,Myles Harden,CB,Browns,2024,4.0,2027.0,4.130332,1.032583,0.110332,0.004,1.102583,0.003,0.055166,1.047417
00-0039419,11838,Michael Jurgens,C,Vikings,2024,4.0,2027.0,4.12874,1.032185,0.10874,0.004,1.102185,0.004,0.05437,1.047815
00-0039421,11840,Levi Drake Rodriguez,IDL,Vikings,2024,4.0,2027.0,4.125988,1.031497,0.105988,0.004,1.101497,0.004,0.052994,1.048503
00-0039422,11841,Nathan Thomas,LT,HOU/DAL,2024,4.0,2027.0,4.125972,1.031493,0.105972,0.004,1.005,0.003,0.0,1.005
00-0039423,11842,Jonah Laulu,IDL,LV/IND,2024,4.0,2027.0,4.12452,1.03113,0.10452,0.004,1.075,0.003,0.0,1.075
00-0039424,11843,DeVaughn Vele,WR,NO/DEN,2024,4.0,2027.0,4.12448,1.03112,0.10448,0.004,1.075,0.003,0.0,1.075
00-0039430,11850,James Williams,LB,Titans,2024,4.0,2027.0,4.109492,1.027373,0.089492,0.004,1.097373,0.003,0.044746,1.052627
00-0039435,11859,Tatum Bethune,LB,49ers,2024,4.0,2027.0,4.101808,1.025452,0.081808,0.004,1.095452,0.003,0.040904,1.054548
00-0039436,11860,Jaylen Harrell,ED,Titans,2024,4.0,2027.0,4.100736,1.025184,0.080736,0.004,1.095184,0.003,0.040368,1.054816
00-0039772,12070,Josh Wallace,CB,Rams,2024,3.0,2026.0,2.89,0.963333,0.06,0.004,1.095,0.003,0.02,1.075
00-0039578,11948,Dalton Tucker,RG,Colts,2024,3.0,2026.0,2.87,0.956667,0.24,0.004,1.088334,0.004,0.013334,1.075
00-0039568,11993,Frank Crum,RT,Broncos,2024,3.0,2026.0,2.855,0.951667,0.275,0.004,0.573334,0.002,0.008334,0.5650000000000001
00-0039284,11900,Braiden McGregor,ED,Jets,2024,3.0,2026.0,2.85,0.95,0.22,0.004,1.081668,0.003,0.006668,1.0750000000000002
00-0039481,12194,Storm Duck,CB,Dolphins,2024,3.0,2026.0,2.85,0.95,0.17,0.004,1.081668,0.004,0.006668,1.0750000000000002
00-0039681,12224,Tyler Owens,S,Commanders,2024,3.0,2026.0,2.85,0.95,0.245,0.004,1.081668,0.003,0.006668,1.0750000000000002
00-0039603,12269,British Brooks,RB,Texans,2024,3.0,2026.0,2.845,0.948333,0.24,0.004,0.655,0.002,0.005,0.65
00-0039485,11880,Andrew Meyer,C,Dolphins,2024,3.0,2026.0,2.845,0.948333,0.09,0.004,1.01,0.003,0.005,1.0050000000000001
00-0039620,12167,Rico Payton,CB,Giants,2024,3.0,2026.0,2.845,0.948333,0.045,0.004,1.075,0.004,0.0,1.075
00-0039776,12049,Jaylen McCollough,S,Rams,2024,3.0,2026.0,2.845,0.948333,0.015,0.004,1.08,0.003,0.005,1.0750000000000002
00-0039686,11940,Colson Yankoff,RB,Commanders,2024,3.0,2026.0,2.84,0.946667,0.05,0.004,1.078334,0.003,0.003334,1.075
00-0039589,12082,Kameron Johnson,WR,Buccaneers,2024,3.0,2026.0,2.84,0.946667,0.01,0.004,1.078334,0.003,0.003334,1.075
00-0039623,12118,Mason Tipton,WR,Saints,2024,3.0,2026.0,2.84,0.946667,0.11,0.004,1.078334,0.003,0.003334,1.075
00-0039660,12204,Thomas Harper,CB,Lions,2024,3.0,2026.0,2.84,0.946667,0.03,0.004,1.075,0.003,0.0,1.075
00-0039774,12148,Omar Speights,LB,Rams,2024,3.0,2026.0,2.839,0.946333,0.009,0.004,1.078,0.003,0.003,1.0750000000000002
00-0039692,11961,Dell Pettus,S,Patriots,2024,3.0,2026.0,2.839,0.946333,0.009,0.004,0.624667,0.002,0.003,0.621667
00-0039648,11954,David Martin-Robinson,TE,Titans,2024,3.0,2026.0,2.8375,0.945833,0.0175,0.004,1.0775,0.003,0.0025,1.075
00-0039324,11932,Christian Roland-Wallace,CB,Chiefs,2024,3.0,2026.0,2.835,0.945,0.155,0.004,1.076668,0.004,0.001668,1.075
00-0039445,12273,Hogan Hatten,LS,Lions,2024,3.0,2026.0,2.831,0.943667,0.001,0.004,1.075334,0.003,0.000334,1.075
00-0039926,12317,Jalen Sundell,LT,Seahawks,2024,3.0,2026.0,2.83,0.943333,0.0,0.004,1.075,0.003,0.0,1.075
00-0036442,8741,Joe Burrow,QB,Bengals,2023,5.0,2027.0,275.0,55.0,146.51,0.245,37.599784,0.11800000000000001,59.049568,-21.449784
00-0036355,8746,Justin Herbert,QB,Chargers,2023,5.0,2027.0,262.5,52.5,133.738375,0.23399999999999999,46.345675,0.152,66.44875,-20.103075000000004
00-0034796,6917,Lamar Jackson,QB,Ravens,2023,5.0,2027.0,260.0,52.0,135.0,0.231,34.39,0.109,79.95,-45.56
00-0036389,8793,Jalen Hurts,QB,Eagles,2023,5.0,2027.0,255.0,51.0,110.0,0.22699999999999998,31.9718,0.10099999999999999,82.8176,-50.8458
00-0035717,7793,Nick Bosa,ED,49ers,2023,5.0,2027.0,170.0,34.0,88.0,0.151,22.990988,0.068,40.540767,-17.549779
00-0035647,7817,Montez Sweat,ED,Bears,2023,4.0,2026.0,98.0,24.5,41.965,0.109,25.085294,0.081,18.170589,6.914705000000001
00-0036386,8744,Andrew Thomas,LT,Giants,2023,5.0,2027.0,117.5,23.5,67.0,0.105,13.031956,0.043,43.219,-30.187044
00-0034333,6898,Daron Payne,IDL,Commanders,2023,4.0,2026.0,90.0,22.5,46.01,0.1,27.95,0.085,16.2,11.75
00-0035630,7805,Chris Lindstrom,RG,Falcons,2023,5.0,2027.0,102.5,20.5,48.202,0.091,14.49,0.048,42.45,-27.96
00-0034874,6893,Roquan Smith,LB,Ravens,2023,5.0,2027.0,100.0,20.0,45.0,0.08900000000000001,32.71875,0.10400000000000001,23.4375,9.28125
00-0034847,6894,Mike McGlinchey,RT,Broncos,2023,5.0,2027.0,87.5,17.5,35.0,0.078,23.775,0.078,15.325,8.45
00-0035230,7800,Ed Oliver,IDL,Bills,2023,4.0,2026.0,68.0,17.0,24.528,0.076,13.66,0.045,28.16,-14.5
00-0036333,8842,Alex Highsmith,ED,Steelers,2023,4.0,2026.0,68.0,17.0,17.01,0.076,20.102,0.063,11.204,8.898
00-0034675,6939,Jessie Bates III,S,Falcons,2023,4.0,2026.0,64.02,16.005,36.0,0.071,24.77,0.081,19.25,5.52
00-0035402,8353,Carl Granderson,ED,Saints,2023,4.0,2026.0,52.0,13.0,22.13,0.057999999999999996,9.4745,0.03,26.498,-17.0235
00-0036290,8783,Cole Kmet,TE,Bears,2023,4.0,2026.0,50.0,12.5,22.893,0.055999999999999994,7.775,0.025,10.85,-3.0749999999999993
00-0036262,8813,Davon Hamilton,IDL,Jaguars,2023,3.0,2025.0,34.5,11.5,20.0,0.051,12.4488,0.04,6.0552,6.3936
00-0036408,8764,Cesar Ruiz,RG,Saints,2023,4.0,2026.0,44.0,11.0,18.188981,0.049,7.98225,0.025,22.469,-14.48675
00-0039150,10825,Bryce Young,QB,Panthers,2023,4.0,2026.0,37.955074,9.488769,37.955074,0.042,12.076615,0.039,37.980615,-25.904
00-0039163,10826,C.J. Stroud,QB,Texans,2023,4.0,2026.0,36.279244,9.069811,36.279244,0.04,11.543396,0.037000000000000005,37.447397,-25.904001
00-0039164,10828,Anthony Richardson,QB,Colts,2023,4.0,2026.0,33.99403,8.498508,33.99403,0.038,10.816282,0.036000000000000004,10.816282,0.0
00-0038540,10830,Paris Johnson Jr.,RT,Cardinals,2023,4.0,2026.0,28.05246,7.013115,28.05246,0.031,8.925783,0.027000000000000003,27.997783,-19.072
00-0038541,10831,Tyree Wilson,ED,LV/NO,2023,4.0,2026.0,25.0055,6.251375,25.0055,0.027999999999999997,4.159842,0.013000000000000001,4.159842,0.0
00-0031492,4628,Jason Myers,K,Seahawks,2023,4.0,2026.0,21.1,5.275,8.665,0.023,7.225,0.023,1.875,5.35
00-0039112,10837,Lukas Van Ness,ED,Packers,2023,4.0,2026.0,17.388096,4.347024,17.388096,0.019,5.532576,0.018000000000000002,19.284576,-13.752000000000002
00-0039109,10838,Broderick Jones,LT,PIT/DAL,2023,4.0,2026.0,16.626364,4.156591,16.626364,0.018000000000000002,1.571232,0.005,1.571232,0.0
00-0032701,5134,Jake Brendel,C,49ers,2023,4.0,2026.0,16.5,4.125,5.0,0.018000000000000002,3.14,0.009000000000000001,6.218,-3.078
00-0039142,10839,Will McDonald IV,ED,Jets,2023,4.0,2026.0,16.321664,4.080416,16.321664,0.018000000000000002,5.193257,0.016,18.945257,-13.752000000000002
00-0031203,3785,Cairo Santos,K,Bears,2023,4.0,2026.0,15.6,3.9,3.383333,0.017,3.76,0.012,1.12,2.6399999999999997
00-0039151,10840,Emmanuel Forbes,CB,WAS/LAR,2023,4.0,2026.0,15.407568,3.851892,15.407568,0.017,2.851032,0.009000000000000001,2.851032,0.0
00-0039063,10843,Calijah Kancey,IDL,Buccaneers,2023,4.0,2026.0,14.493472,3.623368,14.493472,0.016,4.611559,0.015,19.086559,-14.475000000000001
00-0038544,10845,Quentin Johnston,WR,Chargers,2023,4.0,2026.0,14.188786,3.547197,14.188786,0.016,4.514614,0.015,22.514614,-18.0
00-0038994,10847,Jordan Addison,WR,Vikings,2023,4.0,2026.0,13.731736,3.432934,13.731736,0.015,4.296411,0.013999999999999999,22.296411,-18.0
00-0039000,10848,Deonte Banks,CB,Giants,2023,4.0,2026.0,13.579404,3.394851,13.579404,0.015,4.32072,0.013999999999999999,4.32072,0.0
00-0038933,10849,Dalton Kincaid,TE,Bills,2023,4.0,2026.0,13.42704,3.35676,13.42704,0.015,4.27224,0.013999999999999999,12.43424,-8.162
00-0038934,10851,Anton Harrison,RT,Jaguars,2023,4.0,2026.0,13.198522,3.299631,13.198522,0.015,4.19953,0.013999999999999999,23.27153,-19.072
00-0038546,10852,Myles Murphy,ED,Bengals,2023,4.0,2026.0,12.587256,3.146814,12.587256,0.013999999999999999,4.005036,0.013000000000000001,4.005036,0.0
00-0038995,10853,Bryan Bresee,IDL,Saints,2023,4.0,2026.0,12.263552,3.065888,12.263552,0.013999999999999999,3.902039,0.012,17.833039,-13.931
00-0039013,10854,Nolan Smith,ED,Eagles,2023,4.0,2026.0,11.992416,2.998104,11.992416,0.013000000000000001,2.823505,0.009000000000000001,17.567769,-14.744263999999998
00-0039006,10855,Felix Anudike-Uzomah,ED,Chiefs,2023,4.0,2026.0,11.81782,2.954455,11.81782,0.013000000000000001,3.760216,0.012,3.760216,0.0
00-0039167,10856,Joey Porter Jr.,CB,DAL/PIT,2023,4.0,2026.0,9.618348,2.404587,8.99987,0.011000000000000001,3.27,0.01,1.443116,1.826884
00-0039065,10858,Sam LaPorta,TE,Lions,2023,4.0,2026.0,9.465998,2.3665,7.825179,0.011000000000000001,6.73809,0.021,1.37909,5.359
00-0039058,10860,Steve Avila,LG,Rams,2023,4.0,2026.0,9.252708,2.313177,7.442147,0.01,4.60631,0.015,1.133483,3.4728269999999997
00-0039144,10866,Luke Musgrave,TE,Packers,2023,4.0,2026.0,8.475742,2.118936,6.348437,0.009000000000000001,2.696827,0.009000000000000001,0.791044,1.905783
00-0039156,10868,Julius Brents,CB,IND/MIA,2023,4.0,2026.0,8.196936,2.049234,5.975996,0.009000000000000001,1.233552,0.004,0.79276,0.44079199999999996
00-0039141,10869,Brian Branch,S,Lions,2023,4.0,2026.0,8.021742,2.005436,5.623617,0.009000000000000001,6.475498,0.02,0.708498,5.767
00-0039148,10870,Keion White,ED,SF/NE,2023,4.0,2026.0,7.79017,1.947543,5.321683,0.009000000000000001,1.812297,0.005,0.0,1.812297
00-0039149,10871,Quan Martin,S,Commanders,2023,4.0,2026.0,7.637824,1.909456,5.111995,0.008,4.312695,0.013000000000000001,0.638695,3.6739999999999995
00-0039157,10872,Cody Mauch,RT,Buccaneers,2023,4.0,2026.0,7.48547,1.871368,4.61324,0.008,4.284994,0.013999999999999999,0.610994,3.6740000000000004
00-0039165,10876,Zach Charbonnet,RB,Seahawks,2023,4.0,2026.0,6.876078,1.71902,3.813333,0.008,2.187843,0.006999999999999999,0.500196,1.6876470000000001
00-0039111,10878,Tuli Tuipulotu,ED,Chargers,2023,4.0,2026.0,6.571382,1.642846,3.577887,0.006999999999999999,6.211797,0.02,0.444797,5.7669999999999995
00-0039067,10879,Rashee Rice,WR,Chiefs,2023,4.0,2026.0,6.495218,1.623805,3.519033,0.006999999999999999,2.06666,0.006999999999999999,0.430949,1.6357110000000001
00-0032753,5036,Luke Rhodes,LS,Colts,2023,4.0,2026.0,6.465,1.61625,2.5,0.006999999999999999,1.605,0.005,0.44,1.165
00-0039071,10880,Tyrique Stevenson,CB,Bears,2023,4.0,2026.0,6.449502,1.612376,3.483707,0.006999999999999999,4.096637,0.013000000000000001,0.422637,3.6740000000000004
00-0039019,10881,John Michael Schmitz,C,Giants,2023,4.0,2026.0,6.373334,1.593334,3.424849,0.006999999999999999,4.332788,0.013999999999999999,0.408788,3.924
00-0033063,5447,Zach Wood,LS,Saints,2023,4.0,2026.0,6.31,1.5775,2.3,0.006999999999999999,1.6,0.005,0.4,1.2000000000000002
00-0038547,10882,Luke Schoonmaker,TE,Cowboys,2023,4.0,2026.0,6.266678,1.56667,3.342433,0.006999999999999999,1.993943,0.006,0.389396,1.604547
00-0038549,10884,D.J. Turner,CB,Bengals,2023,4.0,2026.0,6.16004,1.54001,3.26003,0.006999999999999999,4.044007,0.013000000000000001,0.370007,3.6739999999999995
00-0038936,10886,Juice Scruggs,C,DET/HOU,2023,4.0,2026.0,6.099108,1.524777,3.212948,0.006999999999999999,1.581696,0.005,0.0,1.581696
00-0038976,10887,Marvin Mims,WR,Broncos,2023,4.0,2026.0,6.068634,1.517159,3.189399,0.006999999999999999,6.120388,0.02,0.353388,5.767
00-0033260,5980,Thomas Hennessy,LS,Jets,2023,4.0,2026.0,5.97,1.4925,1.955,0.006999999999999999,1.475,0.005,0.35,1.125
00-0039001,10889,Tyler Steen,RT,Eagles,2023,4.0,2026.0,5.75044,1.43761,1.182136,0.006,3.969534,0.013000000000000001,0.295534,3.674
00-0039002,10890,Sydney Brown,S,PHI/ATL,2023,4.0,2026.0,5.749106,1.437277,1.181168,0.006,1.533969,0.005,0.0,1.533969
00-0038978,10894,Byron Young,IDL,LV/PHI,2023,4.0,2026.0,5.66871,1.417178,1.122696,0.006,1.523007,0.005,0.0,1.523007
00-0038551,10895,Kendre Miller,RB,Saints,2023,4.0,2026.0,5.654312,1.413578,1.112228,0.006,1.799099,0.006,0.278057,1.521042
00-0039007,10896,Garrett Williams,CB,Cardinals,2023,4.0,2026.0,5.63493,1.408733,1.098132,0.006,3.948533,0.012,0.274533,3.674
00-0039137,10901,Byron Young,ED,Rams,2023,4.0,2026.0,5.555238,1.38881,1.040172,0.006,6.027043,0.019,0.260043,5.7669999999999995
00-0038997,10903,Josh Downs,WR,Colts,2023,4.0,2026.0,5.520456,1.380114,1.014876,0.006,4.177719,0.013999999999999999,0.253719,3.924
00-0039032,10905,Tyjae Spears,RB,Titans,2023,4.0,2026.0,5.490602,1.372651,0.993164,0.006,3.922291,0.011000000000000001,0.248291,3.674
00-0039068,10906,YaYa Diaby,ED,Buccaneers,2023,4.0,2026.0,5.465412,1.366353,0.974844,0.006,3.917711,0.012,0.243711,3.6740000000000004
00-0038552,10907,Riley Moss,CB,Broncos,2023,4.0,2026.0,5.44749,1.361873,0.961812,0.006,3.914453,0.013000000000000001,0.240453,3.674
00-0038553,10909,Daiyan Henley,LB,Chargers,2023,4.0,2026.0,5.420426,1.355107,0.942128,0.006,3.909532,0.013000000000000001,0.235532,3.674
00-0038504,10910,Trenton Simpson,LB,Ravens,2023,4.0,2026.0,5.404502,1.351126,0.930548,0.006,3.906637,0.012,0.232637,3.674
00-0038554,10911,Ji'Ayir Brown,S,49ers,2023,4.0,2026.0,5.395804,1.348951,0.92422,0.006,3.905055,0.011000000000000001,0.231055,3.674
00-0038555,10912,Tank Bigsby,RB,JAX/PHI,2023,4.0,2026.0,5.392918,1.34823,0.92212,0.006,1.485399,0.005,0.0,1.485399
00-0039138,10913,Kobie Turner,IDL,Rams,2023,4.0,2026.0,5.39147,1.347868,0.921068,0.006,4.154267,0.013000000000000001,0.230267,3.924
00-0038556,10914,DeMarvion Overshown,LB,Cowboys,2023,4.0,2026.0,5.390022,1.347506,0.920016,0.006,1.715007,0.005,0.230004,1.4850029999999999
00-0038557,10915,Dorian Williams,LB,Bills,2023,4.0,2026.0,5.382806,1.345702,0.914768,0.006,3.902692,0.013000000000000001,0.228692,3.674
00-0038560,10919,Jordan Battle,S,Bengals,2023,4.0,2026.0,5.325016,1.331254,0.87274,0.006,3.892185,0.012,0.218185,3.674
00-0038563,10924,Tre Tucker,WR,Raiders,2023,4.0,2026.0,5.304082,1.326021,0.857512,0.006,3.888378,0.012,0.214378,3.674
00-0038566,10927,Nick Saldiveri,LG,Saints,2023,4.0,2026.0,4.74528,1.18632,0.84228,0.005,1.35557,0.004,0.21057,1.145
00-0039072,10928,Jakorian Bennett,CB,LV/PHI,2023,4.0,2026.0,4.663588,1.165897,0.823588,0.005,1.145,0.004,0.0,1.145
00-0039140,10929,Kelee Ringo,CB,Eagles,2023,4.0,2026.0,4.660928,1.165232,0.820928,0.005,1.350232,0.004,0.205232,1.145
00-0039030,10931,Jake Andrews,C,HOU/NE,2023,4.0,2026.0,4.648344,1.162086,0.808344,0.005,3.674,0.012,0.0,3.674
00-0039020,10932,Anthony Bradford,RG,Seahawks,2023,4.0,2026.0,4.643988,1.160997,0.803988,0.005,3.874997,0.012,0.200997,3.674
00-0039009,10933,Dylan Horton,ED,Texans,2023,4.0,2026.0,4.641044,1.160261,0.801044,0.005,1.345261,0.004,0.200261,1.145
00-0039031,10934,Adetomiwa Adebawore,ED,Colts,2023,4.0,2026.0,4.636912,1.159228,0.796912,0.005,1.344228,0.004,0.199228,1.145
00-0039021,10939,Roschon Johnson,RB,Bears,2023,4.0,2026.0,4.608688,1.152172,0.768688,0.005,1.337172,0.004,0.192172,1.145
00-0038387,10940,Colby Wooden,IDL,IND/GB/NO,2023,4.0,2026.0,4.607928,1.151982,0.767928,0.005,1.145,0.004,0.0,1.145
00-0038982,10943,Chamarri Conner,S,Chiefs,2023,4.0,2026.0,4.591364,1.147841,0.751364,0.005,3.861841,0.013000000000000001,0.187841,3.674
00-0038570,10945,Ventrell Miller,LB,Jaguars,2023,4.0,2026.0,4.576936,1.144234,0.736936,0.005,1.329234,0.004,0.184234,1.145
00-0038571,10946,Jon Gaines,LG,Cardinals,2023,4.0,2026.0,4.57224,1.14306,0.73224,0.005,1.32806,0.004,0.18306,1.145
00-0038505,10948,Tavius Robinson,ED,Ravens,2023,4.0,2026.0,4.560564,1.140141,0.720564,0.005,3.854141,0.012,0.180141,3.674
00-0038573,10949,Derius Davis,WR,Chargers,2023,4.0,2026.0,4.551928,1.137982,0.711928,0.005,1.322982,0.004,0.177982,1.145
00-0038574,10950,Isaiah McGuire,ED,Browns,2023,4.0,2026.0,4.551928,1.137982,0.711928,0.005,3.851982,0.011000000000000001,0.177982,3.674
00-0039107,10952,Stetson Bennett,QB,Rams,2023,4.0,2026.0,4.539132,1.134783,0.699132,0.005,1.319783,0.004,0.174783,1.145
00-0038940,10954,Tyler Lacy,IDL,JAX/DET,2023,4.0,2026.0,4.52712,1.13178,0.68712,0.005,1.145,0.004,0.0,1.145
00-0038578,10958,Jay Ward,S,Vikings,2023,4.0,2026.0,4.493544,1.123386,0.653544,0.005,1.308386,0.004,0.163386,1.145
00-0038579,10959,Aidan O'Connell,QB,Raiders,2023,4.0,2026.0,4.34938,1.087345,0.50938,0.005,3.801345,0.012,0.127345,3.674
00-0038580,10960,Yasir Abdullah,LB,JAX/ATL,2023,4.0,2026.0,4.205216,1.051304,0.365216,0.005,1.145,0.004,0.0,1.145
00-0038588,10970,Jordan Howden,S,Saints,2023,4.0,2026.0,4.166728,1.041682,0.326728,0.005,3.755682,0.012,0.081682,3.6740000000000004
00-0038390,10972,Noah Sewell,LB,Bears,2023,4.0,2026.0,4.164948,1.041237,0.324948,0.005,1.226237,0.004,0.081237,1.145
00-0038591,10975,Mike Morris,ED,Seahawks,2023,4.0,2026.0,4.162076,1.040519,0.322076,0.005,1.225519,0.004,0.080519,1.145
00-0039049,10977,SirVocea Dennis,LB,Buccaneers,2023,4.0,2026.0,4.157328,1.039332,0.317328,0.005,1.224332,0.004,0.079332,1.145
00-0038593,10978,Olusegun Oluwatimi,C,Seahawks,2023,4.0,2026.0,4.15646,1.039115,0.31646,0.005,1.224115,0.004,0.079115,1.145
00-0038594,10979,Darrell Luter Jr.,CB,SF/LV,2023,4.0,2026.0,4.153512,1.038378,0.313512,0.005,1.145,0.004,0.0,1.145
00-0038596,10984,Antonio Johnson,S,Jaguars,2023,4.0,2026.0,4.141832,1.035458,0.301832,0.005,3.749458,0.012,0.075458,3.6740000000000004
00-0038394,10986,Will Mallory,TE,Colts,2023,4.0,2026.0,4.130592,1.032648,0.290592,0.005,1.217648,0.004,0.072648,1.145
00-0038597,10987,Chase Brown,RB,Bengals,2023,4.0,2026.0,4.126156,1.031539,0.286156,0.005,3.745539,0.012,0.071539,3.674
00-0039075,11001,Puka Nacua,WR,Rams,2023,4.0,2026.0,4.08498,1.021245,0.24498,0.005,5.828245,0.019,0.061245,5.7669999999999995
00-0039050,10995,Payne Durham,TE,Buccaneers,2023,4.0,2026.0,4.08498,1.021245,0.24498,0.005,1.206245,0.004,0.061245,1.145
00-0039074,10999,Davis Allen,TE,Rams,2023,4.0,2026.0,4.08498,1.021245,0.24498,0.005,1.206245,0.004,0.061245,1.145
00-0039077,10998,Warren McClendon,LT,Rams,2023,4.0,2026.0,4.08498,1.021245,0.24498,0.005,1.206245,0.004,0.061245,1.145
00-0038601,10993,Asim Richards,LG,NO/DAL,2023,4.0,2026.0,4.08498,1.021245,0.24498,0.005,1.145,0.004,0.0,1.145
00-0038398,11003,Karl Brooks,IDL,Packers,2023,4.0,2026.0,4.052028,1.013007,0.212028,0.005,3.727007,0.012,0.053007,3.674
00-0038984,11004,Kei'Trel Clark,CB,Cardinals,2023,4.0,2026.0,4.0486,1.01215,0.2086,0.005,1.19715,0.004,0.05215,1.145
00-0039051,11005,Josh Hayes,S,Buccaneers,2023,4.0,2026.0,4.044376,1.011094,0.204376,0.004,1.196094,0.004,0.051094,1.145
00-0038605,11007,J.L. Skinner,S,Broncos,2023,4.0,2026.0,4.036224,1.009056,0.196224,0.004,1.194056,0.004,0.049056,1.145
00-0038606,11009,Parker Washington,WR,Jaguars,2023,4.0,2026.0,4.032264,1.008066,0.192264,0.004,3.722066,0.012,0.048066,3.674
00-0038608,11011,Kayshon Boutte,WR,NE/HOU,2023,4.0,2026.0,4.027264,1.006816,0.187264,0.004,3.674,0.012,0.0,3.674
00-0038400,11012,Tanner McKee,QB,Eagles,2023,4.0,2026.0,4.02652,1.00663,0.18652,0.004,1.19163,0.004,0.04663,1.145
00-0038609,11014,Luke Wypler,RG,Browns,2023,4.0,2026.0,4.019972,1.004993,0.179972,0.004,1.189993,0.004,0.044993,1.145
00-0038610,11016,Bryce Baringer,P,Patriots,2023,4.0,2026.0,4.018456,1.004614,0.178456,0.004,1.189614,0.003,0.044614,1.145
00-0039041,11021,Elijah Higgins,WR,MIA/ARI,2023,4.0,2026.0,4.01588,1.00397,0.17588,0.004,3.674,0.011000000000000001,0.0,3.674
00-0038614,11024,Scott Matlock,IDL,Chargers,2023,4.0,2026.0,4.012292,1.003073,0.172292,0.004,1.188073,0.004,0.043073,1.145
00-0038618,11029,Xavier Hutchinson,WR,Texans,2023,4.0,2026.0,4.0037,1.000925,0.1637,0.004,3.714925,0.012,0.040925,3.674
00-0038619,11030,Andrei Iosivas,WR,Bengals,2023,4.0,2026.0,3.999392,0.999848,0.159392,0.004,3.713848,0.012,0.039848,3.674
00-0038621,11034,Demario Douglas,WR,Patriots,2023,4.0,2026.0,3.973332,0.993333,0.133332,0.004,3.707333,0.011000000000000001,0.033333,3.6740000000000004
00-0038623,11037,Dante Stills,IDL,Cardinals,2023,4.0,2026.0,3.973332,0.993333,0.133332,0.004,3.707333,0.011000000000000001,0.033333,3.6740000000000004
00-0038625,11040,Dee Winters,LB,DAL/SF,2023,4.0,2026.0,3.973332,0.993333,0.133332,0.004,3.674,0.011000000000000001,0.0,3.674
00-0039059,11047,Ethan Evans,P,Rams,2023,4.0,2026.0,3.948,0.987,0.108,0.004,1.172,0.004,0.027,1.145
00-0038628,11048,DeMarcco Hellams,S,Falcons,2023,4.0,2026.0,3.9463,0.986575,0.1063,0.004,1.171575,0.004,0.026575,1.145
00-0038408,11056,Carrington Valentine,CB,Packers,2023,4.0,2026.0,3.94066,0.985165,0.10066,0.004,3.699165,0.012,0.025165,3.674
00-0038642,11070,D.J. Ivey,CB,Bengals,2023,4.0,2026.0,3.920656,0.980164,0.080656,0.004,1.165164,0.004,0.020164,1.145
00-0038649,11081,Alex Forsyth,C,Broncos,2023,4.0,2026.0,3.917784,0.979446,0.077784,0.004,1.164446,0.004,0.019446,1.145
00-0038645,11075,Spencer Anderson,RG,Steelers,2023,4.0,2026.0,3.917784,0.979446,0.077784,0.004,1.164446,0.004,0.019446,1.145
00-0038412,11073,Moro Ojomo,IDL,Eagles,2023,4.0,2026.0,3.917784,0.979446,0.077784,0.004,3.693446,0.012,0.019446,3.674
00-0039061,11083,Desjuan Johnson,ED,Rams,2023,4.0,2026.0,3.917784,0.979446,0.077784,0.004,1.164446,0.004,0.019446,1.145
00-0033537,5596,Deshaun Watson,QB,Browns,2022,5.0,2026.0,230.0,46.0,230.0,0.221,40.959128,0.121,127.165992,-86.206864
00-0034342,6891,Quenton Nelson,LG,Colts,2022,4.0,2025.0,80.0,20.0,41.0,0.096,24.2,0.08,8.2,16.0
00-0035242,7839,Erik McCoy,C,Saints,2022,5.0,2026.0,60.0,12.0,20.09,0.057999999999999996,10.321,0.033,27.829,-17.508000000000003
00-0037611,10050,Kayvon Thibodeaux,ED,Giants,2022,4.0,2025.0,31.33904,7.83476,31.33904,0.038,14.751,0.049,14.751,0.0
00-0037229,10051,Ikem Ekwonu,LT,Panthers,2022,4.0,2025.0,27.56805,6.892013,27.56805,0.033,17.56,0.055999999999999994,17.56,0.0
00-0035156,8227,Jack Fox,P,Lions,2022,4.0,2025.0,13.965,3.49125,5.895,0.017,3.975,0.012,1.1,2.875
00-0037663,10071,Jermaine Johnson II,ED,TEN/NYJ,2022,4.0,2025.0,13.087444,3.271861,13.087444,0.016,13.411,0.039,13.411,0.0
00-0037743,10076,Daxton Hill,CB,Bengals,2022,4.0,2025.0,11.667018,2.916755,11.667018,0.013999999999999999,12.682,0.04,12.682,0.0
00-0038106,10161,Eyioma Uwazurike,IDL,Broncos,2022,4.0,2025.0,4.425872,1.106468,0.765872,0.005,1.145,0.004,0.0,1.145
00-0033281,5600,Marlon Humphrey,CB,Ravens,2020,5.0,2024.0,97.5,19.5,39.957407,0.098,26.276,0.084,22.9477,3.3282999999999987
